#! /c/Source/iverilog-install/bin/vvp
:ivl_version "12.0 (devel)" "(s20150603-1539-g2693dd32b)";
:ivl_delay_selection "TYPICAL";
:vpi_time_precision - 12;
:vpi_module "C:\iverilog\lib\ivl\system.vpi";
:vpi_module "C:\iverilog\lib\ivl\vhdl_sys.vpi";
:vpi_module "C:\iverilog\lib\ivl\vhdl_textio.vpi";
:vpi_module "C:\iverilog\lib\ivl\v2005_math.vpi";
:vpi_module "C:\iverilog\lib\ivl\va_math.vpi";
:vpi_module "C:\iverilog\lib\ivl\v2009.vpi";
S_000001ec349d80f0 .scope package, "$unit" "$unit" 2 1;
 .timescale 0 0;
S_000001ec34a2ac00 .scope module, "tb" "tb" 3 3;
 .timescale -9 -12;
v000001ec34d1bbf0_0 .var "clk", 0 0;
v000001ec34d1ae30_0 .var/i "cycle", 31 0;
v000001ec34d1c370_0 .var "rst", 0 0;
S_000001ec34c58df0 .scope module, "dut" "top" 3 8, 4 71 0, S_000001ec34a2ac00;
 .timescale -9 -12;
    .port_info 0 /INPUT 1 "clk";
    .port_info 1 /INPUT 1 "rst";
v000001ec34d1abb0_0 .net "MemRead", 0 0, L_000001ec34c42520;  1 drivers
v000001ec34d1c5f0_0 .net "MemWrite", 0 0, L_000001ec34c424b0;  1 drivers
v000001ec34d1b650_0 .net "SystolicOp", 1 0, L_000001ec34c41b80;  1 drivers
v000001ec34d1bb50_0 .net "SystolicOpEarly", 1 0, L_000001ec34c41480;  1 drivers
v000001ec34d1c730_0 .net "SystolicRead", 0 0, L_000001ec34d1c870;  1 drivers
v000001ec34d1ac50_0 .net "SystolicStart", 0 0, L_000001ec34d1b5b0;  1 drivers
L_000001ec34d220c8 .functor BUFT 1, C4<01>, C4<0>, C4<0>, C4<0>;
v000001ec34d1a570_0 .net/2u *"_ivl_0", 1 0, L_000001ec34d220c8;  1 drivers
L_000001ec34d22110 .functor BUFT 1, C4<10>, C4<0>, C4<0>, C4<0>;
v000001ec34d1b6f0_0 .net/2u *"_ivl_4", 1 0, L_000001ec34d22110;  1 drivers
v000001ec34d1a610_0 .net "address", 31 0, L_000001ec34c423d0;  1 drivers
v000001ec34d1acf0_0 .net "clk", 0 0, v000001ec34d1bbf0_0;  1 drivers
v000001ec34d1b3d0_0 .net "mem_pc", 31 0, v000001ec34cff550_0;  1 drivers
v000001ec34d1b150_0 .net "read_data", 31 0, v000001ec34c92240_0;  1 drivers
v000001ec34d1aed0_0 .net "result_index", 4 0, L_000001ec34d1a750;  1 drivers
v000001ec34d1bfb0_0 .net "rst", 0 0, v000001ec34d1c370_0;  1 drivers
v000001ec34d1bab0_0 .net "stall", 0 0, L_000001ec34c42910;  1 drivers
v000001ec34d1b0b0_0 .net "systolic_busy", 0 0, L_000001ec34c42210;  1 drivers
v000001ec34d1ad90_0 .net "systolic_read_data", 31 0, L_000001ec34d20d30;  1 drivers
v000001ec34d1c410_0 .net "write_data", 31 0, L_000001ec34c42440;  1 drivers
L_000001ec34d1b5b0 .cmp/eq 2, L_000001ec34c41480, L_000001ec34d220c8;
L_000001ec34d1c870 .cmp/eq 2, L_000001ec34c41b80, L_000001ec34d22110;
S_000001ec34c6d1e0 .scope module, "memory_subsystem_inst" "memory_subsystem" 4 142, 5 236 0, S_000001ec34c58df0;
 .timescale -9 -12;
    .port_info 0 /INPUT 1 "clk";
    .port_info 1 /INPUT 1 "rst";
    .port_info 2 /INPUT 1 "MemRead";
    .port_info 3 /INPUT 1 "MemWrite";
    .port_info 4 /INPUT 32 "address";
    .port_info 5 /INPUT 32 "pc";
    .port_info 6 /INPUT 1 "observe_enable";
    .port_info 7 /INPUT 32 "write_data";
    .port_info 8 /OUTPUT 32 "read_data";
    .port_info 9 /OUTPUT 1 "stall";
L_000001ec34c42750 .functor OR 1, v000001ec34ce2190_0, v000001ec34ce1650_0, C4<0>, C4<0>;
v000001ec34ce3950_0 .net "MemRead", 0 0, L_000001ec34c42520;  alias, 1 drivers
v000001ec34ce34f0_0 .net "MemWrite", 0 0, L_000001ec34c424b0;  alias, 1 drivers
v000001ec34ce29b0_0 .net "address", 31 0, L_000001ec34c423d0;  alias, 1 drivers
v000001ec34ce39f0_0 .net "cache_busy_ic", 0 0, v000001ec34ce2370_0;  1 drivers
v000001ec34ce3b30_0 .net "cache_hit", 0 0, L_000001ec34c41a30;  1 drivers
v000001ec34ce3630_0 .net "cache_miss", 0 0, L_000001ec34c42b40;  1 drivers
v000001ec34ce2a50_0 .net "cache_read_done", 0 0, v000001ec34ce2190_0;  1 drivers
v000001ec34ce3bd0_0 .net "cache_read_req", 0 0, v000001ec34cde910_0;  1 drivers
v000001ec34ce3c70_0 .net "cache_req_addr", 31 0, v000001ec34cde9b0_0;  1 drivers
v000001ec34ce3db0_0 .net "cache_req_data", 31 0, v000001ec34cdeaf0_0;  1 drivers
v000001ec34ce3ef0_0 .net "cache_req_strb", 3 0, v000001ec34c92380_0;  1 drivers
v000001ec34ce2af0_0 .net "cache_resp_data", 31 0, v000001ec34ce1790_0;  1 drivers
v000001ec34ce2e10_0 .net "cache_resp_done", 0 0, L_000001ec34c42750;  1 drivers
v000001ec34ce31d0_0 .net "cache_write_done", 0 0, v000001ec34ce1650_0;  1 drivers
v000001ec34cfb2c0_0 .net "cache_write_req", 0 0, v000001ec34c935a0_0;  1 drivers
v000001ec34cfbcc0_0 .net "clk", 0 0, v000001ec34d1bbf0_0;  alias, 1 drivers
v000001ec34cfc1c0_0 .net "hit_way0", 0 0, L_000001ec34c429f0;  1 drivers
v000001ec34cfb900_0 .net "hit_way1", 0 0, L_000001ec34c420c0;  1 drivers
v000001ec34cfaf00_0 .net "ic_master_read_addr", 31 0, v000001ec34ce02f0_0;  1 drivers
v000001ec34cfbae0_0 .net "ic_master_read_addr_ready", 0 0, v000001ec34c45fc0_0;  1 drivers
v000001ec34cfb9a0_0 .net "ic_master_read_addr_valid", 0 0, v000001ec34ce0b10_0;  1 drivers
v000001ec34cfac80_0 .net "ic_master_read_data", 31 0, v000001ec34c46f60_0;  1 drivers
v000001ec34cfbd60_0 .net "ic_master_read_data_ready", 0 0, v000001ec34ce13d0_0;  1 drivers
v000001ec34cfa8c0_0 .net "ic_master_read_data_valid", 0 0, v000001ec34c467e0_0;  1 drivers
v000001ec34cfa460_0 .net "ic_master_read_resp", 1 0, v000001ec34c466a0_0;  1 drivers
v000001ec34cfbf40_0 .net "ic_master_write_addr", 31 0, v000001ec34ce25f0_0;  1 drivers
v000001ec34cfc800_0 .net "ic_master_write_addr_ready", 0 0, v000001ec34c45b60_0;  1 drivers
v000001ec34cfbc20_0 .net "ic_master_write_addr_valid", 0 0, v000001ec34ce2410_0;  1 drivers
v000001ec34cfa820_0 .net "ic_master_write_data", 31 0, v000001ec34ce0890_0;  1 drivers
v000001ec34cfbe00_0 .net "ic_master_write_data_ready", 0 0, v000001ec34c46060_0;  1 drivers
v000001ec34cfc620_0 .net "ic_master_write_data_valid", 0 0, v000001ec34ce24b0_0;  1 drivers
v000001ec34cfb860_0 .net "ic_master_write_resp", 1 0, v000001ec34c45980_0;  1 drivers
v000001ec34cfc260_0 .net "ic_master_write_resp_ready", 0 0, v000001ec34ce1dd0_0;  1 drivers
v000001ec34cfad20_0 .net "ic_master_write_resp_valid", 0 0, v000001ec34c461a0_0;  1 drivers
v000001ec34cfc080_0 .net "ic_master_write_strb", 3 0, v000001ec34ce1e70_0;  1 drivers
v000001ec34cfbb80_0 .net "mem_slave_read_addr", 31 0, v000001ec34c47320_0;  1 drivers
v000001ec34cfb400_0 .net "mem_slave_read_addr_ready", 0 0, v000001ec34ce1830_0;  1 drivers
v000001ec34cfc300_0 .net "mem_slave_read_addr_valid", 0 0, v000001ec34c45c00_0;  1 drivers
v000001ec34cfa960_0 .net "mem_slave_read_data", 31 0, v000001ec34ce18d0_0;  1 drivers
v000001ec34cfc580_0 .net "mem_slave_read_data_ready", 0 0, v000001ec34c470a0_0;  1 drivers
v000001ec34cfb5e0_0 .net "mem_slave_read_data_valid", 0 0, v000001ec34ce3270_0;  1 drivers
v000001ec34cfb680_0 .net "mem_slave_read_resp", 1 0, v000001ec34ce3770_0;  1 drivers
v000001ec34cfa500_0 .net "mem_slave_write_addr", 31 0, v000001ec34c45ca0_0;  1 drivers
v000001ec34cfba40_0 .net "mem_slave_write_addr_ready", 0 0, v000001ec34ce3450_0;  1 drivers
v000001ec34cfab40_0 .net "mem_slave_write_addr_valid", 0 0, v000001ec34c46740_0;  1 drivers
v000001ec34cfa5a0_0 .net "mem_slave_write_data", 31 0, v000001ec34c46920_0;  1 drivers
v000001ec34cfc6c0_0 .net "mem_slave_write_data_ready", 0 0, v000001ec34ce3e50_0;  1 drivers
v000001ec34cfc3a0_0 .net "mem_slave_write_data_valid", 0 0, v000001ec34c46b00_0;  1 drivers
v000001ec34cfb0e0_0 .net "mem_slave_write_resp", 1 0, v000001ec34ce2f50_0;  1 drivers
v000001ec34cfadc0_0 .net "mem_slave_write_resp_ready", 0 0, v000001ec34c46ce0_0;  1 drivers
v000001ec34cfc760_0 .net "mem_slave_write_resp_valid", 0 0, v000001ec34ce3090_0;  1 drivers
v000001ec34cfbfe0_0 .net "mem_slave_write_strb", 3 0, v000001ec34c46ec0_0;  1 drivers
v000001ec34cfa1e0_0 .net "memory_busy", 0 0, L_000001ec34d1fe30;  1 drivers
v000001ec34cfa6e0_0 .net "observe_enable", 0 0, L_000001ec34c42520;  alias, 1 drivers
v000001ec34cfc120_0 .net "pc", 31 0, v000001ec34cff550_0;  alias, 1 drivers
v000001ec34cfbea0_0 .net "read_data", 31 0, v000001ec34c92240_0;  alias, 1 drivers
v000001ec34cfc440_0 .net "rst", 0 0, v000001ec34d1c370_0;  alias, 1 drivers
v000001ec34cfa640_0 .net "stall", 0 0, L_000001ec34c42910;  alias, 1 drivers
v000001ec34cfb180_0 .net "write_data", 31 0, L_000001ec34c42440;  alias, 1 drivers
S_000001ec34908fd0 .scope module, "axi_interconnect_inst" "axi_interconnect" 5 397, 6 1 0, S_000001ec34c6d1e0;
 .timescale -9 -12;
    .port_info 0 /INPUT 1 "clk";
    .port_info 1 /INPUT 1 "rst";
    .port_info 2 /INPUT 32 "master_read_addr";
    .port_info 3 /INPUT 1 "master_read_addr_valid";
    .port_info 4 /OUTPUT 1 "master_read_addr_ready";
    .port_info 5 /OUTPUT 32 "master_read_data";
    .port_info 6 /OUTPUT 2 "master_read_resp";
    .port_info 7 /OUTPUT 1 "master_read_data_valid";
    .port_info 8 /INPUT 1 "master_read_data_ready";
    .port_info 9 /INPUT 32 "master_write_addr";
    .port_info 10 /INPUT 1 "master_write_addr_valid";
    .port_info 11 /OUTPUT 1 "master_write_addr_ready";
    .port_info 12 /INPUT 32 "master_write_data";
    .port_info 13 /INPUT 4 "master_write_strb";
    .port_info 14 /INPUT 1 "master_write_data_valid";
    .port_info 15 /OUTPUT 1 "master_write_data_ready";
    .port_info 16 /OUTPUT 2 "master_write_resp";
    .port_info 17 /OUTPUT 1 "master_write_resp_valid";
    .port_info 18 /INPUT 1 "master_write_resp_ready";
    .port_info 19 /OUTPUT 32 "mem_read_addr";
    .port_info 20 /OUTPUT 1 "mem_read_addr_valid";
    .port_info 21 /INPUT 1 "mem_read_addr_ready";
    .port_info 22 /INPUT 32 "mem_read_data";
    .port_info 23 /INPUT 2 "mem_read_resp";
    .port_info 24 /INPUT 1 "mem_read_data_valid";
    .port_info 25 /OUTPUT 1 "mem_read_data_ready";
    .port_info 26 /OUTPUT 32 "mem_write_addr";
    .port_info 27 /OUTPUT 1 "mem_write_addr_valid";
    .port_info 28 /INPUT 1 "mem_write_addr_ready";
    .port_info 29 /OUTPUT 32 "mem_write_data";
    .port_info 30 /OUTPUT 4 "mem_write_strb";
    .port_info 31 /OUTPUT 1 "mem_write_data_valid";
    .port_info 32 /INPUT 1 "mem_write_data_ready";
    .port_info 33 /INPUT 2 "mem_write_resp";
    .port_info 34 /INPUT 1 "mem_write_resp_valid";
    .port_info 35 /OUTPUT 1 "mem_write_resp_ready";
v000001ec34c462e0_0 .net "clk", 0 0, v000001ec34d1bbf0_0;  alias, 1 drivers
v000001ec34c47140_0 .net "master_read_addr", 31 0, v000001ec34ce02f0_0;  alias, 1 drivers
v000001ec34c45fc0_0 .var "master_read_addr_ready", 0 0;
v000001ec34c46a60_0 .net "master_read_addr_valid", 0 0, v000001ec34ce0b10_0;  alias, 1 drivers
v000001ec34c46f60_0 .var "master_read_data", 31 0;
v000001ec34c45660_0 .net "master_read_data_ready", 0 0, v000001ec34ce13d0_0;  alias, 1 drivers
v000001ec34c467e0_0 .var "master_read_data_valid", 0 0;
v000001ec34c466a0_0 .var "master_read_resp", 1 0;
v000001ec34c46600_0 .net "master_write_addr", 31 0, v000001ec34ce25f0_0;  alias, 1 drivers
v000001ec34c45b60_0 .var "master_write_addr_ready", 0 0;
v000001ec34c473c0_0 .net "master_write_addr_valid", 0 0, v000001ec34ce2410_0;  alias, 1 drivers
v000001ec34c457a0_0 .net "master_write_data", 31 0, v000001ec34ce0890_0;  alias, 1 drivers
v000001ec34c46060_0 .var "master_write_data_ready", 0 0;
v000001ec34c46100_0 .net "master_write_data_valid", 0 0, v000001ec34ce24b0_0;  alias, 1 drivers
v000001ec34c45980_0 .var "master_write_resp", 1 0;
v000001ec34c46380_0 .net "master_write_resp_ready", 0 0, v000001ec34ce1dd0_0;  alias, 1 drivers
v000001ec34c461a0_0 .var "master_write_resp_valid", 0 0;
v000001ec34c46420_0 .net "master_write_strb", 3 0, v000001ec34ce1e70_0;  alias, 1 drivers
v000001ec34c47320_0 .var "mem_read_addr", 31 0;
v000001ec34c47000_0 .net "mem_read_addr_ready", 0 0, v000001ec34ce1830_0;  alias, 1 drivers
v000001ec34c45c00_0 .var "mem_read_addr_valid", 0 0;
v000001ec34c464c0_0 .net "mem_read_data", 31 0, v000001ec34ce18d0_0;  alias, 1 drivers
v000001ec34c470a0_0 .var "mem_read_data_ready", 0 0;
v000001ec34c46560_0 .net "mem_read_data_valid", 0 0, v000001ec34ce3270_0;  alias, 1 drivers
v000001ec34c46d80_0 .net "mem_read_resp", 1 0, v000001ec34ce3770_0;  alias, 1 drivers
v000001ec34c45ca0_0 .var "mem_write_addr", 31 0;
v000001ec34c45d40_0 .net "mem_write_addr_ready", 0 0, v000001ec34ce3450_0;  alias, 1 drivers
v000001ec34c46740_0 .var "mem_write_addr_valid", 0 0;
v000001ec34c46920_0 .var "mem_write_data", 31 0;
v000001ec34c469c0_0 .net "mem_write_data_ready", 0 0, v000001ec34ce3e50_0;  alias, 1 drivers
v000001ec34c46b00_0 .var "mem_write_data_valid", 0 0;
v000001ec34c46c40_0 .net "mem_write_resp", 1 0, v000001ec34ce2f50_0;  alias, 1 drivers
v000001ec34c46ce0_0 .var "mem_write_resp_ready", 0 0;
v000001ec34c46e20_0 .net "mem_write_resp_valid", 0 0, v000001ec34ce3090_0;  alias, 1 drivers
v000001ec34c46ec0_0 .var "mem_write_strb", 3 0;
v000001ec34c471e0_0 .net "rst", 0 0, v000001ec34d1c370_0;  alias, 1 drivers
E_000001ec34bca8e0 .event posedge, v000001ec34c471e0_0, v000001ec34c462e0_0;
S_000001ec349a0e50 .scope module, "cache_inst" "cache_controller" 5 330, 7 1587 0, S_000001ec34c6d1e0;
 .timescale -9 -12;
    .port_info 0 /INPUT 1 "clk";
    .port_info 1 /INPUT 1 "rst";
    .port_info 2 /INPUT 32 "pc";
    .port_info 3 /INPUT 1 "observe_enable";
    .port_info 4 /INPUT 1 "MemRead";
    .port_info 5 /INPUT 1 "MemWrite";
    .port_info 6 /INPUT 32 "address";
    .port_info 7 /INPUT 32 "write_data";
    .port_info 8 /OUTPUT 32 "read_data";
    .port_info 9 /OUTPUT 1 "cache_hit";
    .port_info 10 /OUTPUT 1 "hit_way0";
    .port_info 11 /OUTPUT 1 "hit_way1";
    .port_info 12 /OUTPUT 1 "miss";
    .port_info 13 /OUTPUT 1 "cache_stall";
    .port_info 14 /OUTPUT 1 "cache_read_req";
    .port_info 15 /OUTPUT 1 "cache_write_req";
    .port_info 16 /OUTPUT 32 "cache_req_addr";
    .port_info 17 /OUTPUT 32 "cache_req_data";
    .port_info 18 /OUTPUT 4 "cache_req_strb";
    .port_info 19 /INPUT 32 "cache_resp_data";
    .port_info 20 /INPUT 1 "cache_resp_done";
P_000001ec34c57a90 .param/l "ALLOCATE" 0 7 1622, C4<10>;
P_000001ec34c57ac8 .param/l "FILL" 0 7 1623, C4<11>;
P_000001ec34c57b00 .param/l "IDLE" 0 7 1620, C4<00>;
P_000001ec34c57b38 .param/l "WRITE_BACK" 0 7 1621, C4<01>;
L_000001ec34c41640 .functor OR 1, L_000001ec34c42520, L_000001ec34c424b0, C4<0>, C4<0>;
L_000001ec34c427c0 .functor AND 1, L_000001ec34c41640, L_000001ec34d1ff70, C4<1>, C4<1>;
L_000001ec34c41bf0 .functor AND 1, L_000001ec34c427c0, L_000001ec34d1f1b0, C4<1>, C4<1>;
L_000001ec34c41170 .functor OR 1, L_000001ec34c42520, L_000001ec34c424b0, C4<0>, C4<0>;
L_000001ec34c42d00 .functor OR 1, L_000001ec34c42520, L_000001ec34c424b0, C4<0>, C4<0>;
L_000001ec34c41c60 .functor AND 1, L_000001ec34c42d00, L_000001ec34d1f6b0, C4<1>, C4<1>;
L_000001ec34c42b40 .functor AND 1, L_000001ec34c41c60, L_000001ec34d20010, C4<1>, C4<1>;
L_000001ec34c42910 .functor OR 1, L_000001ec34d1f930, L_000001ec34c42b40, C4<0>, C4<0>;
L_000001ec34c429f0 .functor AND 1, L_000001ec34d1f7f0, L_000001ec34d20fb0, C4<1>, C4<1>;
L_000001ec34c420c0 .functor AND 1, L_000001ec34d1fed0, L_000001ec34d20970, C4<1>, C4<1>;
L_000001ec34c41a30 .functor OR 1, L_000001ec34c429f0, L_000001ec34c420c0, C4<0>, C4<0>;
L_000001ec34c42280 .functor AND 1, L_000001ec34c424b0, L_000001ec34c429f0, C4<1>, C4<1>;
L_000001ec34c42a60 .functor AND 1, L_000001ec34c424b0, L_000001ec34c420c0, C4<1>, C4<1>;
L_000001ec34c411e0 .functor OR 1, L_000001ec34c42280, L_000001ec34c42a60, C4<0>, C4<0>;
L_000001ec34c41aa0 .functor NOT 1, L_000001ec34d1f7f0, C4<0>, C4<0>, C4<0>;
L_000001ec34c414f0 .functor NOT 1, L_000001ec34d1fed0, C4<0>, C4<0>, C4<0>;
L_000001ec34c416b0 .functor NOT 1, L_000001ec34c414f0, C4<0>, C4<0>, C4<0>;
L_000001ec34d23040 .functor BUFT 1, C4<0>, C4<0>, C4<0>, C4<0>;
L_000001ec34c415d0 .functor XNOR 1, L_000001ec34c43550, L_000001ec34d23040, C4<0>, C4<0>;
L_000001ec34c42ad0 .functor AND 1, L_000001ec34c416b0, L_000001ec34c415d0, C4<1>, C4<1>;
L_000001ec34c41250 .functor OR 1, L_000001ec34c41aa0, L_000001ec34c42ad0, C4<0>, C4<0>;
L_000001ec34c41330 .functor NOT 1, L_000001ec34c41aa0, C4<0>, C4<0>, C4<0>;
L_000001ec34c41720 .functor AND 1, L_000001ec34c41330, L_000001ec34c414f0, C4<1>, C4<1>;
L_000001ec34c413a0 .functor NOT 1, L_000001ec34c41aa0, C4<0>, C4<0>, C4<0>;
L_000001ec34c41410 .functor NOT 1, L_000001ec34c414f0, C4<0>, C4<0>, C4<0>;
L_000001ec34c43a20 .functor AND 1, L_000001ec34c413a0, L_000001ec34c41410, C4<1>, C4<1>;
L_000001ec34d23088 .functor BUFT 1, C4<1>, C4<0>, C4<0>, C4<0>;
L_000001ec34c43e80 .functor XNOR 1, L_000001ec34c43550, L_000001ec34d23088, C4<0>, C4<0>;
L_000001ec34c43da0 .functor AND 1, L_000001ec34c43a20, L_000001ec34c43e80, C4<1>, C4<1>;
L_000001ec34c44270 .functor OR 1, L_000001ec34c41720, L_000001ec34c43da0, C4<0>, C4<0>;
L_000001ec34c434e0 .functor AND 1, L_000001ec34d20bf0, L_000001ec34c41250, C4<1>, C4<1>;
L_000001ec34c43a90 .functor AND 1, L_000001ec34d20bf0, L_000001ec34c44270, C4<1>, C4<1>;
L_000001ec34c44900 .functor OR 1, L_000001ec34c42280, L_000001ec34c434e0, C4<0>, C4<0>;
L_000001ec34c432b0 .functor OR 1, L_000001ec34c42a60, L_000001ec34c43a90, C4<0>, C4<0>;
L_000001ec34c43c50 .functor OR 1, L_000001ec34c411e0, L_000001ec34d20bf0, C4<0>, C4<0>;
L_000001ec34c44890 .functor OR 1, L_000001ec34c41250, L_000001ec34c42280, C4<0>, C4<0>;
L_000001ec34c43160 .functor OR 1, L_000001ec34c44270, L_000001ec34c42a60, C4<0>, C4<0>;
L_000001ec34c43fd0 .functor AND 1, L_000001ec34c41250, L_000001ec34d1f7f0, C4<1>, C4<1>;
L_000001ec34c44510 .functor AND 1, L_000001ec34c43fd0, L_000001ec34d1f610, C4<1>, C4<1>;
L_000001ec34c44740 .functor OR 1, v000001ec34c92060_0, v000001ec34c92ce0_0, C4<0>, C4<0>;
L_000001ec34c442e0 .functor AND 1, L_000001ec34c44510, L_000001ec34c44740, C4<1>, C4<1>;
L_000001ec34c43f60 .functor AND 1, L_000001ec34c44270, L_000001ec34d1fed0, C4<1>, C4<1>;
L_000001ec34c43710 .functor AND 1, L_000001ec34c43f60, L_000001ec34d20a10, C4<1>, C4<1>;
L_000001ec34c43080 .functor OR 1, v000001ec34c92060_0, v000001ec34c92ce0_0, C4<0>, C4<0>;
L_000001ec34c435c0 .functor AND 1, L_000001ec34c43710, L_000001ec34c43080, C4<1>, C4<1>;
v000001ec34b7ff10_0 .net "MemRead", 0 0, L_000001ec34c42520;  alias, 1 drivers
v000001ec34bbbe40_0 .net "MemWrite", 0 0, L_000001ec34c424b0;  alias, 1 drivers
v000001ec34bbb260_0 .net *"_ivl_1", 0 0, L_000001ec34c41640;  1 drivers
L_000001ec34d22f20 .functor BUFT 1, C4<1>, C4<0>, C4<0>, C4<0>;
v000001ec34bba400_0 .net/2u *"_ivl_100", 0 0, L_000001ec34d22f20;  1 drivers
L_000001ec34d22f68 .functor BUFT 1, C4<1>, C4<0>, C4<0>, C4<0>;
v000001ec34bbb9e0_0 .net/2u *"_ivl_102", 0 0, L_000001ec34d22f68;  1 drivers
v000001ec34bbbda0_0 .net *"_ivl_105", 21 0, L_000001ec34d1fcf0;  1 drivers
v000001ec34bba4a0_0 .net *"_ivl_106", 55 0, L_000001ec34d200b0;  1 drivers
L_000001ec34d22fb0 .functor BUFT 1, C4<1>, C4<0>, C4<0>, C4<0>;
v000001ec34bba5e0_0 .net/2u *"_ivl_108", 0 0, L_000001ec34d22fb0;  1 drivers
L_000001ec34d22ff8 .functor BUFT 1, C4<0>, C4<0>, C4<0>, C4<0>;
v000001ec34bba680_0 .net/2u *"_ivl_110", 0 0, L_000001ec34d22ff8;  1 drivers
v000001ec34bba7c0_0 .net *"_ivl_113", 21 0, L_000001ec34d208d0;  1 drivers
v000001ec34c1f0a0_0 .net *"_ivl_114", 55 0, L_000001ec34d201f0;  1 drivers
v000001ec34c1f640_0 .net *"_ivl_122", 0 0, L_000001ec34c416b0;  1 drivers
v000001ec34c1f6e0_0 .net/2u *"_ivl_124", 0 0, L_000001ec34d23040;  1 drivers
v000001ec34c1e560_0 .net *"_ivl_126", 0 0, L_000001ec34c415d0;  1 drivers
v000001ec34c1e060_0 .net *"_ivl_129", 0 0, L_000001ec34c42ad0;  1 drivers
v000001ec34c1f780_0 .net *"_ivl_13", 26 0, L_000001ec34d20650;  1 drivers
v000001ec34b62fb0_0 .net *"_ivl_132", 0 0, L_000001ec34c41330;  1 drivers
v000001ec34b63910_0 .net *"_ivl_135", 0 0, L_000001ec34c41720;  1 drivers
v000001ec34b63050_0 .net *"_ivl_136", 0 0, L_000001ec34c413a0;  1 drivers
v000001ec34b63550_0 .net *"_ivl_138", 0 0, L_000001ec34c41410;  1 drivers
L_000001ec34d22c98 .functor BUFT 1, C4<00000>, C4<0>, C4<0>, C4<0>;
v000001ec34c1da90_0 .net/2u *"_ivl_14", 4 0, L_000001ec34d22c98;  1 drivers
v000001ec34cdf130_0 .net *"_ivl_141", 0 0, L_000001ec34c43a20;  1 drivers
v000001ec34cdef50_0 .net/2u *"_ivl_142", 0 0, L_000001ec34d23088;  1 drivers
v000001ec34cdee10_0 .net *"_ivl_144", 0 0, L_000001ec34c43e80;  1 drivers
v000001ec34cdfdb0_0 .net *"_ivl_147", 0 0, L_000001ec34c43da0;  1 drivers
L_000001ec34d230d0 .functor BUFT 1, C4<00000000000000000000000000000000000000000000000000000000>, C4<0>, C4<0>, C4<0>;
v000001ec34cdeeb0_0 .net/2u *"_ivl_158", 55 0, L_000001ec34d230d0;  1 drivers
v000001ec34cdf1d0_0 .net *"_ivl_160", 55 0, L_000001ec34d210f0;  1 drivers
L_000001ec34d23118 .functor BUFT 1, C4<00000000000000000000000000000000000000000000000000000000>, C4<0>, C4<0>, C4<0>;
v000001ec34cdf770_0 .net/2u *"_ivl_164", 55 0, L_000001ec34d23118;  1 drivers
v000001ec34cdf270_0 .net *"_ivl_166", 55 0, L_000001ec34d214b0;  1 drivers
v000001ec34cdf8b0_0 .net *"_ivl_173", 0 0, L_000001ec34c44890;  1 drivers
L_000001ec34d23160 .functor BUFT 1, C4<1>, C4<0>, C4<0>, C4<0>;
v000001ec34cdfa90_0 .net/2u *"_ivl_174", 0 0, L_000001ec34d23160;  1 drivers
v000001ec34cde730_0 .net *"_ivl_177", 0 0, L_000001ec34c43160;  1 drivers
L_000001ec34d231a8 .functor BUFT 1, C4<0>, C4<0>, C4<0>, C4<0>;
v000001ec34cde7d0_0 .net/2u *"_ivl_178", 0 0, L_000001ec34d231a8;  1 drivers
L_000001ec34d22ce0 .functor BUFT 1, C4<00>, C4<0>, C4<0>, C4<0>;
v000001ec34cdeff0_0 .net/2u *"_ivl_18", 1 0, L_000001ec34d22ce0;  1 drivers
v000001ec34cdf310_0 .net *"_ivl_180", 0 0, L_000001ec34d20290;  1 drivers
v000001ec34cde4b0_0 .net *"_ivl_185", 0 0, L_000001ec34c43fd0;  1 drivers
v000001ec34cdf3b0_0 .net *"_ivl_187", 0 0, L_000001ec34c44510;  1 drivers
v000001ec34cdf450_0 .net *"_ivl_189", 0 0, L_000001ec34c44740;  1 drivers
v000001ec34cded70_0 .net *"_ivl_193", 0 0, L_000001ec34c43f60;  1 drivers
v000001ec34cde550_0 .net *"_ivl_195", 0 0, L_000001ec34c43710;  1 drivers
v000001ec34cdeb90_0 .net *"_ivl_197", 0 0, L_000001ec34c43080;  1 drivers
L_000001ec34d22c50 .functor BUFT 1, C4<00>, C4<0>, C4<0>, C4<0>;
v000001ec34cdfe50_0 .net/2u *"_ivl_2", 1 0, L_000001ec34d22c50;  1 drivers
v000001ec34cde5f0_0 .net *"_ivl_20", 0 0, L_000001ec34d20f10;  1 drivers
L_000001ec34d231f0 .functor BUFT 1, C4<00>, C4<0>, C4<0>, C4<0>;
v000001ec34cdf950_0 .net/2u *"_ivl_200", 1 0, L_000001ec34d231f0;  1 drivers
L_000001ec34d23238 .functor BUFT 1, C4<00>, C4<0>, C4<0>, C4<0>;
v000001ec34cdecd0_0 .net/2u *"_ivl_204", 1 0, L_000001ec34d23238;  1 drivers
v000001ec34cde690_0 .net *"_ivl_23", 0 0, L_000001ec34c41170;  1 drivers
v000001ec34cdf4f0_0 .net *"_ivl_24", 31 0, L_000001ec34d20b50;  1 drivers
v000001ec34cdec30_0 .net *"_ivl_26", 31 0, L_000001ec34d1fbb0;  1 drivers
v000001ec34cdf810_0 .net *"_ivl_33", 0 0, L_000001ec34d1f6b0;  1 drivers
v000001ec34cdfbd0_0 .net *"_ivl_35", 0 0, L_000001ec34c41c60;  1 drivers
L_000001ec34d22d28 .functor BUFT 1, C4<00>, C4<0>, C4<0>, C4<0>;
v000001ec34cdf590_0 .net/2u *"_ivl_36", 1 0, L_000001ec34d22d28;  1 drivers
v000001ec34cdf630_0 .net *"_ivl_38", 0 0, L_000001ec34d20010;  1 drivers
v000001ec34cdf6d0_0 .net *"_ivl_4", 0 0, L_000001ec34d1ff70;  1 drivers
L_000001ec34d22d70 .functor BUFT 1, C4<00>, C4<0>, C4<0>, C4<0>;
v000001ec34cdfef0_0 .net/2u *"_ivl_42", 1 0, L_000001ec34d22d70;  1 drivers
v000001ec34cdff90_0 .net *"_ivl_44", 0 0, L_000001ec34d1f930;  1 drivers
L_000001ec34d22db8 .functor BUFT 1, C4<11>, C4<0>, C4<0>, C4<0>;
v000001ec34cdf9f0_0 .net/2u *"_ivl_48", 1 0, L_000001ec34d22db8;  1 drivers
v000001ec34cdfb30_0 .net *"_ivl_7", 0 0, L_000001ec34c427c0;  1 drivers
v000001ec34cde190_0 .net *"_ivl_72", 0 0, L_000001ec34d20fb0;  1 drivers
v000001ec34cdfc70_0 .net *"_ivl_76", 0 0, L_000001ec34d20970;  1 drivers
L_000001ec34d22e00 .functor BUFT 1, C4<1>, C4<0>, C4<0>, C4<0>;
v000001ec34cdfd10_0 .net/2u *"_ivl_88", 0 0, L_000001ec34d22e00;  1 drivers
v000001ec34cde0f0_0 .net *"_ivl_9", 0 0, L_000001ec34d1f1b0;  1 drivers
L_000001ec34d22e48 .functor BUFT 1, C4<1>, C4<0>, C4<0>, C4<0>;
v000001ec34cdf090_0 .net/2u *"_ivl_90", 0 0, L_000001ec34d22e48;  1 drivers
L_000001ec34d22e90 .functor BUFT 1, C4<1>, C4<0>, C4<0>, C4<0>;
v000001ec34cde230_0 .net/2u *"_ivl_94", 0 0, L_000001ec34d22e90;  1 drivers
L_000001ec34d22ed8 .functor BUFT 1, C4<1>, C4<0>, C4<0>, C4<0>;
v000001ec34cde2d0_0 .net/2u *"_ivl_96", 0 0, L_000001ec34d22ed8;  1 drivers
v000001ec34cdea50_0 .net "active_address", 31 0, L_000001ec34d20830;  1 drivers
v000001ec34cde370_0 .net "address", 31 0, L_000001ec34c423d0;  alias, 1 drivers
v000001ec34cde410_0 .net "aligned_pref_addr", 31 0, L_000001ec34d20e70;  1 drivers
v000001ec34cde870_0 .net "cache_hit", 0 0, L_000001ec34c41a30;  alias, 1 drivers
v000001ec34cde910_0 .var "cache_read_req", 0 0;
v000001ec34cde9b0_0 .var "cache_req_addr", 31 0;
v000001ec34cdeaf0_0 .var "cache_req_data", 31 0;
v000001ec34c92380_0 .var "cache_req_strb", 3 0;
v000001ec34c93820_0 .net "cache_resp_data", 31 0, v000001ec34ce1790_0;  alias, 1 drivers
v000001ec34c93f00_0 .var "cache_resp_data_reg", 31 0;
v000001ec34c93640_0 .net "cache_resp_done", 0 0, L_000001ec34c42750;  alias, 1 drivers
v000001ec34c924c0_0 .net "cache_stall", 0 0, L_000001ec34c42910;  alias, 1 drivers
v000001ec34c935a0_0 .var "cache_write_req", 0 0;
v000001ec34c93dc0_0 .net "clk", 0 0, v000001ec34d1bbf0_0;  alias, 1 drivers
v000001ec34c93320_0 .net "compare_index", 7 0, L_000001ec34d1f570;  1 drivers
v000001ec34c93aa0_0 .net "compare_tag", 21 0, L_000001ec34d20ab0;  1 drivers
v000001ec34c931e0_0 .net "cpu_req", 0 0, L_000001ec34c42d00;  1 drivers
v000001ec34c93500_0 .net "data0", 31 0, L_000001ec34d20150;  1 drivers
v000001ec34c93b40_0 .net "data1", 31 0, L_000001ec34d21410;  1 drivers
v000001ec34c92100_0 .net "dirty0", 0 0, L_000001ec34d1f610;  1 drivers
v000001ec34c93280_0 .net "dirty1", 0 0, L_000001ec34d20a10;  1 drivers
v000001ec34c93140_0 .net "dirty_evict_way0", 0 0, L_000001ec34c442e0;  1 drivers
v000001ec34c92e20_0 .net "dirty_evict_way1", 0 0, L_000001ec34c435c0;  1 drivers
v000001ec34c921a0_0 .net "evict_addr_way0", 31 0, L_000001ec34d20330;  1 drivers
v000001ec34c92560_0 .net "evict_addr_way1", 31 0, L_000001ec34d1fd90;  1 drivers
v000001ec34c93be0_0 .net "fill_cache", 0 0, L_000001ec34d20bf0;  1 drivers
v000001ec34c92600_0 .net "fill_line", 55 0, L_000001ec34d21370;  1 drivers
v000001ec34c93e60_0 .net "fill_way0", 0 0, L_000001ec34c434e0;  1 drivers
v000001ec34c933c0_0 .net "fill_way1", 0 0, L_000001ec34c43a90;  1 drivers
v000001ec34c93460_0 .net "hit_way0", 0 0, L_000001ec34c429f0;  alias, 1 drivers
v000001ec34c93000_0 .net "hit_way1", 0 0, L_000001ec34c420c0;  alias, 1 drivers
v000001ec34c92d80_0 .var "is_prefetch", 0 0;
v000001ec34c92880_0 .net "lru_new_value", 0 0, L_000001ec34d1fa70;  1 drivers
v000001ec34c92ec0_0 .net "lru_value", 0 0, L_000001ec34c43550;  1 drivers
v000001ec34c93d20_0 .net "lru_write", 0 0, L_000001ec34c43c50;  1 drivers
v000001ec34c92f60_0 .net "miss", 0 0, L_000001ec34c42b40;  alias, 1 drivers
v000001ec34c92920_0 .var "next_state", 1 0;
v000001ec34c92420_0 .net "observe_enable", 0 0, L_000001ec34c42520;  alias, 1 drivers
v000001ec34c92a60_0 .net "pc", 31 0, v000001ec34cff550_0;  alias, 1 drivers
v000001ec34c93c80_0 .var "pending_address", 31 0;
v000001ec34c92060_0 .var "pending_memread", 0 0;
v000001ec34c92ce0_0 .var "pending_memwrite", 0 0;
v000001ec34c929c0_0 .var "pending_write_data", 31 0;
v000001ec34c92b00_0 .var "prefetch_accept", 0 0;
v000001ec34c930a0_0 .net "prefetch_address", 31 0, v000001ec34bf3dd0_0;  1 drivers
v000001ec34c936e0_0 .net "prefetch_valid", 0 0, v000001ec34bf3f10_0;  1 drivers
v000001ec34c92240_0 .var "read_data", 31 0;
v000001ec34c93780_0 .net "replace_way0", 0 0, L_000001ec34c41250;  1 drivers
v000001ec34c938c0_0 .net "replace_way1", 0 0, L_000001ec34c44270;  1 drivers
v000001ec34c93960_0 .var "request_trained", 0 0;
v000001ec34c92740_0 .net "rst", 0 0, v000001ec34d1c370_0;  alias, 1 drivers
v000001ec34c93a00_0 .var "state", 1 0;
v000001ec34c922e0_0 .net "tag0", 21 0, L_000001ec34d206f0;  1 drivers
v000001ec34c926a0_0 .net "tag1", 21 0, L_000001ec34d1fc50;  1 drivers
v000001ec34c927e0_0 .net "train_prefetch", 0 0, L_000001ec34c41bf0;  1 drivers
v000001ec34c92ba0_0 .net "valid0", 0 0, L_000001ec34d1f7f0;  1 drivers
v000001ec34c92c40_0 .net "valid1", 0 0, L_000001ec34d1fed0;  1 drivers
v000001ec34ce1a10_0 .net "way0_invalid", 0 0, L_000001ec34c41aa0;  1 drivers
v000001ec34ce0570_0 .net "way0_line", 55 0, L_000001ec34c44580;  1 drivers
v000001ec34ce1290_0 .net "way0_new_line", 55 0, L_000001ec34d1f250;  1 drivers
v000001ec34ce01b0_0 .net "way1_invalid", 0 0, L_000001ec34c414f0;  1 drivers
v000001ec34ce04d0_0 .net "way1_line", 55 0, L_000001ec34c44660;  1 drivers
v000001ec34ce15b0_0 .net "way1_new_line", 55 0, L_000001ec34d20c90;  1 drivers
v000001ec34ce2730_0 .net "write_data", 31 0, L_000001ec34c42440;  alias, 1 drivers
v000001ec34ce27d0_0 .net "write_hit", 0 0, L_000001ec34c411e0;  1 drivers
v000001ec34ce1bf0_0 .net "write_hit_line0", 55 0, L_000001ec34d21050;  1 drivers
v000001ec34ce1970_0 .net "write_hit_line1", 55 0, L_000001ec34d1f110;  1 drivers
v000001ec34ce1ab0_0 .net "write_hit_way0", 0 0, L_000001ec34c42280;  1 drivers
v000001ec34ce07f0_0 .net "write_hit_way1", 0 0, L_000001ec34c42a60;  1 drivers
v000001ec34ce0d90_0 .net "write_way0", 0 0, L_000001ec34c44900;  1 drivers
v000001ec34ce1c90_0 .net "write_way1", 0 0, L_000001ec34c432b0;  1 drivers
E_000001ec34bcaba0/0 .event anyedge, v000001ec34c93a00_0, v000001ec34c93140_0, v000001ec34c921a0_0, v000001ec34c93500_0;
E_000001ec34bcaba0/1 .event anyedge, v000001ec34c92560_0, v000001ec34c93b40_0, v000001ec34c93c80_0;
E_000001ec34bcaba0 .event/or E_000001ec34bcaba0/0, E_000001ec34bcaba0/1;
E_000001ec34bca4a0/0 .event anyedge, v000001ec34c92d80_0, v000001ec34c93a00_0, v000001ec34c93460_0, v000001ec34c93500_0;
E_000001ec34bca4a0/1 .event anyedge, v000001ec34c93000_0, v000001ec34c93b40_0;
E_000001ec34bca4a0 .event/or E_000001ec34bca4a0/0, E_000001ec34bca4a0/1;
E_000001ec34bcafa0/0 .event anyedge, v000001ec34c93a00_0, v000001ec34c92f60_0, v000001ec34c93140_0, v000001ec34c92e20_0;
E_000001ec34bcafa0/1 .event anyedge, v000001ec34b7f290_0, v000001ec34c93640_0;
E_000001ec34bcafa0 .event/or E_000001ec34bcafa0/0, E_000001ec34bcafa0/1;
L_000001ec34d1ff70 .cmp/eq 2, v000001ec34c93a00_0, L_000001ec34d22c50;
L_000001ec34d1f1b0 .reduce/nor v000001ec34c93960_0;
L_000001ec34d20650 .part v000001ec34bf3dd0_0, 5, 27;
L_000001ec34d20e70 .concat [ 5 27 0 0], L_000001ec34d22c98, L_000001ec34d20650;
L_000001ec34d20f10 .cmp/ne 2, v000001ec34c93a00_0, L_000001ec34d22ce0;
L_000001ec34d20b50 .functor MUXZ 32, L_000001ec34c423d0, L_000001ec34d20e70, v000001ec34bf3f10_0, C4<>;
L_000001ec34d1fbb0 .functor MUXZ 32, L_000001ec34d20b50, L_000001ec34c423d0, L_000001ec34c41170, C4<>;
L_000001ec34d20830 .functor MUXZ 32, L_000001ec34d1fbb0, v000001ec34c93c80_0, L_000001ec34d20f10, C4<>;
L_000001ec34d1f6b0 .reduce/nor L_000001ec34c41a30;
L_000001ec34d20010 .cmp/eq 2, v000001ec34c93a00_0, L_000001ec34d22d28;
L_000001ec34d1f930 .cmp/ne 2, v000001ec34c93a00_0, L_000001ec34d22d70;
L_000001ec34d20bf0 .cmp/eq 2, v000001ec34c93a00_0, L_000001ec34d22db8;
L_000001ec34d20ab0 .part L_000001ec34d20830, 10, 22;
L_000001ec34d1f570 .part L_000001ec34d20830, 2, 8;
L_000001ec34d1f7f0 .part L_000001ec34c44580, 55, 1;
L_000001ec34d1f610 .part L_000001ec34c44580, 54, 1;
L_000001ec34d206f0 .part L_000001ec34c44580, 32, 22;
L_000001ec34d20150 .part L_000001ec34c44580, 0, 32;
L_000001ec34d1fed0 .part L_000001ec34c44660, 55, 1;
L_000001ec34d20a10 .part L_000001ec34c44660, 54, 1;
L_000001ec34d1fc50 .part L_000001ec34c44660, 32, 22;
L_000001ec34d21410 .part L_000001ec34c44660, 0, 32;
L_000001ec34d20fb0 .cmp/eq 22, L_000001ec34d206f0, L_000001ec34d20ab0;
L_000001ec34d20970 .cmp/eq 22, L_000001ec34d1fc50, L_000001ec34d20ab0;
L_000001ec34d21050 .concat [ 32 22 1 1], L_000001ec34c42440, L_000001ec34d206f0, L_000001ec34d22e48, L_000001ec34d22e00;
L_000001ec34d1f110 .concat [ 32 22 1 1], L_000001ec34c42440, L_000001ec34d1fc50, L_000001ec34d22ed8, L_000001ec34d22e90;
L_000001ec34d1fcf0 .part v000001ec34c93c80_0, 10, 22;
L_000001ec34d200b0 .concat [ 32 22 1 1], v000001ec34c929c0_0, L_000001ec34d1fcf0, L_000001ec34d22f68, L_000001ec34d22f20;
L_000001ec34d208d0 .part v000001ec34c93c80_0, 10, 22;
L_000001ec34d201f0 .concat [ 32 22 1 1], v000001ec34c93f00_0, L_000001ec34d208d0, L_000001ec34d22ff8, L_000001ec34d22fb0;
L_000001ec34d21370 .functor MUXZ 56, L_000001ec34d201f0, L_000001ec34d200b0, v000001ec34c92ce0_0, C4<>;
L_000001ec34d210f0 .functor MUXZ 56, L_000001ec34d230d0, L_000001ec34d21370, L_000001ec34c434e0, C4<>;
L_000001ec34d1f250 .functor MUXZ 56, L_000001ec34d210f0, L_000001ec34d21050, L_000001ec34c42280, C4<>;
L_000001ec34d214b0 .functor MUXZ 56, L_000001ec34d23118, L_000001ec34d21370, L_000001ec34c43a90, C4<>;
L_000001ec34d20c90 .functor MUXZ 56, L_000001ec34d214b0, L_000001ec34d1f110, L_000001ec34c42a60, C4<>;
L_000001ec34d20290 .functor MUXZ 1, L_000001ec34c43550, L_000001ec34d231a8, L_000001ec34c43160, C4<>;
L_000001ec34d1fa70 .functor MUXZ 1, L_000001ec34d20290, L_000001ec34d23160, L_000001ec34c44890, C4<>;
L_000001ec34d20330 .concat [ 2 8 22 0], L_000001ec34d231f0, L_000001ec34d1f570, L_000001ec34d206f0;
L_000001ec34d1fd90 .concat [ 2 8 22 0], L_000001ec34d23238, L_000001ec34d1f570, L_000001ec34d1fc50;
S_000001ec3490f960 .scope module, "data_cache_inst" "data_cache" 7 1926, 8 6 0, S_000001ec349a0e50;
 .timescale -9 -12;
    .port_info 0 /INPUT 1 "clk";
    .port_info 1 /INPUT 1 "rst";
    .port_info 2 /INPUT 8 "index";
    .port_info 3 /INPUT 1 "write_way0";
    .port_info 4 /INPUT 1 "write_way1";
    .port_info 5 /INPUT 56 "way0_new_line";
    .port_info 6 /INPUT 56 "way1_new_line";
    .port_info 7 /OUTPUT 56 "way0_line";
    .port_info 8 /OUTPUT 56 "way1_line";
L_000001ec34c44580 .functor BUFZ 56, L_000001ec34d1f750, C4<00000000000000000000000000000000000000000000000000000000>, C4<00000000000000000000000000000000000000000000000000000000>, C4<00000000000000000000000000000000000000000000000000000000>;
L_000001ec34c44660 .functor BUFZ 56, L_000001ec34d205b0, C4<00000000000000000000000000000000000000000000000000000000>, C4<00000000000000000000000000000000000000000000000000000000>, C4<00000000000000000000000000000000000000000000000000000000>;
v000001ec34c47460_0 .net *"_ivl_0", 55 0, L_000001ec34d1f750;  1 drivers
v000001ec34c455c0_0 .net *"_ivl_10", 9 0, L_000001ec34d1fb10;  1 drivers
L_000001ec34d232c8 .functor BUFT 1, C4<00>, C4<0>, C4<0>, C4<0>;
v000001ec34c45840_0 .net *"_ivl_13", 1 0, L_000001ec34d232c8;  1 drivers
v000001ec34c458e0_0 .net *"_ivl_2", 9 0, L_000001ec34d21190;  1 drivers
L_000001ec34d23280 .functor BUFT 1, C4<00>, C4<0>, C4<0>, C4<0>;
v000001ec34bf21b0_0 .net *"_ivl_5", 1 0, L_000001ec34d23280;  1 drivers
v000001ec34bf3150_0 .net *"_ivl_8", 55 0, L_000001ec34d205b0;  1 drivers
v000001ec34bf30b0_0 .net "clk", 0 0, v000001ec34d1bbf0_0;  alias, 1 drivers
v000001ec34bf3650_0 .var/i "i", 31 0;
v000001ec34bf3e70_0 .net "index", 7 0, L_000001ec34d1f570;  alias, 1 drivers
v000001ec34bf26b0_0 .net "rst", 0 0, v000001ec34d1c370_0;  alias, 1 drivers
v000001ec34bf2890 .array "way0", 255 0, 55 0;
v000001ec34bf2bb0_0 .net "way0_line", 55 0, L_000001ec34c44580;  alias, 1 drivers
v000001ec34bf2d90_0 .net "way0_new_line", 55 0, L_000001ec34d1f250;  alias, 1 drivers
v000001ec34bf2750 .array "way1", 255 0, 55 0;
v000001ec34bf33d0_0 .net "way1_line", 55 0, L_000001ec34c44660;  alias, 1 drivers
v000001ec34bf3d30_0 .net "way1_new_line", 55 0, L_000001ec34d20c90;  alias, 1 drivers
v000001ec34bf2390_0 .net "write_way0", 0 0, L_000001ec34c44900;  alias, 1 drivers
v000001ec34bf3ab0_0 .net "write_way1", 0 0, L_000001ec34c432b0;  alias, 1 drivers
E_000001ec34bcb0a0 .event posedge, v000001ec34c462e0_0;
L_000001ec34d1f750 .array/port v000001ec34bf2890, L_000001ec34d21190;
L_000001ec34d21190 .concat [ 8 2 0 0], L_000001ec34d1f570, L_000001ec34d23280;
L_000001ec34d205b0 .array/port v000001ec34bf2750, L_000001ec34d1fb10;
L_000001ec34d1fb10 .concat [ 8 2 0 0], L_000001ec34d1f570, L_000001ec34d232c8;
S_000001ec3490faf0 .scope module, "lru_memory_inst" "lru_memory" 7 1938, 9 1 0, S_000001ec349a0e50;
 .timescale -9 -12;
    .port_info 0 /INPUT 1 "clk";
    .port_info 1 /INPUT 1 "rst";
    .port_info 2 /INPUT 8 "index";
    .port_info 3 /INPUT 1 "lru_write";
    .port_info 4 /INPUT 1 "lru_new_value";
    .port_info 5 /OUTPUT 1 "lru_value";
L_000001ec34c43550 .functor BUFZ 1, L_000001ec34d20470, C4<0>, C4<0>, C4<0>;
v000001ec34bf27f0_0 .net *"_ivl_0", 0 0, L_000001ec34d20470;  1 drivers
v000001ec34bf2930_0 .net *"_ivl_2", 9 0, L_000001ec34d21230;  1 drivers
L_000001ec34d23310 .functor BUFT 1, C4<00>, C4<0>, C4<0>, C4<0>;
v000001ec34bf3b50_0 .net *"_ivl_5", 1 0, L_000001ec34d23310;  1 drivers
v000001ec34bf31f0_0 .net "clk", 0 0, v000001ec34d1bbf0_0;  alias, 1 drivers
v000001ec34bf2ed0_0 .var/i "i", 31 0;
v000001ec34bf29d0_0 .net "index", 7 0, L_000001ec34d1f570;  alias, 1 drivers
v000001ec34bf2430 .array "lru", 255 0, 0 0;
v000001ec34bf2a70_0 .net "lru_new_value", 0 0, L_000001ec34d1fa70;  alias, 1 drivers
v000001ec34bf3970_0 .net "lru_value", 0 0, L_000001ec34c43550;  alias, 1 drivers
v000001ec34bf3510_0 .net "lru_write", 0 0, L_000001ec34c43c50;  alias, 1 drivers
v000001ec34bf2250_0 .net "rst", 0 0, v000001ec34d1c370_0;  alias, 1 drivers
L_000001ec34d20470 .array/port v000001ec34bf2430, L_000001ec34d21230;
L_000001ec34d21230 .concat [ 8 2 0 0], L_000001ec34d1f570, L_000001ec34d23310;
S_000001ec3493c680 .scope module, "prefetch_table_inst" "prefetch_table" 7 1657, 10 841 0, S_000001ec349a0e50;
 .timescale -9 -12;
    .port_info 0 /INPUT 1 "clk";
    .port_info 1 /INPUT 1 "rst";
    .port_info 2 /INPUT 1 "access_valid";
    .port_info 3 /INPUT 1 "observe_enable";
    .port_info 4 /INPUT 32 "pc";
    .port_info 5 /INPUT 32 "memory_address";
    .port_info 6 /INPUT 1 "prefetch_accept";
    .port_info 7 /OUTPUT 1 "prefetch_valid";
    .port_info 8 /OUTPUT 32 "prefetch_address";
P_000001ec349f1030 .param/l "ADDR_LSB" 1 10 886, +C4<00000000000000000000000000001111>;
P_000001ec349f1068 .param/l "ADDR_MSB" 1 10 885, +C4<00000000000000000000000000101110>;
P_000001ec349f10a0 .param/l "CONF_0" 1 10 895, C4<00>;
P_000001ec349f10d8 .param/l "CONF_1" 1 10 896, C4<01>;
P_000001ec349f1110 .param/l "CONF_2" 1 10 897, C4<10>;
P_000001ec349f1148 .param/l "CONF_3" 1 10 898, C4<11>;
P_000001ec349f1180 .param/l "CONF_LSB" 1 10 890, +C4<00000000000000000000000000000001>;
P_000001ec349f11b8 .param/l "CONF_MSB" 1 10 889, +C4<00000000000000000000000000000010>;
P_000001ec349f11f0 .param/l "PC_LSB" 1 10 884, +C4<00000000000000000000000000101111>;
P_000001ec349f1228 .param/l "PC_MSB" 1 10 883, +C4<00000000000000000000000001001110>;
P_000001ec349f1260 .param/l "STRIDE_LSB" 1 10 888, +C4<00000000000000000000000000000011>;
P_000001ec349f1298 .param/l "STRIDE_MSB" 1 10 887, +C4<00000000000000000000000000001110>;
P_000001ec349f12d0 .param/l "TABLE_SIZE" 1 10 892, +C4<00000000000000000000000000100000>;
P_000001ec349f1308 .param/l "VALID_BIT" 1 10 882, +C4<00000000000000000000000001001111>;
v000001ec34bf3c90_0 .net "access_valid", 0 0, L_000001ec34c41bf0;  alias, 1 drivers
v000001ec34bf2b10_0 .var/s "addr_diff", 31 0;
v000001ec34bf3330_0 .net "clk", 0 0, v000001ec34d1bbf0_0;  alias, 1 drivers
v000001ec34bf2c50_0 .var/i "i", 31 0;
v000001ec34bf36f0_0 .net "index", 4 0, L_000001ec34d203d0;  1 drivers
v000001ec34bf3a10_0 .net "memory_address", 31 0, L_000001ec34c423d0;  alias, 1 drivers
v000001ec34bf3470_0 .var/s "new_stride", 11 0;
v000001ec34bf3bf0_0 .var "next_pred", 31 0;
v000001ec34bf3790_0 .net "observe_enable", 0 0, L_000001ec34c42520;  alias, 1 drivers
v000001ec34bf2cf0_0 .net "pc", 31 0, v000001ec34cff550_0;  alias, 1 drivers
v000001ec34bf3dd0_0 .var "pending_addr", 31 0;
v000001ec34bf3f10_0 .var "pending_valid", 0 0;
v000001ec34b7fa10_0 .net "prefetch_accept", 0 0, v000001ec34c92b00_0;  1 drivers
v000001ec34b7e390_0 .net "prefetch_address", 31 0, v000001ec34bf3dd0_0;  alias, 1 drivers
v000001ec34b7e7f0 .array "prefetch_table", 31 0, 79 0;
v000001ec34b7f290_0 .net "prefetch_valid", 0 0, v000001ec34bf3f10_0;  alias, 1 drivers
v000001ec34b7f150_0 .net "rst", 0 0, v000001ec34d1c370_0;  alias, 1 drivers
v000001ec34b7f330_0 .var "sign_ext_stride", 31 0;
v000001ec34b7f650_0 .var "stride_match", 0 0;
v000001ec34b7ea70_0 .var "updated_conf", 1 0;
v000001ec34b7e7f0_0 .array/port v000001ec34b7e7f0, 0;
v000001ec34b7e7f0_1 .array/port v000001ec34b7e7f0, 1;
v000001ec34b7e7f0_2 .array/port v000001ec34b7e7f0, 2;
E_000001ec34bcac60/0 .event anyedge, v000001ec34bf36f0_0, v000001ec34b7e7f0_0, v000001ec34b7e7f0_1, v000001ec34b7e7f0_2;
v000001ec34b7e7f0_3 .array/port v000001ec34b7e7f0, 3;
v000001ec34b7e7f0_4 .array/port v000001ec34b7e7f0, 4;
v000001ec34b7e7f0_5 .array/port v000001ec34b7e7f0, 5;
v000001ec34b7e7f0_6 .array/port v000001ec34b7e7f0, 6;
E_000001ec34bcac60/1 .event anyedge, v000001ec34b7e7f0_3, v000001ec34b7e7f0_4, v000001ec34b7e7f0_5, v000001ec34b7e7f0_6;
v000001ec34b7e7f0_7 .array/port v000001ec34b7e7f0, 7;
v000001ec34b7e7f0_8 .array/port v000001ec34b7e7f0, 8;
v000001ec34b7e7f0_9 .array/port v000001ec34b7e7f0, 9;
v000001ec34b7e7f0_10 .array/port v000001ec34b7e7f0, 10;
E_000001ec34bcac60/2 .event anyedge, v000001ec34b7e7f0_7, v000001ec34b7e7f0_8, v000001ec34b7e7f0_9, v000001ec34b7e7f0_10;
v000001ec34b7e7f0_11 .array/port v000001ec34b7e7f0, 11;
v000001ec34b7e7f0_12 .array/port v000001ec34b7e7f0, 12;
v000001ec34b7e7f0_13 .array/port v000001ec34b7e7f0, 13;
v000001ec34b7e7f0_14 .array/port v000001ec34b7e7f0, 14;
E_000001ec34bcac60/3 .event anyedge, v000001ec34b7e7f0_11, v000001ec34b7e7f0_12, v000001ec34b7e7f0_13, v000001ec34b7e7f0_14;
v000001ec34b7e7f0_15 .array/port v000001ec34b7e7f0, 15;
v000001ec34b7e7f0_16 .array/port v000001ec34b7e7f0, 16;
v000001ec34b7e7f0_17 .array/port v000001ec34b7e7f0, 17;
v000001ec34b7e7f0_18 .array/port v000001ec34b7e7f0, 18;
E_000001ec34bcac60/4 .event anyedge, v000001ec34b7e7f0_15, v000001ec34b7e7f0_16, v000001ec34b7e7f0_17, v000001ec34b7e7f0_18;
v000001ec34b7e7f0_19 .array/port v000001ec34b7e7f0, 19;
v000001ec34b7e7f0_20 .array/port v000001ec34b7e7f0, 20;
v000001ec34b7e7f0_21 .array/port v000001ec34b7e7f0, 21;
v000001ec34b7e7f0_22 .array/port v000001ec34b7e7f0, 22;
E_000001ec34bcac60/5 .event anyedge, v000001ec34b7e7f0_19, v000001ec34b7e7f0_20, v000001ec34b7e7f0_21, v000001ec34b7e7f0_22;
v000001ec34b7e7f0_23 .array/port v000001ec34b7e7f0, 23;
v000001ec34b7e7f0_24 .array/port v000001ec34b7e7f0, 24;
v000001ec34b7e7f0_25 .array/port v000001ec34b7e7f0, 25;
v000001ec34b7e7f0_26 .array/port v000001ec34b7e7f0, 26;
E_000001ec34bcac60/6 .event anyedge, v000001ec34b7e7f0_23, v000001ec34b7e7f0_24, v000001ec34b7e7f0_25, v000001ec34b7e7f0_26;
v000001ec34b7e7f0_27 .array/port v000001ec34b7e7f0, 27;
v000001ec34b7e7f0_28 .array/port v000001ec34b7e7f0, 28;
v000001ec34b7e7f0_29 .array/port v000001ec34b7e7f0, 29;
v000001ec34b7e7f0_30 .array/port v000001ec34b7e7f0, 30;
E_000001ec34bcac60/7 .event anyedge, v000001ec34b7e7f0_27, v000001ec34b7e7f0_28, v000001ec34b7e7f0_29, v000001ec34b7e7f0_30;
v000001ec34b7e7f0_31 .array/port v000001ec34b7e7f0, 31;
E_000001ec34bcac60/8 .event anyedge, v000001ec34b7e7f0_31, v000001ec34bf3a10_0, v000001ec34bf2b10_0, v000001ec34bf3470_0;
E_000001ec34bcac60/9 .event anyedge, v000001ec34b7f330_0;
E_000001ec34bcac60 .event/or E_000001ec34bcac60/0, E_000001ec34bcac60/1, E_000001ec34bcac60/2, E_000001ec34bcac60/3, E_000001ec34bcac60/4, E_000001ec34bcac60/5, E_000001ec34bcac60/6, E_000001ec34bcac60/7, E_000001ec34bcac60/8, E_000001ec34bcac60/9;
L_000001ec34d203d0 .part v000001ec34cff550_0, 2, 5;
S_000001ec3493c810 .scope module, "interconnect_ctrl_inst" "interconnect_controller" 5 358, 11 318 0, S_000001ec34c6d1e0;
 .timescale -9 -12;
    .port_info 0 /INPUT 1 "clk";
    .port_info 1 /INPUT 1 "rst";
    .port_info 2 /INPUT 1 "cache_read_req";
    .port_info 3 /INPUT 1 "cache_write_req";
    .port_info 4 /INPUT 32 "cache_address";
    .port_info 5 /INPUT 32 "cache_write_data";
    .port_info 6 /INPUT 4 "cache_write_strb";
    .port_info 7 /OUTPUT 32 "cache_read_data";
    .port_info 8 /OUTPUT 1 "cache_read_done";
    .port_info 9 /OUTPUT 1 "cache_write_done";
    .port_info 10 /OUTPUT 1 "cache_busy";
    .port_info 11 /OUTPUT 32 "master_read_addr";
    .port_info 12 /OUTPUT 1 "master_read_addr_valid";
    .port_info 13 /INPUT 1 "master_read_addr_ready";
    .port_info 14 /INPUT 32 "master_read_data";
    .port_info 15 /INPUT 2 "master_read_resp";
    .port_info 16 /INPUT 1 "master_read_data_valid";
    .port_info 17 /OUTPUT 1 "master_read_data_ready";
    .port_info 18 /OUTPUT 32 "master_write_addr";
    .port_info 19 /OUTPUT 1 "master_write_addr_valid";
    .port_info 20 /INPUT 1 "master_write_addr_ready";
    .port_info 21 /OUTPUT 32 "master_write_data";
    .port_info 22 /OUTPUT 4 "master_write_strb";
    .port_info 23 /OUTPUT 1 "master_write_data_valid";
    .port_info 24 /INPUT 1 "master_write_data_ready";
    .port_info 25 /INPUT 2 "master_write_resp";
    .port_info 26 /INPUT 1 "master_write_resp_valid";
    .port_info 27 /OUTPUT 1 "master_write_resp_ready";
P_000001ec34c2f680 .param/l "IDLE" 0 11 365, C4<000>;
P_000001ec34c2f6b8 .param/l "READ_ADDR" 0 11 366, C4<001>;
P_000001ec34c2f6f0 .param/l "READ_DATA" 0 11 367, C4<010>;
P_000001ec34c2f728 .param/l "WRITE" 0 11 368, C4<011>;
P_000001ec34c2f760 .param/l "WRITE_RESP" 0 11 369, C4<100>;
v000001ec34ce22d0_0 .net "cache_address", 31 0, v000001ec34cde9b0_0;  alias, 1 drivers
v000001ec34ce2370_0 .var "cache_busy", 0 0;
v000001ec34ce1790_0 .var "cache_read_data", 31 0;
v000001ec34ce2190_0 .var "cache_read_done", 0 0;
v000001ec34ce0110_0 .net "cache_read_req", 0 0, v000001ec34cde910_0;  alias, 1 drivers
v000001ec34ce1d30_0 .net "cache_write_data", 31 0, v000001ec34cdeaf0_0;  alias, 1 drivers
v000001ec34ce1650_0 .var "cache_write_done", 0 0;
v000001ec34ce1330_0 .net "cache_write_req", 0 0, v000001ec34c935a0_0;  alias, 1 drivers
v000001ec34ce0250_0 .net "cache_write_strb", 3 0, v000001ec34c92380_0;  alias, 1 drivers
v000001ec34ce2870_0 .net "clk", 0 0, v000001ec34d1bbf0_0;  alias, 1 drivers
v000001ec34ce02f0_0 .var "master_read_addr", 31 0;
v000001ec34ce06b0_0 .net "master_read_addr_ready", 0 0, v000001ec34c45fc0_0;  alias, 1 drivers
v000001ec34ce0b10_0 .var "master_read_addr_valid", 0 0;
v000001ec34ce0f70_0 .net "master_read_data", 31 0, v000001ec34c46f60_0;  alias, 1 drivers
v000001ec34ce13d0_0 .var "master_read_data_ready", 0 0;
v000001ec34ce1470_0 .net "master_read_data_valid", 0 0, v000001ec34c467e0_0;  alias, 1 drivers
v000001ec34ce1010_0 .net "master_read_resp", 1 0, v000001ec34c466a0_0;  alias, 1 drivers
v000001ec34ce25f0_0 .var "master_write_addr", 31 0;
v000001ec34ce0610_0 .net "master_write_addr_ready", 0 0, v000001ec34c45b60_0;  alias, 1 drivers
v000001ec34ce2410_0 .var "master_write_addr_valid", 0 0;
v000001ec34ce0890_0 .var "master_write_data", 31 0;
v000001ec34ce1b50_0 .net "master_write_data_ready", 0 0, v000001ec34c46060_0;  alias, 1 drivers
v000001ec34ce24b0_0 .var "master_write_data_valid", 0 0;
v000001ec34ce0bb0_0 .net "master_write_resp", 1 0, v000001ec34c45980_0;  alias, 1 drivers
v000001ec34ce1dd0_0 .var "master_write_resp_ready", 0 0;
v000001ec34ce0750_0 .net "master_write_resp_valid", 0 0, v000001ec34c461a0_0;  alias, 1 drivers
v000001ec34ce1e70_0 .var "master_write_strb", 3 0;
v000001ec34ce0c50_0 .var "next_state", 2 0;
v000001ec34ce1f10_0 .var "req_address", 31 0;
v000001ec34ce2550_0 .var "req_write_data", 31 0;
v000001ec34ce1fb0_0 .var "req_write_strb", 3 0;
v000001ec34ce1510_0 .net "rst", 0 0, v000001ec34d1c370_0;  alias, 1 drivers
v000001ec34ce0390_0 .var "state", 2 0;
E_000001ec34bcb0e0/0 .event anyedge, v000001ec34ce0390_0, v000001ec34cde910_0, v000001ec34c935a0_0, v000001ec34ce1f10_0;
E_000001ec34bcb0e0/1 .event anyedge, v000001ec34c45fc0_0, v000001ec34c467e0_0, v000001ec34c466a0_0, v000001ec34c46f60_0;
E_000001ec34bcb0e0/2 .event anyedge, v000001ec34ce2550_0, v000001ec34ce1fb0_0, v000001ec34c45b60_0, v000001ec34c46060_0;
E_000001ec34bcb0e0/3 .event anyedge, v000001ec34c461a0_0, v000001ec34c45980_0;
E_000001ec34bcb0e0 .event/or E_000001ec34bcb0e0/0, E_000001ec34bcb0e0/1, E_000001ec34bcb0e0/2, E_000001ec34bcb0e0/3;
S_000001ec349ae670 .scope module, "memory_ctrl_inst" "memory_controller" 5 447, 12 191 0, S_000001ec34c6d1e0;
 .timescale -9 -12;
    .port_info 0 /INPUT 1 "clk";
    .port_info 1 /INPUT 1 "rst";
    .port_info 2 /INPUT 32 "mem_read_addr";
    .port_info 3 /INPUT 1 "mem_read_addr_valid";
    .port_info 4 /OUTPUT 1 "mem_read_addr_ready";
    .port_info 5 /OUTPUT 32 "mem_read_data";
    .port_info 6 /OUTPUT 2 "mem_read_resp";
    .port_info 7 /OUTPUT 1 "mem_read_data_valid";
    .port_info 8 /INPUT 1 "mem_read_data_ready";
    .port_info 9 /INPUT 32 "mem_write_addr";
    .port_info 10 /INPUT 1 "mem_write_addr_valid";
    .port_info 11 /OUTPUT 1 "mem_write_addr_ready";
    .port_info 12 /INPUT 32 "mem_write_data";
    .port_info 13 /INPUT 4 "mem_write_strb";
    .port_info 14 /INPUT 1 "mem_write_data_valid";
    .port_info 15 /OUTPUT 1 "mem_write_data_ready";
    .port_info 16 /OUTPUT 2 "mem_write_resp";
    .port_info 17 /OUTPUT 1 "mem_write_resp_valid";
    .port_info 18 /INPUT 1 "mem_write_resp_ready";
    .port_info 19 /OUTPUT 1 "memory_busy";
P_000001ec34c2e240 .param/l "IDLE" 0 12 239, C4<000>;
P_000001ec34c2e278 .param/l "READ" 0 12 240, C4<001>;
P_000001ec34c2e2b0 .param/l "READ_RESP" 0 12 241, C4<010>;
P_000001ec34c2e2e8 .param/l "WRITE" 0 12 242, C4<011>;
P_000001ec34c2e320 .param/l "WRITE_RESP" 0 12 243, C4<100>;
v000001ec34ce2230_0 .var "MemRead", 0 0;
v000001ec34ce0430_0 .var "MemWrite", 0 0;
L_000001ec34d23358 .functor BUFT 1, C4<000>, C4<0>, C4<0>, C4<0>;
v000001ec34ce0930_0 .net/2u *"_ivl_0", 2 0, L_000001ec34d23358;  1 drivers
v000001ec34ce09d0_0 .net "clk", 0 0, v000001ec34d1bbf0_0;  alias, 1 drivers
v000001ec34ce11f0_0 .var "mem_address", 31 0;
v000001ec34ce0a70_0 .net "mem_read_addr", 31 0, v000001ec34c47320_0;  alias, 1 drivers
v000001ec34ce1830_0 .var "mem_read_addr_ready", 0 0;
v000001ec34ce10b0_0 .net "mem_read_addr_valid", 0 0, v000001ec34c45c00_0;  alias, 1 drivers
v000001ec34ce18d0_0 .var "mem_read_data", 31 0;
v000001ec34ce2b90_0 .net "mem_read_data_ready", 0 0, v000001ec34c470a0_0;  alias, 1 drivers
v000001ec34ce3270_0 .var "mem_read_data_valid", 0 0;
v000001ec34ce3770_0 .var "mem_read_resp", 1 0;
v000001ec34ce2c30_0 .net "mem_read_value", 31 0, v000001ec34ce0e30_0;  1 drivers
v000001ec34ce3d10_0 .net "mem_write_addr", 31 0, v000001ec34c45ca0_0;  alias, 1 drivers
v000001ec34ce3450_0 .var "mem_write_addr_ready", 0 0;
v000001ec34ce3310_0 .net "mem_write_addr_valid", 0 0, v000001ec34c46740_0;  alias, 1 drivers
v000001ec34ce2eb0_0 .net "mem_write_data", 31 0, v000001ec34c46920_0;  alias, 1 drivers
v000001ec34ce3e50_0 .var "mem_write_data_ready", 0 0;
v000001ec34ce33b0_0 .net "mem_write_data_valid", 0 0, v000001ec34c46b00_0;  alias, 1 drivers
v000001ec34ce2f50_0 .var "mem_write_resp", 1 0;
v000001ec34ce2cd0_0 .net "mem_write_resp_ready", 0 0, v000001ec34c46ce0_0;  alias, 1 drivers
v000001ec34ce3090_0 .var "mem_write_resp_valid", 0 0;
v000001ec34ce3590_0 .net "mem_write_strb", 3 0, v000001ec34c46ec0_0;  alias, 1 drivers
v000001ec34ce3a90_0 .var "mem_write_value", 31 0;
v000001ec34ce3130_0 .net "memory_busy", 0 0, L_000001ec34d1fe30;  alias, 1 drivers
v000001ec34ce2d70_0 .var "next_state", 2 0;
v000001ec34ce2ff0_0 .var "read_buffer", 31 0;
v000001ec34ce38b0_0 .var "req_address", 31 0;
v000001ec34ce36d0_0 .var "req_write_data", 31 0;
v000001ec34ce2910_0 .var "req_write_strb", 3 0;
v000001ec34ce3810_0 .net "rst", 0 0, v000001ec34d1c370_0;  alias, 1 drivers
v000001ec34ce3f90_0 .var "state", 2 0;
E_000001ec34bca5a0/0 .event anyedge, v000001ec34ce3f90_0, v000001ec34ce38b0_0, v000001ec34ce36d0_0, v000001ec34c45c00_0;
E_000001ec34bca5a0/1 .event anyedge, v000001ec34c46740_0, v000001ec34c46b00_0, v000001ec34ce2ff0_0, v000001ec34c470a0_0;
E_000001ec34bca5a0/2 .event anyedge, v000001ec34c46560_0, v000001ec34c46ce0_0, v000001ec34c46e20_0;
E_000001ec34bca5a0 .event/or E_000001ec34bca5a0/0, E_000001ec34bca5a0/1, E_000001ec34bca5a0/2;
L_000001ec34d1fe30 .cmp/ne 3, v000001ec34ce3f90_0, L_000001ec34d23358;
S_000001ec349ae800 .scope module, "data_mem_inst" "data_memory" 12 253, 13 1 0, S_000001ec349ae670;
 .timescale -9 -12;
    .port_info 0 /INPUT 32 "address";
    .port_info 1 /INPUT 1 "clk";
    .port_info 2 /INPUT 32 "write_data";
    .port_info 3 /INPUT 1 "MemRead";
    .port_info 4 /INPUT 1 "MemWrite";
    .port_info 5 /OUTPUT 32 "read_data";
v000001ec34ce0cf0_0 .net "MemRead", 0 0, v000001ec34ce2230_0;  1 drivers
v000001ec34ce1150_0 .net "MemWrite", 0 0, v000001ec34ce0430_0;  1 drivers
v000001ec34ce0ed0_0 .net "address", 31 0, v000001ec34ce11f0_0;  1 drivers
v000001ec34ce16f0_0 .net "clk", 0 0, v000001ec34d1bbf0_0;  alias, 1 drivers
v000001ec34ce2050 .array "data_mem", 1023 0, 31 0;
v000001ec34ce2690_0 .var/i "i", 31 0;
v000001ec34ce0e30_0 .var "read_data", 31 0;
v000001ec34ce20f0_0 .net "write_data", 31 0, v000001ec34ce3a90_0;  1 drivers
v000001ec34ce2050_0 .array/port v000001ec34ce2050, 0;
v000001ec34ce2050_1 .array/port v000001ec34ce2050, 1;
E_000001ec34bca620/0 .event anyedge, v000001ec34ce0cf0_0, v000001ec34ce0ed0_0, v000001ec34ce2050_0, v000001ec34ce2050_1;
v000001ec34ce2050_2 .array/port v000001ec34ce2050, 2;
v000001ec34ce2050_3 .array/port v000001ec34ce2050, 3;
v000001ec34ce2050_4 .array/port v000001ec34ce2050, 4;
v000001ec34ce2050_5 .array/port v000001ec34ce2050, 5;
E_000001ec34bca620/1 .event anyedge, v000001ec34ce2050_2, v000001ec34ce2050_3, v000001ec34ce2050_4, v000001ec34ce2050_5;
v000001ec34ce2050_6 .array/port v000001ec34ce2050, 6;
v000001ec34ce2050_7 .array/port v000001ec34ce2050, 7;
v000001ec34ce2050_8 .array/port v000001ec34ce2050, 8;
v000001ec34ce2050_9 .array/port v000001ec34ce2050, 9;
E_000001ec34bca620/2 .event anyedge, v000001ec34ce2050_6, v000001ec34ce2050_7, v000001ec34ce2050_8, v000001ec34ce2050_9;
v000001ec34ce2050_10 .array/port v000001ec34ce2050, 10;
v000001ec34ce2050_11 .array/port v000001ec34ce2050, 11;
v000001ec34ce2050_12 .array/port v000001ec34ce2050, 12;
v000001ec34ce2050_13 .array/port v000001ec34ce2050, 13;
E_000001ec34bca620/3 .event anyedge, v000001ec34ce2050_10, v000001ec34ce2050_11, v000001ec34ce2050_12, v000001ec34ce2050_13;
v000001ec34ce2050_14 .array/port v000001ec34ce2050, 14;
v000001ec34ce2050_15 .array/port v000001ec34ce2050, 15;
v000001ec34ce2050_16 .array/port v000001ec34ce2050, 16;
v000001ec34ce2050_17 .array/port v000001ec34ce2050, 17;
E_000001ec34bca620/4 .event anyedge, v000001ec34ce2050_14, v000001ec34ce2050_15, v000001ec34ce2050_16, v000001ec34ce2050_17;
v000001ec34ce2050_18 .array/port v000001ec34ce2050, 18;
v000001ec34ce2050_19 .array/port v000001ec34ce2050, 19;
v000001ec34ce2050_20 .array/port v000001ec34ce2050, 20;
v000001ec34ce2050_21 .array/port v000001ec34ce2050, 21;
E_000001ec34bca620/5 .event anyedge, v000001ec34ce2050_18, v000001ec34ce2050_19, v000001ec34ce2050_20, v000001ec34ce2050_21;
v000001ec34ce2050_22 .array/port v000001ec34ce2050, 22;
v000001ec34ce2050_23 .array/port v000001ec34ce2050, 23;
v000001ec34ce2050_24 .array/port v000001ec34ce2050, 24;
v000001ec34ce2050_25 .array/port v000001ec34ce2050, 25;
E_000001ec34bca620/6 .event anyedge, v000001ec34ce2050_22, v000001ec34ce2050_23, v000001ec34ce2050_24, v000001ec34ce2050_25;
v000001ec34ce2050_26 .array/port v000001ec34ce2050, 26;
v000001ec34ce2050_27 .array/port v000001ec34ce2050, 27;
v000001ec34ce2050_28 .array/port v000001ec34ce2050, 28;
v000001ec34ce2050_29 .array/port v000001ec34ce2050, 29;
E_000001ec34bca620/7 .event anyedge, v000001ec34ce2050_26, v000001ec34ce2050_27, v000001ec34ce2050_28, v000001ec34ce2050_29;
v000001ec34ce2050_30 .array/port v000001ec34ce2050, 30;
v000001ec34ce2050_31 .array/port v000001ec34ce2050, 31;
v000001ec34ce2050_32 .array/port v000001ec34ce2050, 32;
v000001ec34ce2050_33 .array/port v000001ec34ce2050, 33;
E_000001ec34bca620/8 .event anyedge, v000001ec34ce2050_30, v000001ec34ce2050_31, v000001ec34ce2050_32, v000001ec34ce2050_33;
v000001ec34ce2050_34 .array/port v000001ec34ce2050, 34;
v000001ec34ce2050_35 .array/port v000001ec34ce2050, 35;
v000001ec34ce2050_36 .array/port v000001ec34ce2050, 36;
v000001ec34ce2050_37 .array/port v000001ec34ce2050, 37;
E_000001ec34bca620/9 .event anyedge, v000001ec34ce2050_34, v000001ec34ce2050_35, v000001ec34ce2050_36, v000001ec34ce2050_37;
v000001ec34ce2050_38 .array/port v000001ec34ce2050, 38;
v000001ec34ce2050_39 .array/port v000001ec34ce2050, 39;
v000001ec34ce2050_40 .array/port v000001ec34ce2050, 40;
v000001ec34ce2050_41 .array/port v000001ec34ce2050, 41;
E_000001ec34bca620/10 .event anyedge, v000001ec34ce2050_38, v000001ec34ce2050_39, v000001ec34ce2050_40, v000001ec34ce2050_41;
v000001ec34ce2050_42 .array/port v000001ec34ce2050, 42;
v000001ec34ce2050_43 .array/port v000001ec34ce2050, 43;
v000001ec34ce2050_44 .array/port v000001ec34ce2050, 44;
v000001ec34ce2050_45 .array/port v000001ec34ce2050, 45;
E_000001ec34bca620/11 .event anyedge, v000001ec34ce2050_42, v000001ec34ce2050_43, v000001ec34ce2050_44, v000001ec34ce2050_45;
v000001ec34ce2050_46 .array/port v000001ec34ce2050, 46;
v000001ec34ce2050_47 .array/port v000001ec34ce2050, 47;
v000001ec34ce2050_48 .array/port v000001ec34ce2050, 48;
v000001ec34ce2050_49 .array/port v000001ec34ce2050, 49;
E_000001ec34bca620/12 .event anyedge, v000001ec34ce2050_46, v000001ec34ce2050_47, v000001ec34ce2050_48, v000001ec34ce2050_49;
v000001ec34ce2050_50 .array/port v000001ec34ce2050, 50;
v000001ec34ce2050_51 .array/port v000001ec34ce2050, 51;
v000001ec34ce2050_52 .array/port v000001ec34ce2050, 52;
v000001ec34ce2050_53 .array/port v000001ec34ce2050, 53;
E_000001ec34bca620/13 .event anyedge, v000001ec34ce2050_50, v000001ec34ce2050_51, v000001ec34ce2050_52, v000001ec34ce2050_53;
v000001ec34ce2050_54 .array/port v000001ec34ce2050, 54;
v000001ec34ce2050_55 .array/port v000001ec34ce2050, 55;
v000001ec34ce2050_56 .array/port v000001ec34ce2050, 56;
v000001ec34ce2050_57 .array/port v000001ec34ce2050, 57;
E_000001ec34bca620/14 .event anyedge, v000001ec34ce2050_54, v000001ec34ce2050_55, v000001ec34ce2050_56, v000001ec34ce2050_57;
v000001ec34ce2050_58 .array/port v000001ec34ce2050, 58;
v000001ec34ce2050_59 .array/port v000001ec34ce2050, 59;
v000001ec34ce2050_60 .array/port v000001ec34ce2050, 60;
v000001ec34ce2050_61 .array/port v000001ec34ce2050, 61;
E_000001ec34bca620/15 .event anyedge, v000001ec34ce2050_58, v000001ec34ce2050_59, v000001ec34ce2050_60, v000001ec34ce2050_61;
v000001ec34ce2050_62 .array/port v000001ec34ce2050, 62;
v000001ec34ce2050_63 .array/port v000001ec34ce2050, 63;
v000001ec34ce2050_64 .array/port v000001ec34ce2050, 64;
v000001ec34ce2050_65 .array/port v000001ec34ce2050, 65;
E_000001ec34bca620/16 .event anyedge, v000001ec34ce2050_62, v000001ec34ce2050_63, v000001ec34ce2050_64, v000001ec34ce2050_65;
v000001ec34ce2050_66 .array/port v000001ec34ce2050, 66;
v000001ec34ce2050_67 .array/port v000001ec34ce2050, 67;
v000001ec34ce2050_68 .array/port v000001ec34ce2050, 68;
v000001ec34ce2050_69 .array/port v000001ec34ce2050, 69;
E_000001ec34bca620/17 .event anyedge, v000001ec34ce2050_66, v000001ec34ce2050_67, v000001ec34ce2050_68, v000001ec34ce2050_69;
v000001ec34ce2050_70 .array/port v000001ec34ce2050, 70;
v000001ec34ce2050_71 .array/port v000001ec34ce2050, 71;
v000001ec34ce2050_72 .array/port v000001ec34ce2050, 72;
v000001ec34ce2050_73 .array/port v000001ec34ce2050, 73;
E_000001ec34bca620/18 .event anyedge, v000001ec34ce2050_70, v000001ec34ce2050_71, v000001ec34ce2050_72, v000001ec34ce2050_73;
v000001ec34ce2050_74 .array/port v000001ec34ce2050, 74;
v000001ec34ce2050_75 .array/port v000001ec34ce2050, 75;
v000001ec34ce2050_76 .array/port v000001ec34ce2050, 76;
v000001ec34ce2050_77 .array/port v000001ec34ce2050, 77;
E_000001ec34bca620/19 .event anyedge, v000001ec34ce2050_74, v000001ec34ce2050_75, v000001ec34ce2050_76, v000001ec34ce2050_77;
v000001ec34ce2050_78 .array/port v000001ec34ce2050, 78;
v000001ec34ce2050_79 .array/port v000001ec34ce2050, 79;
v000001ec34ce2050_80 .array/port v000001ec34ce2050, 80;
v000001ec34ce2050_81 .array/port v000001ec34ce2050, 81;
E_000001ec34bca620/20 .event anyedge, v000001ec34ce2050_78, v000001ec34ce2050_79, v000001ec34ce2050_80, v000001ec34ce2050_81;
v000001ec34ce2050_82 .array/port v000001ec34ce2050, 82;
v000001ec34ce2050_83 .array/port v000001ec34ce2050, 83;
v000001ec34ce2050_84 .array/port v000001ec34ce2050, 84;
v000001ec34ce2050_85 .array/port v000001ec34ce2050, 85;
E_000001ec34bca620/21 .event anyedge, v000001ec34ce2050_82, v000001ec34ce2050_83, v000001ec34ce2050_84, v000001ec34ce2050_85;
v000001ec34ce2050_86 .array/port v000001ec34ce2050, 86;
v000001ec34ce2050_87 .array/port v000001ec34ce2050, 87;
v000001ec34ce2050_88 .array/port v000001ec34ce2050, 88;
v000001ec34ce2050_89 .array/port v000001ec34ce2050, 89;
E_000001ec34bca620/22 .event anyedge, v000001ec34ce2050_86, v000001ec34ce2050_87, v000001ec34ce2050_88, v000001ec34ce2050_89;
v000001ec34ce2050_90 .array/port v000001ec34ce2050, 90;
v000001ec34ce2050_91 .array/port v000001ec34ce2050, 91;
v000001ec34ce2050_92 .array/port v000001ec34ce2050, 92;
v000001ec34ce2050_93 .array/port v000001ec34ce2050, 93;
E_000001ec34bca620/23 .event anyedge, v000001ec34ce2050_90, v000001ec34ce2050_91, v000001ec34ce2050_92, v000001ec34ce2050_93;
v000001ec34ce2050_94 .array/port v000001ec34ce2050, 94;
v000001ec34ce2050_95 .array/port v000001ec34ce2050, 95;
v000001ec34ce2050_96 .array/port v000001ec34ce2050, 96;
v000001ec34ce2050_97 .array/port v000001ec34ce2050, 97;
E_000001ec34bca620/24 .event anyedge, v000001ec34ce2050_94, v000001ec34ce2050_95, v000001ec34ce2050_96, v000001ec34ce2050_97;
v000001ec34ce2050_98 .array/port v000001ec34ce2050, 98;
v000001ec34ce2050_99 .array/port v000001ec34ce2050, 99;
v000001ec34ce2050_100 .array/port v000001ec34ce2050, 100;
v000001ec34ce2050_101 .array/port v000001ec34ce2050, 101;
E_000001ec34bca620/25 .event anyedge, v000001ec34ce2050_98, v000001ec34ce2050_99, v000001ec34ce2050_100, v000001ec34ce2050_101;
v000001ec34ce2050_102 .array/port v000001ec34ce2050, 102;
v000001ec34ce2050_103 .array/port v000001ec34ce2050, 103;
v000001ec34ce2050_104 .array/port v000001ec34ce2050, 104;
v000001ec34ce2050_105 .array/port v000001ec34ce2050, 105;
E_000001ec34bca620/26 .event anyedge, v000001ec34ce2050_102, v000001ec34ce2050_103, v000001ec34ce2050_104, v000001ec34ce2050_105;
v000001ec34ce2050_106 .array/port v000001ec34ce2050, 106;
v000001ec34ce2050_107 .array/port v000001ec34ce2050, 107;
v000001ec34ce2050_108 .array/port v000001ec34ce2050, 108;
v000001ec34ce2050_109 .array/port v000001ec34ce2050, 109;
E_000001ec34bca620/27 .event anyedge, v000001ec34ce2050_106, v000001ec34ce2050_107, v000001ec34ce2050_108, v000001ec34ce2050_109;
v000001ec34ce2050_110 .array/port v000001ec34ce2050, 110;
v000001ec34ce2050_111 .array/port v000001ec34ce2050, 111;
v000001ec34ce2050_112 .array/port v000001ec34ce2050, 112;
v000001ec34ce2050_113 .array/port v000001ec34ce2050, 113;
E_000001ec34bca620/28 .event anyedge, v000001ec34ce2050_110, v000001ec34ce2050_111, v000001ec34ce2050_112, v000001ec34ce2050_113;
v000001ec34ce2050_114 .array/port v000001ec34ce2050, 114;
v000001ec34ce2050_115 .array/port v000001ec34ce2050, 115;
v000001ec34ce2050_116 .array/port v000001ec34ce2050, 116;
v000001ec34ce2050_117 .array/port v000001ec34ce2050, 117;
E_000001ec34bca620/29 .event anyedge, v000001ec34ce2050_114, v000001ec34ce2050_115, v000001ec34ce2050_116, v000001ec34ce2050_117;
v000001ec34ce2050_118 .array/port v000001ec34ce2050, 118;
v000001ec34ce2050_119 .array/port v000001ec34ce2050, 119;
v000001ec34ce2050_120 .array/port v000001ec34ce2050, 120;
v000001ec34ce2050_121 .array/port v000001ec34ce2050, 121;
E_000001ec34bca620/30 .event anyedge, v000001ec34ce2050_118, v000001ec34ce2050_119, v000001ec34ce2050_120, v000001ec34ce2050_121;
v000001ec34ce2050_122 .array/port v000001ec34ce2050, 122;
v000001ec34ce2050_123 .array/port v000001ec34ce2050, 123;
v000001ec34ce2050_124 .array/port v000001ec34ce2050, 124;
v000001ec34ce2050_125 .array/port v000001ec34ce2050, 125;
E_000001ec34bca620/31 .event anyedge, v000001ec34ce2050_122, v000001ec34ce2050_123, v000001ec34ce2050_124, v000001ec34ce2050_125;
v000001ec34ce2050_126 .array/port v000001ec34ce2050, 126;
v000001ec34ce2050_127 .array/port v000001ec34ce2050, 127;
v000001ec34ce2050_128 .array/port v000001ec34ce2050, 128;
v000001ec34ce2050_129 .array/port v000001ec34ce2050, 129;
E_000001ec34bca620/32 .event anyedge, v000001ec34ce2050_126, v000001ec34ce2050_127, v000001ec34ce2050_128, v000001ec34ce2050_129;
v000001ec34ce2050_130 .array/port v000001ec34ce2050, 130;
v000001ec34ce2050_131 .array/port v000001ec34ce2050, 131;
v000001ec34ce2050_132 .array/port v000001ec34ce2050, 132;
v000001ec34ce2050_133 .array/port v000001ec34ce2050, 133;
E_000001ec34bca620/33 .event anyedge, v000001ec34ce2050_130, v000001ec34ce2050_131, v000001ec34ce2050_132, v000001ec34ce2050_133;
v000001ec34ce2050_134 .array/port v000001ec34ce2050, 134;
v000001ec34ce2050_135 .array/port v000001ec34ce2050, 135;
v000001ec34ce2050_136 .array/port v000001ec34ce2050, 136;
v000001ec34ce2050_137 .array/port v000001ec34ce2050, 137;
E_000001ec34bca620/34 .event anyedge, v000001ec34ce2050_134, v000001ec34ce2050_135, v000001ec34ce2050_136, v000001ec34ce2050_137;
v000001ec34ce2050_138 .array/port v000001ec34ce2050, 138;
v000001ec34ce2050_139 .array/port v000001ec34ce2050, 139;
v000001ec34ce2050_140 .array/port v000001ec34ce2050, 140;
v000001ec34ce2050_141 .array/port v000001ec34ce2050, 141;
E_000001ec34bca620/35 .event anyedge, v000001ec34ce2050_138, v000001ec34ce2050_139, v000001ec34ce2050_140, v000001ec34ce2050_141;
v000001ec34ce2050_142 .array/port v000001ec34ce2050, 142;
v000001ec34ce2050_143 .array/port v000001ec34ce2050, 143;
v000001ec34ce2050_144 .array/port v000001ec34ce2050, 144;
v000001ec34ce2050_145 .array/port v000001ec34ce2050, 145;
E_000001ec34bca620/36 .event anyedge, v000001ec34ce2050_142, v000001ec34ce2050_143, v000001ec34ce2050_144, v000001ec34ce2050_145;
v000001ec34ce2050_146 .array/port v000001ec34ce2050, 146;
v000001ec34ce2050_147 .array/port v000001ec34ce2050, 147;
v000001ec34ce2050_148 .array/port v000001ec34ce2050, 148;
v000001ec34ce2050_149 .array/port v000001ec34ce2050, 149;
E_000001ec34bca620/37 .event anyedge, v000001ec34ce2050_146, v000001ec34ce2050_147, v000001ec34ce2050_148, v000001ec34ce2050_149;
v000001ec34ce2050_150 .array/port v000001ec34ce2050, 150;
v000001ec34ce2050_151 .array/port v000001ec34ce2050, 151;
v000001ec34ce2050_152 .array/port v000001ec34ce2050, 152;
v000001ec34ce2050_153 .array/port v000001ec34ce2050, 153;
E_000001ec34bca620/38 .event anyedge, v000001ec34ce2050_150, v000001ec34ce2050_151, v000001ec34ce2050_152, v000001ec34ce2050_153;
v000001ec34ce2050_154 .array/port v000001ec34ce2050, 154;
v000001ec34ce2050_155 .array/port v000001ec34ce2050, 155;
v000001ec34ce2050_156 .array/port v000001ec34ce2050, 156;
v000001ec34ce2050_157 .array/port v000001ec34ce2050, 157;
E_000001ec34bca620/39 .event anyedge, v000001ec34ce2050_154, v000001ec34ce2050_155, v000001ec34ce2050_156, v000001ec34ce2050_157;
v000001ec34ce2050_158 .array/port v000001ec34ce2050, 158;
v000001ec34ce2050_159 .array/port v000001ec34ce2050, 159;
v000001ec34ce2050_160 .array/port v000001ec34ce2050, 160;
v000001ec34ce2050_161 .array/port v000001ec34ce2050, 161;
E_000001ec34bca620/40 .event anyedge, v000001ec34ce2050_158, v000001ec34ce2050_159, v000001ec34ce2050_160, v000001ec34ce2050_161;
v000001ec34ce2050_162 .array/port v000001ec34ce2050, 162;
v000001ec34ce2050_163 .array/port v000001ec34ce2050, 163;
v000001ec34ce2050_164 .array/port v000001ec34ce2050, 164;
v000001ec34ce2050_165 .array/port v000001ec34ce2050, 165;
E_000001ec34bca620/41 .event anyedge, v000001ec34ce2050_162, v000001ec34ce2050_163, v000001ec34ce2050_164, v000001ec34ce2050_165;
v000001ec34ce2050_166 .array/port v000001ec34ce2050, 166;
v000001ec34ce2050_167 .array/port v000001ec34ce2050, 167;
v000001ec34ce2050_168 .array/port v000001ec34ce2050, 168;
v000001ec34ce2050_169 .array/port v000001ec34ce2050, 169;
E_000001ec34bca620/42 .event anyedge, v000001ec34ce2050_166, v000001ec34ce2050_167, v000001ec34ce2050_168, v000001ec34ce2050_169;
v000001ec34ce2050_170 .array/port v000001ec34ce2050, 170;
v000001ec34ce2050_171 .array/port v000001ec34ce2050, 171;
v000001ec34ce2050_172 .array/port v000001ec34ce2050, 172;
v000001ec34ce2050_173 .array/port v000001ec34ce2050, 173;
E_000001ec34bca620/43 .event anyedge, v000001ec34ce2050_170, v000001ec34ce2050_171, v000001ec34ce2050_172, v000001ec34ce2050_173;
v000001ec34ce2050_174 .array/port v000001ec34ce2050, 174;
v000001ec34ce2050_175 .array/port v000001ec34ce2050, 175;
v000001ec34ce2050_176 .array/port v000001ec34ce2050, 176;
v000001ec34ce2050_177 .array/port v000001ec34ce2050, 177;
E_000001ec34bca620/44 .event anyedge, v000001ec34ce2050_174, v000001ec34ce2050_175, v000001ec34ce2050_176, v000001ec34ce2050_177;
v000001ec34ce2050_178 .array/port v000001ec34ce2050, 178;
v000001ec34ce2050_179 .array/port v000001ec34ce2050, 179;
v000001ec34ce2050_180 .array/port v000001ec34ce2050, 180;
v000001ec34ce2050_181 .array/port v000001ec34ce2050, 181;
E_000001ec34bca620/45 .event anyedge, v000001ec34ce2050_178, v000001ec34ce2050_179, v000001ec34ce2050_180, v000001ec34ce2050_181;
v000001ec34ce2050_182 .array/port v000001ec34ce2050, 182;
v000001ec34ce2050_183 .array/port v000001ec34ce2050, 183;
v000001ec34ce2050_184 .array/port v000001ec34ce2050, 184;
v000001ec34ce2050_185 .array/port v000001ec34ce2050, 185;
E_000001ec34bca620/46 .event anyedge, v000001ec34ce2050_182, v000001ec34ce2050_183, v000001ec34ce2050_184, v000001ec34ce2050_185;
v000001ec34ce2050_186 .array/port v000001ec34ce2050, 186;
v000001ec34ce2050_187 .array/port v000001ec34ce2050, 187;
v000001ec34ce2050_188 .array/port v000001ec34ce2050, 188;
v000001ec34ce2050_189 .array/port v000001ec34ce2050, 189;
E_000001ec34bca620/47 .event anyedge, v000001ec34ce2050_186, v000001ec34ce2050_187, v000001ec34ce2050_188, v000001ec34ce2050_189;
v000001ec34ce2050_190 .array/port v000001ec34ce2050, 190;
v000001ec34ce2050_191 .array/port v000001ec34ce2050, 191;
v000001ec34ce2050_192 .array/port v000001ec34ce2050, 192;
v000001ec34ce2050_193 .array/port v000001ec34ce2050, 193;
E_000001ec34bca620/48 .event anyedge, v000001ec34ce2050_190, v000001ec34ce2050_191, v000001ec34ce2050_192, v000001ec34ce2050_193;
v000001ec34ce2050_194 .array/port v000001ec34ce2050, 194;
v000001ec34ce2050_195 .array/port v000001ec34ce2050, 195;
v000001ec34ce2050_196 .array/port v000001ec34ce2050, 196;
v000001ec34ce2050_197 .array/port v000001ec34ce2050, 197;
E_000001ec34bca620/49 .event anyedge, v000001ec34ce2050_194, v000001ec34ce2050_195, v000001ec34ce2050_196, v000001ec34ce2050_197;
v000001ec34ce2050_198 .array/port v000001ec34ce2050, 198;
v000001ec34ce2050_199 .array/port v000001ec34ce2050, 199;
v000001ec34ce2050_200 .array/port v000001ec34ce2050, 200;
v000001ec34ce2050_201 .array/port v000001ec34ce2050, 201;
E_000001ec34bca620/50 .event anyedge, v000001ec34ce2050_198, v000001ec34ce2050_199, v000001ec34ce2050_200, v000001ec34ce2050_201;
v000001ec34ce2050_202 .array/port v000001ec34ce2050, 202;
v000001ec34ce2050_203 .array/port v000001ec34ce2050, 203;
v000001ec34ce2050_204 .array/port v000001ec34ce2050, 204;
v000001ec34ce2050_205 .array/port v000001ec34ce2050, 205;
E_000001ec34bca620/51 .event anyedge, v000001ec34ce2050_202, v000001ec34ce2050_203, v000001ec34ce2050_204, v000001ec34ce2050_205;
v000001ec34ce2050_206 .array/port v000001ec34ce2050, 206;
v000001ec34ce2050_207 .array/port v000001ec34ce2050, 207;
v000001ec34ce2050_208 .array/port v000001ec34ce2050, 208;
v000001ec34ce2050_209 .array/port v000001ec34ce2050, 209;
E_000001ec34bca620/52 .event anyedge, v000001ec34ce2050_206, v000001ec34ce2050_207, v000001ec34ce2050_208, v000001ec34ce2050_209;
v000001ec34ce2050_210 .array/port v000001ec34ce2050, 210;
v000001ec34ce2050_211 .array/port v000001ec34ce2050, 211;
v000001ec34ce2050_212 .array/port v000001ec34ce2050, 212;
v000001ec34ce2050_213 .array/port v000001ec34ce2050, 213;
E_000001ec34bca620/53 .event anyedge, v000001ec34ce2050_210, v000001ec34ce2050_211, v000001ec34ce2050_212, v000001ec34ce2050_213;
v000001ec34ce2050_214 .array/port v000001ec34ce2050, 214;
v000001ec34ce2050_215 .array/port v000001ec34ce2050, 215;
v000001ec34ce2050_216 .array/port v000001ec34ce2050, 216;
v000001ec34ce2050_217 .array/port v000001ec34ce2050, 217;
E_000001ec34bca620/54 .event anyedge, v000001ec34ce2050_214, v000001ec34ce2050_215, v000001ec34ce2050_216, v000001ec34ce2050_217;
v000001ec34ce2050_218 .array/port v000001ec34ce2050, 218;
v000001ec34ce2050_219 .array/port v000001ec34ce2050, 219;
v000001ec34ce2050_220 .array/port v000001ec34ce2050, 220;
v000001ec34ce2050_221 .array/port v000001ec34ce2050, 221;
E_000001ec34bca620/55 .event anyedge, v000001ec34ce2050_218, v000001ec34ce2050_219, v000001ec34ce2050_220, v000001ec34ce2050_221;
v000001ec34ce2050_222 .array/port v000001ec34ce2050, 222;
v000001ec34ce2050_223 .array/port v000001ec34ce2050, 223;
v000001ec34ce2050_224 .array/port v000001ec34ce2050, 224;
v000001ec34ce2050_225 .array/port v000001ec34ce2050, 225;
E_000001ec34bca620/56 .event anyedge, v000001ec34ce2050_222, v000001ec34ce2050_223, v000001ec34ce2050_224, v000001ec34ce2050_225;
v000001ec34ce2050_226 .array/port v000001ec34ce2050, 226;
v000001ec34ce2050_227 .array/port v000001ec34ce2050, 227;
v000001ec34ce2050_228 .array/port v000001ec34ce2050, 228;
v000001ec34ce2050_229 .array/port v000001ec34ce2050, 229;
E_000001ec34bca620/57 .event anyedge, v000001ec34ce2050_226, v000001ec34ce2050_227, v000001ec34ce2050_228, v000001ec34ce2050_229;
v000001ec34ce2050_230 .array/port v000001ec34ce2050, 230;
v000001ec34ce2050_231 .array/port v000001ec34ce2050, 231;
v000001ec34ce2050_232 .array/port v000001ec34ce2050, 232;
v000001ec34ce2050_233 .array/port v000001ec34ce2050, 233;
E_000001ec34bca620/58 .event anyedge, v000001ec34ce2050_230, v000001ec34ce2050_231, v000001ec34ce2050_232, v000001ec34ce2050_233;
v000001ec34ce2050_234 .array/port v000001ec34ce2050, 234;
v000001ec34ce2050_235 .array/port v000001ec34ce2050, 235;
v000001ec34ce2050_236 .array/port v000001ec34ce2050, 236;
v000001ec34ce2050_237 .array/port v000001ec34ce2050, 237;
E_000001ec34bca620/59 .event anyedge, v000001ec34ce2050_234, v000001ec34ce2050_235, v000001ec34ce2050_236, v000001ec34ce2050_237;
v000001ec34ce2050_238 .array/port v000001ec34ce2050, 238;
v000001ec34ce2050_239 .array/port v000001ec34ce2050, 239;
v000001ec34ce2050_240 .array/port v000001ec34ce2050, 240;
v000001ec34ce2050_241 .array/port v000001ec34ce2050, 241;
E_000001ec34bca620/60 .event anyedge, v000001ec34ce2050_238, v000001ec34ce2050_239, v000001ec34ce2050_240, v000001ec34ce2050_241;
v000001ec34ce2050_242 .array/port v000001ec34ce2050, 242;
v000001ec34ce2050_243 .array/port v000001ec34ce2050, 243;
v000001ec34ce2050_244 .array/port v000001ec34ce2050, 244;
v000001ec34ce2050_245 .array/port v000001ec34ce2050, 245;
E_000001ec34bca620/61 .event anyedge, v000001ec34ce2050_242, v000001ec34ce2050_243, v000001ec34ce2050_244, v000001ec34ce2050_245;
v000001ec34ce2050_246 .array/port v000001ec34ce2050, 246;
v000001ec34ce2050_247 .array/port v000001ec34ce2050, 247;
v000001ec34ce2050_248 .array/port v000001ec34ce2050, 248;
v000001ec34ce2050_249 .array/port v000001ec34ce2050, 249;
E_000001ec34bca620/62 .event anyedge, v000001ec34ce2050_246, v000001ec34ce2050_247, v000001ec34ce2050_248, v000001ec34ce2050_249;
v000001ec34ce2050_250 .array/port v000001ec34ce2050, 250;
v000001ec34ce2050_251 .array/port v000001ec34ce2050, 251;
v000001ec34ce2050_252 .array/port v000001ec34ce2050, 252;
v000001ec34ce2050_253 .array/port v000001ec34ce2050, 253;
E_000001ec34bca620/63 .event anyedge, v000001ec34ce2050_250, v000001ec34ce2050_251, v000001ec34ce2050_252, v000001ec34ce2050_253;
v000001ec34ce2050_254 .array/port v000001ec34ce2050, 254;
v000001ec34ce2050_255 .array/port v000001ec34ce2050, 255;
v000001ec34ce2050_256 .array/port v000001ec34ce2050, 256;
v000001ec34ce2050_257 .array/port v000001ec34ce2050, 257;
E_000001ec34bca620/64 .event anyedge, v000001ec34ce2050_254, v000001ec34ce2050_255, v000001ec34ce2050_256, v000001ec34ce2050_257;
v000001ec34ce2050_258 .array/port v000001ec34ce2050, 258;
v000001ec34ce2050_259 .array/port v000001ec34ce2050, 259;
v000001ec34ce2050_260 .array/port v000001ec34ce2050, 260;
v000001ec34ce2050_261 .array/port v000001ec34ce2050, 261;
E_000001ec34bca620/65 .event anyedge, v000001ec34ce2050_258, v000001ec34ce2050_259, v000001ec34ce2050_260, v000001ec34ce2050_261;
v000001ec34ce2050_262 .array/port v000001ec34ce2050, 262;
v000001ec34ce2050_263 .array/port v000001ec34ce2050, 263;
v000001ec34ce2050_264 .array/port v000001ec34ce2050, 264;
v000001ec34ce2050_265 .array/port v000001ec34ce2050, 265;
E_000001ec34bca620/66 .event anyedge, v000001ec34ce2050_262, v000001ec34ce2050_263, v000001ec34ce2050_264, v000001ec34ce2050_265;
v000001ec34ce2050_266 .array/port v000001ec34ce2050, 266;
v000001ec34ce2050_267 .array/port v000001ec34ce2050, 267;
v000001ec34ce2050_268 .array/port v000001ec34ce2050, 268;
v000001ec34ce2050_269 .array/port v000001ec34ce2050, 269;
E_000001ec34bca620/67 .event anyedge, v000001ec34ce2050_266, v000001ec34ce2050_267, v000001ec34ce2050_268, v000001ec34ce2050_269;
v000001ec34ce2050_270 .array/port v000001ec34ce2050, 270;
v000001ec34ce2050_271 .array/port v000001ec34ce2050, 271;
v000001ec34ce2050_272 .array/port v000001ec34ce2050, 272;
v000001ec34ce2050_273 .array/port v000001ec34ce2050, 273;
E_000001ec34bca620/68 .event anyedge, v000001ec34ce2050_270, v000001ec34ce2050_271, v000001ec34ce2050_272, v000001ec34ce2050_273;
v000001ec34ce2050_274 .array/port v000001ec34ce2050, 274;
v000001ec34ce2050_275 .array/port v000001ec34ce2050, 275;
v000001ec34ce2050_276 .array/port v000001ec34ce2050, 276;
v000001ec34ce2050_277 .array/port v000001ec34ce2050, 277;
E_000001ec34bca620/69 .event anyedge, v000001ec34ce2050_274, v000001ec34ce2050_275, v000001ec34ce2050_276, v000001ec34ce2050_277;
v000001ec34ce2050_278 .array/port v000001ec34ce2050, 278;
v000001ec34ce2050_279 .array/port v000001ec34ce2050, 279;
v000001ec34ce2050_280 .array/port v000001ec34ce2050, 280;
v000001ec34ce2050_281 .array/port v000001ec34ce2050, 281;
E_000001ec34bca620/70 .event anyedge, v000001ec34ce2050_278, v000001ec34ce2050_279, v000001ec34ce2050_280, v000001ec34ce2050_281;
v000001ec34ce2050_282 .array/port v000001ec34ce2050, 282;
v000001ec34ce2050_283 .array/port v000001ec34ce2050, 283;
v000001ec34ce2050_284 .array/port v000001ec34ce2050, 284;
v000001ec34ce2050_285 .array/port v000001ec34ce2050, 285;
E_000001ec34bca620/71 .event anyedge, v000001ec34ce2050_282, v000001ec34ce2050_283, v000001ec34ce2050_284, v000001ec34ce2050_285;
v000001ec34ce2050_286 .array/port v000001ec34ce2050, 286;
v000001ec34ce2050_287 .array/port v000001ec34ce2050, 287;
v000001ec34ce2050_288 .array/port v000001ec34ce2050, 288;
v000001ec34ce2050_289 .array/port v000001ec34ce2050, 289;
E_000001ec34bca620/72 .event anyedge, v000001ec34ce2050_286, v000001ec34ce2050_287, v000001ec34ce2050_288, v000001ec34ce2050_289;
v000001ec34ce2050_290 .array/port v000001ec34ce2050, 290;
v000001ec34ce2050_291 .array/port v000001ec34ce2050, 291;
v000001ec34ce2050_292 .array/port v000001ec34ce2050, 292;
v000001ec34ce2050_293 .array/port v000001ec34ce2050, 293;
E_000001ec34bca620/73 .event anyedge, v000001ec34ce2050_290, v000001ec34ce2050_291, v000001ec34ce2050_292, v000001ec34ce2050_293;
v000001ec34ce2050_294 .array/port v000001ec34ce2050, 294;
v000001ec34ce2050_295 .array/port v000001ec34ce2050, 295;
v000001ec34ce2050_296 .array/port v000001ec34ce2050, 296;
v000001ec34ce2050_297 .array/port v000001ec34ce2050, 297;
E_000001ec34bca620/74 .event anyedge, v000001ec34ce2050_294, v000001ec34ce2050_295, v000001ec34ce2050_296, v000001ec34ce2050_297;
v000001ec34ce2050_298 .array/port v000001ec34ce2050, 298;
v000001ec34ce2050_299 .array/port v000001ec34ce2050, 299;
v000001ec34ce2050_300 .array/port v000001ec34ce2050, 300;
v000001ec34ce2050_301 .array/port v000001ec34ce2050, 301;
E_000001ec34bca620/75 .event anyedge, v000001ec34ce2050_298, v000001ec34ce2050_299, v000001ec34ce2050_300, v000001ec34ce2050_301;
v000001ec34ce2050_302 .array/port v000001ec34ce2050, 302;
v000001ec34ce2050_303 .array/port v000001ec34ce2050, 303;
v000001ec34ce2050_304 .array/port v000001ec34ce2050, 304;
v000001ec34ce2050_305 .array/port v000001ec34ce2050, 305;
E_000001ec34bca620/76 .event anyedge, v000001ec34ce2050_302, v000001ec34ce2050_303, v000001ec34ce2050_304, v000001ec34ce2050_305;
v000001ec34ce2050_306 .array/port v000001ec34ce2050, 306;
v000001ec34ce2050_307 .array/port v000001ec34ce2050, 307;
v000001ec34ce2050_308 .array/port v000001ec34ce2050, 308;
v000001ec34ce2050_309 .array/port v000001ec34ce2050, 309;
E_000001ec34bca620/77 .event anyedge, v000001ec34ce2050_306, v000001ec34ce2050_307, v000001ec34ce2050_308, v000001ec34ce2050_309;
v000001ec34ce2050_310 .array/port v000001ec34ce2050, 310;
v000001ec34ce2050_311 .array/port v000001ec34ce2050, 311;
v000001ec34ce2050_312 .array/port v000001ec34ce2050, 312;
v000001ec34ce2050_313 .array/port v000001ec34ce2050, 313;
E_000001ec34bca620/78 .event anyedge, v000001ec34ce2050_310, v000001ec34ce2050_311, v000001ec34ce2050_312, v000001ec34ce2050_313;
v000001ec34ce2050_314 .array/port v000001ec34ce2050, 314;
v000001ec34ce2050_315 .array/port v000001ec34ce2050, 315;
v000001ec34ce2050_316 .array/port v000001ec34ce2050, 316;
v000001ec34ce2050_317 .array/port v000001ec34ce2050, 317;
E_000001ec34bca620/79 .event anyedge, v000001ec34ce2050_314, v000001ec34ce2050_315, v000001ec34ce2050_316, v000001ec34ce2050_317;
v000001ec34ce2050_318 .array/port v000001ec34ce2050, 318;
v000001ec34ce2050_319 .array/port v000001ec34ce2050, 319;
v000001ec34ce2050_320 .array/port v000001ec34ce2050, 320;
v000001ec34ce2050_321 .array/port v000001ec34ce2050, 321;
E_000001ec34bca620/80 .event anyedge, v000001ec34ce2050_318, v000001ec34ce2050_319, v000001ec34ce2050_320, v000001ec34ce2050_321;
v000001ec34ce2050_322 .array/port v000001ec34ce2050, 322;
v000001ec34ce2050_323 .array/port v000001ec34ce2050, 323;
v000001ec34ce2050_324 .array/port v000001ec34ce2050, 324;
v000001ec34ce2050_325 .array/port v000001ec34ce2050, 325;
E_000001ec34bca620/81 .event anyedge, v000001ec34ce2050_322, v000001ec34ce2050_323, v000001ec34ce2050_324, v000001ec34ce2050_325;
v000001ec34ce2050_326 .array/port v000001ec34ce2050, 326;
v000001ec34ce2050_327 .array/port v000001ec34ce2050, 327;
v000001ec34ce2050_328 .array/port v000001ec34ce2050, 328;
v000001ec34ce2050_329 .array/port v000001ec34ce2050, 329;
E_000001ec34bca620/82 .event anyedge, v000001ec34ce2050_326, v000001ec34ce2050_327, v000001ec34ce2050_328, v000001ec34ce2050_329;
v000001ec34ce2050_330 .array/port v000001ec34ce2050, 330;
v000001ec34ce2050_331 .array/port v000001ec34ce2050, 331;
v000001ec34ce2050_332 .array/port v000001ec34ce2050, 332;
v000001ec34ce2050_333 .array/port v000001ec34ce2050, 333;
E_000001ec34bca620/83 .event anyedge, v000001ec34ce2050_330, v000001ec34ce2050_331, v000001ec34ce2050_332, v000001ec34ce2050_333;
v000001ec34ce2050_334 .array/port v000001ec34ce2050, 334;
v000001ec34ce2050_335 .array/port v000001ec34ce2050, 335;
v000001ec34ce2050_336 .array/port v000001ec34ce2050, 336;
v000001ec34ce2050_337 .array/port v000001ec34ce2050, 337;
E_000001ec34bca620/84 .event anyedge, v000001ec34ce2050_334, v000001ec34ce2050_335, v000001ec34ce2050_336, v000001ec34ce2050_337;
v000001ec34ce2050_338 .array/port v000001ec34ce2050, 338;
v000001ec34ce2050_339 .array/port v000001ec34ce2050, 339;
v000001ec34ce2050_340 .array/port v000001ec34ce2050, 340;
v000001ec34ce2050_341 .array/port v000001ec34ce2050, 341;
E_000001ec34bca620/85 .event anyedge, v000001ec34ce2050_338, v000001ec34ce2050_339, v000001ec34ce2050_340, v000001ec34ce2050_341;
v000001ec34ce2050_342 .array/port v000001ec34ce2050, 342;
v000001ec34ce2050_343 .array/port v000001ec34ce2050, 343;
v000001ec34ce2050_344 .array/port v000001ec34ce2050, 344;
v000001ec34ce2050_345 .array/port v000001ec34ce2050, 345;
E_000001ec34bca620/86 .event anyedge, v000001ec34ce2050_342, v000001ec34ce2050_343, v000001ec34ce2050_344, v000001ec34ce2050_345;
v000001ec34ce2050_346 .array/port v000001ec34ce2050, 346;
v000001ec34ce2050_347 .array/port v000001ec34ce2050, 347;
v000001ec34ce2050_348 .array/port v000001ec34ce2050, 348;
v000001ec34ce2050_349 .array/port v000001ec34ce2050, 349;
E_000001ec34bca620/87 .event anyedge, v000001ec34ce2050_346, v000001ec34ce2050_347, v000001ec34ce2050_348, v000001ec34ce2050_349;
v000001ec34ce2050_350 .array/port v000001ec34ce2050, 350;
v000001ec34ce2050_351 .array/port v000001ec34ce2050, 351;
v000001ec34ce2050_352 .array/port v000001ec34ce2050, 352;
v000001ec34ce2050_353 .array/port v000001ec34ce2050, 353;
E_000001ec34bca620/88 .event anyedge, v000001ec34ce2050_350, v000001ec34ce2050_351, v000001ec34ce2050_352, v000001ec34ce2050_353;
v000001ec34ce2050_354 .array/port v000001ec34ce2050, 354;
v000001ec34ce2050_355 .array/port v000001ec34ce2050, 355;
v000001ec34ce2050_356 .array/port v000001ec34ce2050, 356;
v000001ec34ce2050_357 .array/port v000001ec34ce2050, 357;
E_000001ec34bca620/89 .event anyedge, v000001ec34ce2050_354, v000001ec34ce2050_355, v000001ec34ce2050_356, v000001ec34ce2050_357;
v000001ec34ce2050_358 .array/port v000001ec34ce2050, 358;
v000001ec34ce2050_359 .array/port v000001ec34ce2050, 359;
v000001ec34ce2050_360 .array/port v000001ec34ce2050, 360;
v000001ec34ce2050_361 .array/port v000001ec34ce2050, 361;
E_000001ec34bca620/90 .event anyedge, v000001ec34ce2050_358, v000001ec34ce2050_359, v000001ec34ce2050_360, v000001ec34ce2050_361;
v000001ec34ce2050_362 .array/port v000001ec34ce2050, 362;
v000001ec34ce2050_363 .array/port v000001ec34ce2050, 363;
v000001ec34ce2050_364 .array/port v000001ec34ce2050, 364;
v000001ec34ce2050_365 .array/port v000001ec34ce2050, 365;
E_000001ec34bca620/91 .event anyedge, v000001ec34ce2050_362, v000001ec34ce2050_363, v000001ec34ce2050_364, v000001ec34ce2050_365;
v000001ec34ce2050_366 .array/port v000001ec34ce2050, 366;
v000001ec34ce2050_367 .array/port v000001ec34ce2050, 367;
v000001ec34ce2050_368 .array/port v000001ec34ce2050, 368;
v000001ec34ce2050_369 .array/port v000001ec34ce2050, 369;
E_000001ec34bca620/92 .event anyedge, v000001ec34ce2050_366, v000001ec34ce2050_367, v000001ec34ce2050_368, v000001ec34ce2050_369;
v000001ec34ce2050_370 .array/port v000001ec34ce2050, 370;
v000001ec34ce2050_371 .array/port v000001ec34ce2050, 371;
v000001ec34ce2050_372 .array/port v000001ec34ce2050, 372;
v000001ec34ce2050_373 .array/port v000001ec34ce2050, 373;
E_000001ec34bca620/93 .event anyedge, v000001ec34ce2050_370, v000001ec34ce2050_371, v000001ec34ce2050_372, v000001ec34ce2050_373;
v000001ec34ce2050_374 .array/port v000001ec34ce2050, 374;
v000001ec34ce2050_375 .array/port v000001ec34ce2050, 375;
v000001ec34ce2050_376 .array/port v000001ec34ce2050, 376;
v000001ec34ce2050_377 .array/port v000001ec34ce2050, 377;
E_000001ec34bca620/94 .event anyedge, v000001ec34ce2050_374, v000001ec34ce2050_375, v000001ec34ce2050_376, v000001ec34ce2050_377;
v000001ec34ce2050_378 .array/port v000001ec34ce2050, 378;
v000001ec34ce2050_379 .array/port v000001ec34ce2050, 379;
v000001ec34ce2050_380 .array/port v000001ec34ce2050, 380;
v000001ec34ce2050_381 .array/port v000001ec34ce2050, 381;
E_000001ec34bca620/95 .event anyedge, v000001ec34ce2050_378, v000001ec34ce2050_379, v000001ec34ce2050_380, v000001ec34ce2050_381;
v000001ec34ce2050_382 .array/port v000001ec34ce2050, 382;
v000001ec34ce2050_383 .array/port v000001ec34ce2050, 383;
v000001ec34ce2050_384 .array/port v000001ec34ce2050, 384;
v000001ec34ce2050_385 .array/port v000001ec34ce2050, 385;
E_000001ec34bca620/96 .event anyedge, v000001ec34ce2050_382, v000001ec34ce2050_383, v000001ec34ce2050_384, v000001ec34ce2050_385;
v000001ec34ce2050_386 .array/port v000001ec34ce2050, 386;
v000001ec34ce2050_387 .array/port v000001ec34ce2050, 387;
v000001ec34ce2050_388 .array/port v000001ec34ce2050, 388;
v000001ec34ce2050_389 .array/port v000001ec34ce2050, 389;
E_000001ec34bca620/97 .event anyedge, v000001ec34ce2050_386, v000001ec34ce2050_387, v000001ec34ce2050_388, v000001ec34ce2050_389;
v000001ec34ce2050_390 .array/port v000001ec34ce2050, 390;
v000001ec34ce2050_391 .array/port v000001ec34ce2050, 391;
v000001ec34ce2050_392 .array/port v000001ec34ce2050, 392;
v000001ec34ce2050_393 .array/port v000001ec34ce2050, 393;
E_000001ec34bca620/98 .event anyedge, v000001ec34ce2050_390, v000001ec34ce2050_391, v000001ec34ce2050_392, v000001ec34ce2050_393;
v000001ec34ce2050_394 .array/port v000001ec34ce2050, 394;
v000001ec34ce2050_395 .array/port v000001ec34ce2050, 395;
v000001ec34ce2050_396 .array/port v000001ec34ce2050, 396;
v000001ec34ce2050_397 .array/port v000001ec34ce2050, 397;
E_000001ec34bca620/99 .event anyedge, v000001ec34ce2050_394, v000001ec34ce2050_395, v000001ec34ce2050_396, v000001ec34ce2050_397;
v000001ec34ce2050_398 .array/port v000001ec34ce2050, 398;
v000001ec34ce2050_399 .array/port v000001ec34ce2050, 399;
v000001ec34ce2050_400 .array/port v000001ec34ce2050, 400;
v000001ec34ce2050_401 .array/port v000001ec34ce2050, 401;
E_000001ec34bca620/100 .event anyedge, v000001ec34ce2050_398, v000001ec34ce2050_399, v000001ec34ce2050_400, v000001ec34ce2050_401;
v000001ec34ce2050_402 .array/port v000001ec34ce2050, 402;
v000001ec34ce2050_403 .array/port v000001ec34ce2050, 403;
v000001ec34ce2050_404 .array/port v000001ec34ce2050, 404;
v000001ec34ce2050_405 .array/port v000001ec34ce2050, 405;
E_000001ec34bca620/101 .event anyedge, v000001ec34ce2050_402, v000001ec34ce2050_403, v000001ec34ce2050_404, v000001ec34ce2050_405;
v000001ec34ce2050_406 .array/port v000001ec34ce2050, 406;
v000001ec34ce2050_407 .array/port v000001ec34ce2050, 407;
v000001ec34ce2050_408 .array/port v000001ec34ce2050, 408;
v000001ec34ce2050_409 .array/port v000001ec34ce2050, 409;
E_000001ec34bca620/102 .event anyedge, v000001ec34ce2050_406, v000001ec34ce2050_407, v000001ec34ce2050_408, v000001ec34ce2050_409;
v000001ec34ce2050_410 .array/port v000001ec34ce2050, 410;
v000001ec34ce2050_411 .array/port v000001ec34ce2050, 411;
v000001ec34ce2050_412 .array/port v000001ec34ce2050, 412;
v000001ec34ce2050_413 .array/port v000001ec34ce2050, 413;
E_000001ec34bca620/103 .event anyedge, v000001ec34ce2050_410, v000001ec34ce2050_411, v000001ec34ce2050_412, v000001ec34ce2050_413;
v000001ec34ce2050_414 .array/port v000001ec34ce2050, 414;
v000001ec34ce2050_415 .array/port v000001ec34ce2050, 415;
v000001ec34ce2050_416 .array/port v000001ec34ce2050, 416;
v000001ec34ce2050_417 .array/port v000001ec34ce2050, 417;
E_000001ec34bca620/104 .event anyedge, v000001ec34ce2050_414, v000001ec34ce2050_415, v000001ec34ce2050_416, v000001ec34ce2050_417;
v000001ec34ce2050_418 .array/port v000001ec34ce2050, 418;
v000001ec34ce2050_419 .array/port v000001ec34ce2050, 419;
v000001ec34ce2050_420 .array/port v000001ec34ce2050, 420;
v000001ec34ce2050_421 .array/port v000001ec34ce2050, 421;
E_000001ec34bca620/105 .event anyedge, v000001ec34ce2050_418, v000001ec34ce2050_419, v000001ec34ce2050_420, v000001ec34ce2050_421;
v000001ec34ce2050_422 .array/port v000001ec34ce2050, 422;
v000001ec34ce2050_423 .array/port v000001ec34ce2050, 423;
v000001ec34ce2050_424 .array/port v000001ec34ce2050, 424;
v000001ec34ce2050_425 .array/port v000001ec34ce2050, 425;
E_000001ec34bca620/106 .event anyedge, v000001ec34ce2050_422, v000001ec34ce2050_423, v000001ec34ce2050_424, v000001ec34ce2050_425;
v000001ec34ce2050_426 .array/port v000001ec34ce2050, 426;
v000001ec34ce2050_427 .array/port v000001ec34ce2050, 427;
v000001ec34ce2050_428 .array/port v000001ec34ce2050, 428;
v000001ec34ce2050_429 .array/port v000001ec34ce2050, 429;
E_000001ec34bca620/107 .event anyedge, v000001ec34ce2050_426, v000001ec34ce2050_427, v000001ec34ce2050_428, v000001ec34ce2050_429;
v000001ec34ce2050_430 .array/port v000001ec34ce2050, 430;
v000001ec34ce2050_431 .array/port v000001ec34ce2050, 431;
v000001ec34ce2050_432 .array/port v000001ec34ce2050, 432;
v000001ec34ce2050_433 .array/port v000001ec34ce2050, 433;
E_000001ec34bca620/108 .event anyedge, v000001ec34ce2050_430, v000001ec34ce2050_431, v000001ec34ce2050_432, v000001ec34ce2050_433;
v000001ec34ce2050_434 .array/port v000001ec34ce2050, 434;
v000001ec34ce2050_435 .array/port v000001ec34ce2050, 435;
v000001ec34ce2050_436 .array/port v000001ec34ce2050, 436;
v000001ec34ce2050_437 .array/port v000001ec34ce2050, 437;
E_000001ec34bca620/109 .event anyedge, v000001ec34ce2050_434, v000001ec34ce2050_435, v000001ec34ce2050_436, v000001ec34ce2050_437;
v000001ec34ce2050_438 .array/port v000001ec34ce2050, 438;
v000001ec34ce2050_439 .array/port v000001ec34ce2050, 439;
v000001ec34ce2050_440 .array/port v000001ec34ce2050, 440;
v000001ec34ce2050_441 .array/port v000001ec34ce2050, 441;
E_000001ec34bca620/110 .event anyedge, v000001ec34ce2050_438, v000001ec34ce2050_439, v000001ec34ce2050_440, v000001ec34ce2050_441;
v000001ec34ce2050_442 .array/port v000001ec34ce2050, 442;
v000001ec34ce2050_443 .array/port v000001ec34ce2050, 443;
v000001ec34ce2050_444 .array/port v000001ec34ce2050, 444;
v000001ec34ce2050_445 .array/port v000001ec34ce2050, 445;
E_000001ec34bca620/111 .event anyedge, v000001ec34ce2050_442, v000001ec34ce2050_443, v000001ec34ce2050_444, v000001ec34ce2050_445;
v000001ec34ce2050_446 .array/port v000001ec34ce2050, 446;
v000001ec34ce2050_447 .array/port v000001ec34ce2050, 447;
v000001ec34ce2050_448 .array/port v000001ec34ce2050, 448;
v000001ec34ce2050_449 .array/port v000001ec34ce2050, 449;
E_000001ec34bca620/112 .event anyedge, v000001ec34ce2050_446, v000001ec34ce2050_447, v000001ec34ce2050_448, v000001ec34ce2050_449;
v000001ec34ce2050_450 .array/port v000001ec34ce2050, 450;
v000001ec34ce2050_451 .array/port v000001ec34ce2050, 451;
v000001ec34ce2050_452 .array/port v000001ec34ce2050, 452;
v000001ec34ce2050_453 .array/port v000001ec34ce2050, 453;
E_000001ec34bca620/113 .event anyedge, v000001ec34ce2050_450, v000001ec34ce2050_451, v000001ec34ce2050_452, v000001ec34ce2050_453;
v000001ec34ce2050_454 .array/port v000001ec34ce2050, 454;
v000001ec34ce2050_455 .array/port v000001ec34ce2050, 455;
v000001ec34ce2050_456 .array/port v000001ec34ce2050, 456;
v000001ec34ce2050_457 .array/port v000001ec34ce2050, 457;
E_000001ec34bca620/114 .event anyedge, v000001ec34ce2050_454, v000001ec34ce2050_455, v000001ec34ce2050_456, v000001ec34ce2050_457;
v000001ec34ce2050_458 .array/port v000001ec34ce2050, 458;
v000001ec34ce2050_459 .array/port v000001ec34ce2050, 459;
v000001ec34ce2050_460 .array/port v000001ec34ce2050, 460;
v000001ec34ce2050_461 .array/port v000001ec34ce2050, 461;
E_000001ec34bca620/115 .event anyedge, v000001ec34ce2050_458, v000001ec34ce2050_459, v000001ec34ce2050_460, v000001ec34ce2050_461;
v000001ec34ce2050_462 .array/port v000001ec34ce2050, 462;
v000001ec34ce2050_463 .array/port v000001ec34ce2050, 463;
v000001ec34ce2050_464 .array/port v000001ec34ce2050, 464;
v000001ec34ce2050_465 .array/port v000001ec34ce2050, 465;
E_000001ec34bca620/116 .event anyedge, v000001ec34ce2050_462, v000001ec34ce2050_463, v000001ec34ce2050_464, v000001ec34ce2050_465;
v000001ec34ce2050_466 .array/port v000001ec34ce2050, 466;
v000001ec34ce2050_467 .array/port v000001ec34ce2050, 467;
v000001ec34ce2050_468 .array/port v000001ec34ce2050, 468;
v000001ec34ce2050_469 .array/port v000001ec34ce2050, 469;
E_000001ec34bca620/117 .event anyedge, v000001ec34ce2050_466, v000001ec34ce2050_467, v000001ec34ce2050_468, v000001ec34ce2050_469;
v000001ec34ce2050_470 .array/port v000001ec34ce2050, 470;
v000001ec34ce2050_471 .array/port v000001ec34ce2050, 471;
v000001ec34ce2050_472 .array/port v000001ec34ce2050, 472;
v000001ec34ce2050_473 .array/port v000001ec34ce2050, 473;
E_000001ec34bca620/118 .event anyedge, v000001ec34ce2050_470, v000001ec34ce2050_471, v000001ec34ce2050_472, v000001ec34ce2050_473;
v000001ec34ce2050_474 .array/port v000001ec34ce2050, 474;
v000001ec34ce2050_475 .array/port v000001ec34ce2050, 475;
v000001ec34ce2050_476 .array/port v000001ec34ce2050, 476;
v000001ec34ce2050_477 .array/port v000001ec34ce2050, 477;
E_000001ec34bca620/119 .event anyedge, v000001ec34ce2050_474, v000001ec34ce2050_475, v000001ec34ce2050_476, v000001ec34ce2050_477;
v000001ec34ce2050_478 .array/port v000001ec34ce2050, 478;
v000001ec34ce2050_479 .array/port v000001ec34ce2050, 479;
v000001ec34ce2050_480 .array/port v000001ec34ce2050, 480;
v000001ec34ce2050_481 .array/port v000001ec34ce2050, 481;
E_000001ec34bca620/120 .event anyedge, v000001ec34ce2050_478, v000001ec34ce2050_479, v000001ec34ce2050_480, v000001ec34ce2050_481;
v000001ec34ce2050_482 .array/port v000001ec34ce2050, 482;
v000001ec34ce2050_483 .array/port v000001ec34ce2050, 483;
v000001ec34ce2050_484 .array/port v000001ec34ce2050, 484;
v000001ec34ce2050_485 .array/port v000001ec34ce2050, 485;
E_000001ec34bca620/121 .event anyedge, v000001ec34ce2050_482, v000001ec34ce2050_483, v000001ec34ce2050_484, v000001ec34ce2050_485;
v000001ec34ce2050_486 .array/port v000001ec34ce2050, 486;
v000001ec34ce2050_487 .array/port v000001ec34ce2050, 487;
v000001ec34ce2050_488 .array/port v000001ec34ce2050, 488;
v000001ec34ce2050_489 .array/port v000001ec34ce2050, 489;
E_000001ec34bca620/122 .event anyedge, v000001ec34ce2050_486, v000001ec34ce2050_487, v000001ec34ce2050_488, v000001ec34ce2050_489;
v000001ec34ce2050_490 .array/port v000001ec34ce2050, 490;
v000001ec34ce2050_491 .array/port v000001ec34ce2050, 491;
v000001ec34ce2050_492 .array/port v000001ec34ce2050, 492;
v000001ec34ce2050_493 .array/port v000001ec34ce2050, 493;
E_000001ec34bca620/123 .event anyedge, v000001ec34ce2050_490, v000001ec34ce2050_491, v000001ec34ce2050_492, v000001ec34ce2050_493;
v000001ec34ce2050_494 .array/port v000001ec34ce2050, 494;
v000001ec34ce2050_495 .array/port v000001ec34ce2050, 495;
v000001ec34ce2050_496 .array/port v000001ec34ce2050, 496;
v000001ec34ce2050_497 .array/port v000001ec34ce2050, 497;
E_000001ec34bca620/124 .event anyedge, v000001ec34ce2050_494, v000001ec34ce2050_495, v000001ec34ce2050_496, v000001ec34ce2050_497;
v000001ec34ce2050_498 .array/port v000001ec34ce2050, 498;
v000001ec34ce2050_499 .array/port v000001ec34ce2050, 499;
v000001ec34ce2050_500 .array/port v000001ec34ce2050, 500;
v000001ec34ce2050_501 .array/port v000001ec34ce2050, 501;
E_000001ec34bca620/125 .event anyedge, v000001ec34ce2050_498, v000001ec34ce2050_499, v000001ec34ce2050_500, v000001ec34ce2050_501;
v000001ec34ce2050_502 .array/port v000001ec34ce2050, 502;
v000001ec34ce2050_503 .array/port v000001ec34ce2050, 503;
v000001ec34ce2050_504 .array/port v000001ec34ce2050, 504;
v000001ec34ce2050_505 .array/port v000001ec34ce2050, 505;
E_000001ec34bca620/126 .event anyedge, v000001ec34ce2050_502, v000001ec34ce2050_503, v000001ec34ce2050_504, v000001ec34ce2050_505;
v000001ec34ce2050_506 .array/port v000001ec34ce2050, 506;
v000001ec34ce2050_507 .array/port v000001ec34ce2050, 507;
v000001ec34ce2050_508 .array/port v000001ec34ce2050, 508;
v000001ec34ce2050_509 .array/port v000001ec34ce2050, 509;
E_000001ec34bca620/127 .event anyedge, v000001ec34ce2050_506, v000001ec34ce2050_507, v000001ec34ce2050_508, v000001ec34ce2050_509;
v000001ec34ce2050_510 .array/port v000001ec34ce2050, 510;
v000001ec34ce2050_511 .array/port v000001ec34ce2050, 511;
v000001ec34ce2050_512 .array/port v000001ec34ce2050, 512;
v000001ec34ce2050_513 .array/port v000001ec34ce2050, 513;
E_000001ec34bca620/128 .event anyedge, v000001ec34ce2050_510, v000001ec34ce2050_511, v000001ec34ce2050_512, v000001ec34ce2050_513;
v000001ec34ce2050_514 .array/port v000001ec34ce2050, 514;
v000001ec34ce2050_515 .array/port v000001ec34ce2050, 515;
v000001ec34ce2050_516 .array/port v000001ec34ce2050, 516;
v000001ec34ce2050_517 .array/port v000001ec34ce2050, 517;
E_000001ec34bca620/129 .event anyedge, v000001ec34ce2050_514, v000001ec34ce2050_515, v000001ec34ce2050_516, v000001ec34ce2050_517;
v000001ec34ce2050_518 .array/port v000001ec34ce2050, 518;
v000001ec34ce2050_519 .array/port v000001ec34ce2050, 519;
v000001ec34ce2050_520 .array/port v000001ec34ce2050, 520;
v000001ec34ce2050_521 .array/port v000001ec34ce2050, 521;
E_000001ec34bca620/130 .event anyedge, v000001ec34ce2050_518, v000001ec34ce2050_519, v000001ec34ce2050_520, v000001ec34ce2050_521;
v000001ec34ce2050_522 .array/port v000001ec34ce2050, 522;
v000001ec34ce2050_523 .array/port v000001ec34ce2050, 523;
v000001ec34ce2050_524 .array/port v000001ec34ce2050, 524;
v000001ec34ce2050_525 .array/port v000001ec34ce2050, 525;
E_000001ec34bca620/131 .event anyedge, v000001ec34ce2050_522, v000001ec34ce2050_523, v000001ec34ce2050_524, v000001ec34ce2050_525;
v000001ec34ce2050_526 .array/port v000001ec34ce2050, 526;
v000001ec34ce2050_527 .array/port v000001ec34ce2050, 527;
v000001ec34ce2050_528 .array/port v000001ec34ce2050, 528;
v000001ec34ce2050_529 .array/port v000001ec34ce2050, 529;
E_000001ec34bca620/132 .event anyedge, v000001ec34ce2050_526, v000001ec34ce2050_527, v000001ec34ce2050_528, v000001ec34ce2050_529;
v000001ec34ce2050_530 .array/port v000001ec34ce2050, 530;
v000001ec34ce2050_531 .array/port v000001ec34ce2050, 531;
v000001ec34ce2050_532 .array/port v000001ec34ce2050, 532;
v000001ec34ce2050_533 .array/port v000001ec34ce2050, 533;
E_000001ec34bca620/133 .event anyedge, v000001ec34ce2050_530, v000001ec34ce2050_531, v000001ec34ce2050_532, v000001ec34ce2050_533;
v000001ec34ce2050_534 .array/port v000001ec34ce2050, 534;
v000001ec34ce2050_535 .array/port v000001ec34ce2050, 535;
v000001ec34ce2050_536 .array/port v000001ec34ce2050, 536;
v000001ec34ce2050_537 .array/port v000001ec34ce2050, 537;
E_000001ec34bca620/134 .event anyedge, v000001ec34ce2050_534, v000001ec34ce2050_535, v000001ec34ce2050_536, v000001ec34ce2050_537;
v000001ec34ce2050_538 .array/port v000001ec34ce2050, 538;
v000001ec34ce2050_539 .array/port v000001ec34ce2050, 539;
v000001ec34ce2050_540 .array/port v000001ec34ce2050, 540;
v000001ec34ce2050_541 .array/port v000001ec34ce2050, 541;
E_000001ec34bca620/135 .event anyedge, v000001ec34ce2050_538, v000001ec34ce2050_539, v000001ec34ce2050_540, v000001ec34ce2050_541;
v000001ec34ce2050_542 .array/port v000001ec34ce2050, 542;
v000001ec34ce2050_543 .array/port v000001ec34ce2050, 543;
v000001ec34ce2050_544 .array/port v000001ec34ce2050, 544;
v000001ec34ce2050_545 .array/port v000001ec34ce2050, 545;
E_000001ec34bca620/136 .event anyedge, v000001ec34ce2050_542, v000001ec34ce2050_543, v000001ec34ce2050_544, v000001ec34ce2050_545;
v000001ec34ce2050_546 .array/port v000001ec34ce2050, 546;
v000001ec34ce2050_547 .array/port v000001ec34ce2050, 547;
v000001ec34ce2050_548 .array/port v000001ec34ce2050, 548;
v000001ec34ce2050_549 .array/port v000001ec34ce2050, 549;
E_000001ec34bca620/137 .event anyedge, v000001ec34ce2050_546, v000001ec34ce2050_547, v000001ec34ce2050_548, v000001ec34ce2050_549;
v000001ec34ce2050_550 .array/port v000001ec34ce2050, 550;
v000001ec34ce2050_551 .array/port v000001ec34ce2050, 551;
v000001ec34ce2050_552 .array/port v000001ec34ce2050, 552;
v000001ec34ce2050_553 .array/port v000001ec34ce2050, 553;
E_000001ec34bca620/138 .event anyedge, v000001ec34ce2050_550, v000001ec34ce2050_551, v000001ec34ce2050_552, v000001ec34ce2050_553;
v000001ec34ce2050_554 .array/port v000001ec34ce2050, 554;
v000001ec34ce2050_555 .array/port v000001ec34ce2050, 555;
v000001ec34ce2050_556 .array/port v000001ec34ce2050, 556;
v000001ec34ce2050_557 .array/port v000001ec34ce2050, 557;
E_000001ec34bca620/139 .event anyedge, v000001ec34ce2050_554, v000001ec34ce2050_555, v000001ec34ce2050_556, v000001ec34ce2050_557;
v000001ec34ce2050_558 .array/port v000001ec34ce2050, 558;
v000001ec34ce2050_559 .array/port v000001ec34ce2050, 559;
v000001ec34ce2050_560 .array/port v000001ec34ce2050, 560;
v000001ec34ce2050_561 .array/port v000001ec34ce2050, 561;
E_000001ec34bca620/140 .event anyedge, v000001ec34ce2050_558, v000001ec34ce2050_559, v000001ec34ce2050_560, v000001ec34ce2050_561;
v000001ec34ce2050_562 .array/port v000001ec34ce2050, 562;
v000001ec34ce2050_563 .array/port v000001ec34ce2050, 563;
v000001ec34ce2050_564 .array/port v000001ec34ce2050, 564;
v000001ec34ce2050_565 .array/port v000001ec34ce2050, 565;
E_000001ec34bca620/141 .event anyedge, v000001ec34ce2050_562, v000001ec34ce2050_563, v000001ec34ce2050_564, v000001ec34ce2050_565;
v000001ec34ce2050_566 .array/port v000001ec34ce2050, 566;
v000001ec34ce2050_567 .array/port v000001ec34ce2050, 567;
v000001ec34ce2050_568 .array/port v000001ec34ce2050, 568;
v000001ec34ce2050_569 .array/port v000001ec34ce2050, 569;
E_000001ec34bca620/142 .event anyedge, v000001ec34ce2050_566, v000001ec34ce2050_567, v000001ec34ce2050_568, v000001ec34ce2050_569;
v000001ec34ce2050_570 .array/port v000001ec34ce2050, 570;
v000001ec34ce2050_571 .array/port v000001ec34ce2050, 571;
v000001ec34ce2050_572 .array/port v000001ec34ce2050, 572;
v000001ec34ce2050_573 .array/port v000001ec34ce2050, 573;
E_000001ec34bca620/143 .event anyedge, v000001ec34ce2050_570, v000001ec34ce2050_571, v000001ec34ce2050_572, v000001ec34ce2050_573;
v000001ec34ce2050_574 .array/port v000001ec34ce2050, 574;
v000001ec34ce2050_575 .array/port v000001ec34ce2050, 575;
v000001ec34ce2050_576 .array/port v000001ec34ce2050, 576;
v000001ec34ce2050_577 .array/port v000001ec34ce2050, 577;
E_000001ec34bca620/144 .event anyedge, v000001ec34ce2050_574, v000001ec34ce2050_575, v000001ec34ce2050_576, v000001ec34ce2050_577;
v000001ec34ce2050_578 .array/port v000001ec34ce2050, 578;
v000001ec34ce2050_579 .array/port v000001ec34ce2050, 579;
v000001ec34ce2050_580 .array/port v000001ec34ce2050, 580;
v000001ec34ce2050_581 .array/port v000001ec34ce2050, 581;
E_000001ec34bca620/145 .event anyedge, v000001ec34ce2050_578, v000001ec34ce2050_579, v000001ec34ce2050_580, v000001ec34ce2050_581;
v000001ec34ce2050_582 .array/port v000001ec34ce2050, 582;
v000001ec34ce2050_583 .array/port v000001ec34ce2050, 583;
v000001ec34ce2050_584 .array/port v000001ec34ce2050, 584;
v000001ec34ce2050_585 .array/port v000001ec34ce2050, 585;
E_000001ec34bca620/146 .event anyedge, v000001ec34ce2050_582, v000001ec34ce2050_583, v000001ec34ce2050_584, v000001ec34ce2050_585;
v000001ec34ce2050_586 .array/port v000001ec34ce2050, 586;
v000001ec34ce2050_587 .array/port v000001ec34ce2050, 587;
v000001ec34ce2050_588 .array/port v000001ec34ce2050, 588;
v000001ec34ce2050_589 .array/port v000001ec34ce2050, 589;
E_000001ec34bca620/147 .event anyedge, v000001ec34ce2050_586, v000001ec34ce2050_587, v000001ec34ce2050_588, v000001ec34ce2050_589;
v000001ec34ce2050_590 .array/port v000001ec34ce2050, 590;
v000001ec34ce2050_591 .array/port v000001ec34ce2050, 591;
v000001ec34ce2050_592 .array/port v000001ec34ce2050, 592;
v000001ec34ce2050_593 .array/port v000001ec34ce2050, 593;
E_000001ec34bca620/148 .event anyedge, v000001ec34ce2050_590, v000001ec34ce2050_591, v000001ec34ce2050_592, v000001ec34ce2050_593;
v000001ec34ce2050_594 .array/port v000001ec34ce2050, 594;
v000001ec34ce2050_595 .array/port v000001ec34ce2050, 595;
v000001ec34ce2050_596 .array/port v000001ec34ce2050, 596;
v000001ec34ce2050_597 .array/port v000001ec34ce2050, 597;
E_000001ec34bca620/149 .event anyedge, v000001ec34ce2050_594, v000001ec34ce2050_595, v000001ec34ce2050_596, v000001ec34ce2050_597;
v000001ec34ce2050_598 .array/port v000001ec34ce2050, 598;
v000001ec34ce2050_599 .array/port v000001ec34ce2050, 599;
v000001ec34ce2050_600 .array/port v000001ec34ce2050, 600;
v000001ec34ce2050_601 .array/port v000001ec34ce2050, 601;
E_000001ec34bca620/150 .event anyedge, v000001ec34ce2050_598, v000001ec34ce2050_599, v000001ec34ce2050_600, v000001ec34ce2050_601;
v000001ec34ce2050_602 .array/port v000001ec34ce2050, 602;
v000001ec34ce2050_603 .array/port v000001ec34ce2050, 603;
v000001ec34ce2050_604 .array/port v000001ec34ce2050, 604;
v000001ec34ce2050_605 .array/port v000001ec34ce2050, 605;
E_000001ec34bca620/151 .event anyedge, v000001ec34ce2050_602, v000001ec34ce2050_603, v000001ec34ce2050_604, v000001ec34ce2050_605;
v000001ec34ce2050_606 .array/port v000001ec34ce2050, 606;
v000001ec34ce2050_607 .array/port v000001ec34ce2050, 607;
v000001ec34ce2050_608 .array/port v000001ec34ce2050, 608;
v000001ec34ce2050_609 .array/port v000001ec34ce2050, 609;
E_000001ec34bca620/152 .event anyedge, v000001ec34ce2050_606, v000001ec34ce2050_607, v000001ec34ce2050_608, v000001ec34ce2050_609;
v000001ec34ce2050_610 .array/port v000001ec34ce2050, 610;
v000001ec34ce2050_611 .array/port v000001ec34ce2050, 611;
v000001ec34ce2050_612 .array/port v000001ec34ce2050, 612;
v000001ec34ce2050_613 .array/port v000001ec34ce2050, 613;
E_000001ec34bca620/153 .event anyedge, v000001ec34ce2050_610, v000001ec34ce2050_611, v000001ec34ce2050_612, v000001ec34ce2050_613;
v000001ec34ce2050_614 .array/port v000001ec34ce2050, 614;
v000001ec34ce2050_615 .array/port v000001ec34ce2050, 615;
v000001ec34ce2050_616 .array/port v000001ec34ce2050, 616;
v000001ec34ce2050_617 .array/port v000001ec34ce2050, 617;
E_000001ec34bca620/154 .event anyedge, v000001ec34ce2050_614, v000001ec34ce2050_615, v000001ec34ce2050_616, v000001ec34ce2050_617;
v000001ec34ce2050_618 .array/port v000001ec34ce2050, 618;
v000001ec34ce2050_619 .array/port v000001ec34ce2050, 619;
v000001ec34ce2050_620 .array/port v000001ec34ce2050, 620;
v000001ec34ce2050_621 .array/port v000001ec34ce2050, 621;
E_000001ec34bca620/155 .event anyedge, v000001ec34ce2050_618, v000001ec34ce2050_619, v000001ec34ce2050_620, v000001ec34ce2050_621;
v000001ec34ce2050_622 .array/port v000001ec34ce2050, 622;
v000001ec34ce2050_623 .array/port v000001ec34ce2050, 623;
v000001ec34ce2050_624 .array/port v000001ec34ce2050, 624;
v000001ec34ce2050_625 .array/port v000001ec34ce2050, 625;
E_000001ec34bca620/156 .event anyedge, v000001ec34ce2050_622, v000001ec34ce2050_623, v000001ec34ce2050_624, v000001ec34ce2050_625;
v000001ec34ce2050_626 .array/port v000001ec34ce2050, 626;
v000001ec34ce2050_627 .array/port v000001ec34ce2050, 627;
v000001ec34ce2050_628 .array/port v000001ec34ce2050, 628;
v000001ec34ce2050_629 .array/port v000001ec34ce2050, 629;
E_000001ec34bca620/157 .event anyedge, v000001ec34ce2050_626, v000001ec34ce2050_627, v000001ec34ce2050_628, v000001ec34ce2050_629;
v000001ec34ce2050_630 .array/port v000001ec34ce2050, 630;
v000001ec34ce2050_631 .array/port v000001ec34ce2050, 631;
v000001ec34ce2050_632 .array/port v000001ec34ce2050, 632;
v000001ec34ce2050_633 .array/port v000001ec34ce2050, 633;
E_000001ec34bca620/158 .event anyedge, v000001ec34ce2050_630, v000001ec34ce2050_631, v000001ec34ce2050_632, v000001ec34ce2050_633;
v000001ec34ce2050_634 .array/port v000001ec34ce2050, 634;
v000001ec34ce2050_635 .array/port v000001ec34ce2050, 635;
v000001ec34ce2050_636 .array/port v000001ec34ce2050, 636;
v000001ec34ce2050_637 .array/port v000001ec34ce2050, 637;
E_000001ec34bca620/159 .event anyedge, v000001ec34ce2050_634, v000001ec34ce2050_635, v000001ec34ce2050_636, v000001ec34ce2050_637;
v000001ec34ce2050_638 .array/port v000001ec34ce2050, 638;
v000001ec34ce2050_639 .array/port v000001ec34ce2050, 639;
v000001ec34ce2050_640 .array/port v000001ec34ce2050, 640;
v000001ec34ce2050_641 .array/port v000001ec34ce2050, 641;
E_000001ec34bca620/160 .event anyedge, v000001ec34ce2050_638, v000001ec34ce2050_639, v000001ec34ce2050_640, v000001ec34ce2050_641;
v000001ec34ce2050_642 .array/port v000001ec34ce2050, 642;
v000001ec34ce2050_643 .array/port v000001ec34ce2050, 643;
v000001ec34ce2050_644 .array/port v000001ec34ce2050, 644;
v000001ec34ce2050_645 .array/port v000001ec34ce2050, 645;
E_000001ec34bca620/161 .event anyedge, v000001ec34ce2050_642, v000001ec34ce2050_643, v000001ec34ce2050_644, v000001ec34ce2050_645;
v000001ec34ce2050_646 .array/port v000001ec34ce2050, 646;
v000001ec34ce2050_647 .array/port v000001ec34ce2050, 647;
v000001ec34ce2050_648 .array/port v000001ec34ce2050, 648;
v000001ec34ce2050_649 .array/port v000001ec34ce2050, 649;
E_000001ec34bca620/162 .event anyedge, v000001ec34ce2050_646, v000001ec34ce2050_647, v000001ec34ce2050_648, v000001ec34ce2050_649;
v000001ec34ce2050_650 .array/port v000001ec34ce2050, 650;
v000001ec34ce2050_651 .array/port v000001ec34ce2050, 651;
v000001ec34ce2050_652 .array/port v000001ec34ce2050, 652;
v000001ec34ce2050_653 .array/port v000001ec34ce2050, 653;
E_000001ec34bca620/163 .event anyedge, v000001ec34ce2050_650, v000001ec34ce2050_651, v000001ec34ce2050_652, v000001ec34ce2050_653;
v000001ec34ce2050_654 .array/port v000001ec34ce2050, 654;
v000001ec34ce2050_655 .array/port v000001ec34ce2050, 655;
v000001ec34ce2050_656 .array/port v000001ec34ce2050, 656;
v000001ec34ce2050_657 .array/port v000001ec34ce2050, 657;
E_000001ec34bca620/164 .event anyedge, v000001ec34ce2050_654, v000001ec34ce2050_655, v000001ec34ce2050_656, v000001ec34ce2050_657;
v000001ec34ce2050_658 .array/port v000001ec34ce2050, 658;
v000001ec34ce2050_659 .array/port v000001ec34ce2050, 659;
v000001ec34ce2050_660 .array/port v000001ec34ce2050, 660;
v000001ec34ce2050_661 .array/port v000001ec34ce2050, 661;
E_000001ec34bca620/165 .event anyedge, v000001ec34ce2050_658, v000001ec34ce2050_659, v000001ec34ce2050_660, v000001ec34ce2050_661;
v000001ec34ce2050_662 .array/port v000001ec34ce2050, 662;
v000001ec34ce2050_663 .array/port v000001ec34ce2050, 663;
v000001ec34ce2050_664 .array/port v000001ec34ce2050, 664;
v000001ec34ce2050_665 .array/port v000001ec34ce2050, 665;
E_000001ec34bca620/166 .event anyedge, v000001ec34ce2050_662, v000001ec34ce2050_663, v000001ec34ce2050_664, v000001ec34ce2050_665;
v000001ec34ce2050_666 .array/port v000001ec34ce2050, 666;
v000001ec34ce2050_667 .array/port v000001ec34ce2050, 667;
v000001ec34ce2050_668 .array/port v000001ec34ce2050, 668;
v000001ec34ce2050_669 .array/port v000001ec34ce2050, 669;
E_000001ec34bca620/167 .event anyedge, v000001ec34ce2050_666, v000001ec34ce2050_667, v000001ec34ce2050_668, v000001ec34ce2050_669;
v000001ec34ce2050_670 .array/port v000001ec34ce2050, 670;
v000001ec34ce2050_671 .array/port v000001ec34ce2050, 671;
v000001ec34ce2050_672 .array/port v000001ec34ce2050, 672;
v000001ec34ce2050_673 .array/port v000001ec34ce2050, 673;
E_000001ec34bca620/168 .event anyedge, v000001ec34ce2050_670, v000001ec34ce2050_671, v000001ec34ce2050_672, v000001ec34ce2050_673;
v000001ec34ce2050_674 .array/port v000001ec34ce2050, 674;
v000001ec34ce2050_675 .array/port v000001ec34ce2050, 675;
v000001ec34ce2050_676 .array/port v000001ec34ce2050, 676;
v000001ec34ce2050_677 .array/port v000001ec34ce2050, 677;
E_000001ec34bca620/169 .event anyedge, v000001ec34ce2050_674, v000001ec34ce2050_675, v000001ec34ce2050_676, v000001ec34ce2050_677;
v000001ec34ce2050_678 .array/port v000001ec34ce2050, 678;
v000001ec34ce2050_679 .array/port v000001ec34ce2050, 679;
v000001ec34ce2050_680 .array/port v000001ec34ce2050, 680;
v000001ec34ce2050_681 .array/port v000001ec34ce2050, 681;
E_000001ec34bca620/170 .event anyedge, v000001ec34ce2050_678, v000001ec34ce2050_679, v000001ec34ce2050_680, v000001ec34ce2050_681;
v000001ec34ce2050_682 .array/port v000001ec34ce2050, 682;
v000001ec34ce2050_683 .array/port v000001ec34ce2050, 683;
v000001ec34ce2050_684 .array/port v000001ec34ce2050, 684;
v000001ec34ce2050_685 .array/port v000001ec34ce2050, 685;
E_000001ec34bca620/171 .event anyedge, v000001ec34ce2050_682, v000001ec34ce2050_683, v000001ec34ce2050_684, v000001ec34ce2050_685;
v000001ec34ce2050_686 .array/port v000001ec34ce2050, 686;
v000001ec34ce2050_687 .array/port v000001ec34ce2050, 687;
v000001ec34ce2050_688 .array/port v000001ec34ce2050, 688;
v000001ec34ce2050_689 .array/port v000001ec34ce2050, 689;
E_000001ec34bca620/172 .event anyedge, v000001ec34ce2050_686, v000001ec34ce2050_687, v000001ec34ce2050_688, v000001ec34ce2050_689;
v000001ec34ce2050_690 .array/port v000001ec34ce2050, 690;
v000001ec34ce2050_691 .array/port v000001ec34ce2050, 691;
v000001ec34ce2050_692 .array/port v000001ec34ce2050, 692;
v000001ec34ce2050_693 .array/port v000001ec34ce2050, 693;
E_000001ec34bca620/173 .event anyedge, v000001ec34ce2050_690, v000001ec34ce2050_691, v000001ec34ce2050_692, v000001ec34ce2050_693;
v000001ec34ce2050_694 .array/port v000001ec34ce2050, 694;
v000001ec34ce2050_695 .array/port v000001ec34ce2050, 695;
v000001ec34ce2050_696 .array/port v000001ec34ce2050, 696;
v000001ec34ce2050_697 .array/port v000001ec34ce2050, 697;
E_000001ec34bca620/174 .event anyedge, v000001ec34ce2050_694, v000001ec34ce2050_695, v000001ec34ce2050_696, v000001ec34ce2050_697;
v000001ec34ce2050_698 .array/port v000001ec34ce2050, 698;
v000001ec34ce2050_699 .array/port v000001ec34ce2050, 699;
v000001ec34ce2050_700 .array/port v000001ec34ce2050, 700;
v000001ec34ce2050_701 .array/port v000001ec34ce2050, 701;
E_000001ec34bca620/175 .event anyedge, v000001ec34ce2050_698, v000001ec34ce2050_699, v000001ec34ce2050_700, v000001ec34ce2050_701;
v000001ec34ce2050_702 .array/port v000001ec34ce2050, 702;
v000001ec34ce2050_703 .array/port v000001ec34ce2050, 703;
v000001ec34ce2050_704 .array/port v000001ec34ce2050, 704;
v000001ec34ce2050_705 .array/port v000001ec34ce2050, 705;
E_000001ec34bca620/176 .event anyedge, v000001ec34ce2050_702, v000001ec34ce2050_703, v000001ec34ce2050_704, v000001ec34ce2050_705;
v000001ec34ce2050_706 .array/port v000001ec34ce2050, 706;
v000001ec34ce2050_707 .array/port v000001ec34ce2050, 707;
v000001ec34ce2050_708 .array/port v000001ec34ce2050, 708;
v000001ec34ce2050_709 .array/port v000001ec34ce2050, 709;
E_000001ec34bca620/177 .event anyedge, v000001ec34ce2050_706, v000001ec34ce2050_707, v000001ec34ce2050_708, v000001ec34ce2050_709;
v000001ec34ce2050_710 .array/port v000001ec34ce2050, 710;
v000001ec34ce2050_711 .array/port v000001ec34ce2050, 711;
v000001ec34ce2050_712 .array/port v000001ec34ce2050, 712;
v000001ec34ce2050_713 .array/port v000001ec34ce2050, 713;
E_000001ec34bca620/178 .event anyedge, v000001ec34ce2050_710, v000001ec34ce2050_711, v000001ec34ce2050_712, v000001ec34ce2050_713;
v000001ec34ce2050_714 .array/port v000001ec34ce2050, 714;
v000001ec34ce2050_715 .array/port v000001ec34ce2050, 715;
v000001ec34ce2050_716 .array/port v000001ec34ce2050, 716;
v000001ec34ce2050_717 .array/port v000001ec34ce2050, 717;
E_000001ec34bca620/179 .event anyedge, v000001ec34ce2050_714, v000001ec34ce2050_715, v000001ec34ce2050_716, v000001ec34ce2050_717;
v000001ec34ce2050_718 .array/port v000001ec34ce2050, 718;
v000001ec34ce2050_719 .array/port v000001ec34ce2050, 719;
v000001ec34ce2050_720 .array/port v000001ec34ce2050, 720;
v000001ec34ce2050_721 .array/port v000001ec34ce2050, 721;
E_000001ec34bca620/180 .event anyedge, v000001ec34ce2050_718, v000001ec34ce2050_719, v000001ec34ce2050_720, v000001ec34ce2050_721;
v000001ec34ce2050_722 .array/port v000001ec34ce2050, 722;
v000001ec34ce2050_723 .array/port v000001ec34ce2050, 723;
v000001ec34ce2050_724 .array/port v000001ec34ce2050, 724;
v000001ec34ce2050_725 .array/port v000001ec34ce2050, 725;
E_000001ec34bca620/181 .event anyedge, v000001ec34ce2050_722, v000001ec34ce2050_723, v000001ec34ce2050_724, v000001ec34ce2050_725;
v000001ec34ce2050_726 .array/port v000001ec34ce2050, 726;
v000001ec34ce2050_727 .array/port v000001ec34ce2050, 727;
v000001ec34ce2050_728 .array/port v000001ec34ce2050, 728;
v000001ec34ce2050_729 .array/port v000001ec34ce2050, 729;
E_000001ec34bca620/182 .event anyedge, v000001ec34ce2050_726, v000001ec34ce2050_727, v000001ec34ce2050_728, v000001ec34ce2050_729;
v000001ec34ce2050_730 .array/port v000001ec34ce2050, 730;
v000001ec34ce2050_731 .array/port v000001ec34ce2050, 731;
v000001ec34ce2050_732 .array/port v000001ec34ce2050, 732;
v000001ec34ce2050_733 .array/port v000001ec34ce2050, 733;
E_000001ec34bca620/183 .event anyedge, v000001ec34ce2050_730, v000001ec34ce2050_731, v000001ec34ce2050_732, v000001ec34ce2050_733;
v000001ec34ce2050_734 .array/port v000001ec34ce2050, 734;
v000001ec34ce2050_735 .array/port v000001ec34ce2050, 735;
v000001ec34ce2050_736 .array/port v000001ec34ce2050, 736;
v000001ec34ce2050_737 .array/port v000001ec34ce2050, 737;
E_000001ec34bca620/184 .event anyedge, v000001ec34ce2050_734, v000001ec34ce2050_735, v000001ec34ce2050_736, v000001ec34ce2050_737;
v000001ec34ce2050_738 .array/port v000001ec34ce2050, 738;
v000001ec34ce2050_739 .array/port v000001ec34ce2050, 739;
v000001ec34ce2050_740 .array/port v000001ec34ce2050, 740;
v000001ec34ce2050_741 .array/port v000001ec34ce2050, 741;
E_000001ec34bca620/185 .event anyedge, v000001ec34ce2050_738, v000001ec34ce2050_739, v000001ec34ce2050_740, v000001ec34ce2050_741;
v000001ec34ce2050_742 .array/port v000001ec34ce2050, 742;
v000001ec34ce2050_743 .array/port v000001ec34ce2050, 743;
v000001ec34ce2050_744 .array/port v000001ec34ce2050, 744;
v000001ec34ce2050_745 .array/port v000001ec34ce2050, 745;
E_000001ec34bca620/186 .event anyedge, v000001ec34ce2050_742, v000001ec34ce2050_743, v000001ec34ce2050_744, v000001ec34ce2050_745;
v000001ec34ce2050_746 .array/port v000001ec34ce2050, 746;
v000001ec34ce2050_747 .array/port v000001ec34ce2050, 747;
v000001ec34ce2050_748 .array/port v000001ec34ce2050, 748;
v000001ec34ce2050_749 .array/port v000001ec34ce2050, 749;
E_000001ec34bca620/187 .event anyedge, v000001ec34ce2050_746, v000001ec34ce2050_747, v000001ec34ce2050_748, v000001ec34ce2050_749;
v000001ec34ce2050_750 .array/port v000001ec34ce2050, 750;
v000001ec34ce2050_751 .array/port v000001ec34ce2050, 751;
v000001ec34ce2050_752 .array/port v000001ec34ce2050, 752;
v000001ec34ce2050_753 .array/port v000001ec34ce2050, 753;
E_000001ec34bca620/188 .event anyedge, v000001ec34ce2050_750, v000001ec34ce2050_751, v000001ec34ce2050_752, v000001ec34ce2050_753;
v000001ec34ce2050_754 .array/port v000001ec34ce2050, 754;
v000001ec34ce2050_755 .array/port v000001ec34ce2050, 755;
v000001ec34ce2050_756 .array/port v000001ec34ce2050, 756;
v000001ec34ce2050_757 .array/port v000001ec34ce2050, 757;
E_000001ec34bca620/189 .event anyedge, v000001ec34ce2050_754, v000001ec34ce2050_755, v000001ec34ce2050_756, v000001ec34ce2050_757;
v000001ec34ce2050_758 .array/port v000001ec34ce2050, 758;
v000001ec34ce2050_759 .array/port v000001ec34ce2050, 759;
v000001ec34ce2050_760 .array/port v000001ec34ce2050, 760;
v000001ec34ce2050_761 .array/port v000001ec34ce2050, 761;
E_000001ec34bca620/190 .event anyedge, v000001ec34ce2050_758, v000001ec34ce2050_759, v000001ec34ce2050_760, v000001ec34ce2050_761;
v000001ec34ce2050_762 .array/port v000001ec34ce2050, 762;
v000001ec34ce2050_763 .array/port v000001ec34ce2050, 763;
v000001ec34ce2050_764 .array/port v000001ec34ce2050, 764;
v000001ec34ce2050_765 .array/port v000001ec34ce2050, 765;
E_000001ec34bca620/191 .event anyedge, v000001ec34ce2050_762, v000001ec34ce2050_763, v000001ec34ce2050_764, v000001ec34ce2050_765;
v000001ec34ce2050_766 .array/port v000001ec34ce2050, 766;
v000001ec34ce2050_767 .array/port v000001ec34ce2050, 767;
v000001ec34ce2050_768 .array/port v000001ec34ce2050, 768;
v000001ec34ce2050_769 .array/port v000001ec34ce2050, 769;
E_000001ec34bca620/192 .event anyedge, v000001ec34ce2050_766, v000001ec34ce2050_767, v000001ec34ce2050_768, v000001ec34ce2050_769;
v000001ec34ce2050_770 .array/port v000001ec34ce2050, 770;
v000001ec34ce2050_771 .array/port v000001ec34ce2050, 771;
v000001ec34ce2050_772 .array/port v000001ec34ce2050, 772;
v000001ec34ce2050_773 .array/port v000001ec34ce2050, 773;
E_000001ec34bca620/193 .event anyedge, v000001ec34ce2050_770, v000001ec34ce2050_771, v000001ec34ce2050_772, v000001ec34ce2050_773;
v000001ec34ce2050_774 .array/port v000001ec34ce2050, 774;
v000001ec34ce2050_775 .array/port v000001ec34ce2050, 775;
v000001ec34ce2050_776 .array/port v000001ec34ce2050, 776;
v000001ec34ce2050_777 .array/port v000001ec34ce2050, 777;
E_000001ec34bca620/194 .event anyedge, v000001ec34ce2050_774, v000001ec34ce2050_775, v000001ec34ce2050_776, v000001ec34ce2050_777;
v000001ec34ce2050_778 .array/port v000001ec34ce2050, 778;
v000001ec34ce2050_779 .array/port v000001ec34ce2050, 779;
v000001ec34ce2050_780 .array/port v000001ec34ce2050, 780;
v000001ec34ce2050_781 .array/port v000001ec34ce2050, 781;
E_000001ec34bca620/195 .event anyedge, v000001ec34ce2050_778, v000001ec34ce2050_779, v000001ec34ce2050_780, v000001ec34ce2050_781;
v000001ec34ce2050_782 .array/port v000001ec34ce2050, 782;
v000001ec34ce2050_783 .array/port v000001ec34ce2050, 783;
v000001ec34ce2050_784 .array/port v000001ec34ce2050, 784;
v000001ec34ce2050_785 .array/port v000001ec34ce2050, 785;
E_000001ec34bca620/196 .event anyedge, v000001ec34ce2050_782, v000001ec34ce2050_783, v000001ec34ce2050_784, v000001ec34ce2050_785;
v000001ec34ce2050_786 .array/port v000001ec34ce2050, 786;
v000001ec34ce2050_787 .array/port v000001ec34ce2050, 787;
v000001ec34ce2050_788 .array/port v000001ec34ce2050, 788;
v000001ec34ce2050_789 .array/port v000001ec34ce2050, 789;
E_000001ec34bca620/197 .event anyedge, v000001ec34ce2050_786, v000001ec34ce2050_787, v000001ec34ce2050_788, v000001ec34ce2050_789;
v000001ec34ce2050_790 .array/port v000001ec34ce2050, 790;
v000001ec34ce2050_791 .array/port v000001ec34ce2050, 791;
v000001ec34ce2050_792 .array/port v000001ec34ce2050, 792;
v000001ec34ce2050_793 .array/port v000001ec34ce2050, 793;
E_000001ec34bca620/198 .event anyedge, v000001ec34ce2050_790, v000001ec34ce2050_791, v000001ec34ce2050_792, v000001ec34ce2050_793;
v000001ec34ce2050_794 .array/port v000001ec34ce2050, 794;
v000001ec34ce2050_795 .array/port v000001ec34ce2050, 795;
v000001ec34ce2050_796 .array/port v000001ec34ce2050, 796;
v000001ec34ce2050_797 .array/port v000001ec34ce2050, 797;
E_000001ec34bca620/199 .event anyedge, v000001ec34ce2050_794, v000001ec34ce2050_795, v000001ec34ce2050_796, v000001ec34ce2050_797;
v000001ec34ce2050_798 .array/port v000001ec34ce2050, 798;
v000001ec34ce2050_799 .array/port v000001ec34ce2050, 799;
v000001ec34ce2050_800 .array/port v000001ec34ce2050, 800;
v000001ec34ce2050_801 .array/port v000001ec34ce2050, 801;
E_000001ec34bca620/200 .event anyedge, v000001ec34ce2050_798, v000001ec34ce2050_799, v000001ec34ce2050_800, v000001ec34ce2050_801;
v000001ec34ce2050_802 .array/port v000001ec34ce2050, 802;
v000001ec34ce2050_803 .array/port v000001ec34ce2050, 803;
v000001ec34ce2050_804 .array/port v000001ec34ce2050, 804;
v000001ec34ce2050_805 .array/port v000001ec34ce2050, 805;
E_000001ec34bca620/201 .event anyedge, v000001ec34ce2050_802, v000001ec34ce2050_803, v000001ec34ce2050_804, v000001ec34ce2050_805;
v000001ec34ce2050_806 .array/port v000001ec34ce2050, 806;
v000001ec34ce2050_807 .array/port v000001ec34ce2050, 807;
v000001ec34ce2050_808 .array/port v000001ec34ce2050, 808;
v000001ec34ce2050_809 .array/port v000001ec34ce2050, 809;
E_000001ec34bca620/202 .event anyedge, v000001ec34ce2050_806, v000001ec34ce2050_807, v000001ec34ce2050_808, v000001ec34ce2050_809;
v000001ec34ce2050_810 .array/port v000001ec34ce2050, 810;
v000001ec34ce2050_811 .array/port v000001ec34ce2050, 811;
v000001ec34ce2050_812 .array/port v000001ec34ce2050, 812;
v000001ec34ce2050_813 .array/port v000001ec34ce2050, 813;
E_000001ec34bca620/203 .event anyedge, v000001ec34ce2050_810, v000001ec34ce2050_811, v000001ec34ce2050_812, v000001ec34ce2050_813;
v000001ec34ce2050_814 .array/port v000001ec34ce2050, 814;
v000001ec34ce2050_815 .array/port v000001ec34ce2050, 815;
v000001ec34ce2050_816 .array/port v000001ec34ce2050, 816;
v000001ec34ce2050_817 .array/port v000001ec34ce2050, 817;
E_000001ec34bca620/204 .event anyedge, v000001ec34ce2050_814, v000001ec34ce2050_815, v000001ec34ce2050_816, v000001ec34ce2050_817;
v000001ec34ce2050_818 .array/port v000001ec34ce2050, 818;
v000001ec34ce2050_819 .array/port v000001ec34ce2050, 819;
v000001ec34ce2050_820 .array/port v000001ec34ce2050, 820;
v000001ec34ce2050_821 .array/port v000001ec34ce2050, 821;
E_000001ec34bca620/205 .event anyedge, v000001ec34ce2050_818, v000001ec34ce2050_819, v000001ec34ce2050_820, v000001ec34ce2050_821;
v000001ec34ce2050_822 .array/port v000001ec34ce2050, 822;
v000001ec34ce2050_823 .array/port v000001ec34ce2050, 823;
v000001ec34ce2050_824 .array/port v000001ec34ce2050, 824;
v000001ec34ce2050_825 .array/port v000001ec34ce2050, 825;
E_000001ec34bca620/206 .event anyedge, v000001ec34ce2050_822, v000001ec34ce2050_823, v000001ec34ce2050_824, v000001ec34ce2050_825;
v000001ec34ce2050_826 .array/port v000001ec34ce2050, 826;
v000001ec34ce2050_827 .array/port v000001ec34ce2050, 827;
v000001ec34ce2050_828 .array/port v000001ec34ce2050, 828;
v000001ec34ce2050_829 .array/port v000001ec34ce2050, 829;
E_000001ec34bca620/207 .event anyedge, v000001ec34ce2050_826, v000001ec34ce2050_827, v000001ec34ce2050_828, v000001ec34ce2050_829;
v000001ec34ce2050_830 .array/port v000001ec34ce2050, 830;
v000001ec34ce2050_831 .array/port v000001ec34ce2050, 831;
v000001ec34ce2050_832 .array/port v000001ec34ce2050, 832;
v000001ec34ce2050_833 .array/port v000001ec34ce2050, 833;
E_000001ec34bca620/208 .event anyedge, v000001ec34ce2050_830, v000001ec34ce2050_831, v000001ec34ce2050_832, v000001ec34ce2050_833;
v000001ec34ce2050_834 .array/port v000001ec34ce2050, 834;
v000001ec34ce2050_835 .array/port v000001ec34ce2050, 835;
v000001ec34ce2050_836 .array/port v000001ec34ce2050, 836;
v000001ec34ce2050_837 .array/port v000001ec34ce2050, 837;
E_000001ec34bca620/209 .event anyedge, v000001ec34ce2050_834, v000001ec34ce2050_835, v000001ec34ce2050_836, v000001ec34ce2050_837;
v000001ec34ce2050_838 .array/port v000001ec34ce2050, 838;
v000001ec34ce2050_839 .array/port v000001ec34ce2050, 839;
v000001ec34ce2050_840 .array/port v000001ec34ce2050, 840;
v000001ec34ce2050_841 .array/port v000001ec34ce2050, 841;
E_000001ec34bca620/210 .event anyedge, v000001ec34ce2050_838, v000001ec34ce2050_839, v000001ec34ce2050_840, v000001ec34ce2050_841;
v000001ec34ce2050_842 .array/port v000001ec34ce2050, 842;
v000001ec34ce2050_843 .array/port v000001ec34ce2050, 843;
v000001ec34ce2050_844 .array/port v000001ec34ce2050, 844;
v000001ec34ce2050_845 .array/port v000001ec34ce2050, 845;
E_000001ec34bca620/211 .event anyedge, v000001ec34ce2050_842, v000001ec34ce2050_843, v000001ec34ce2050_844, v000001ec34ce2050_845;
v000001ec34ce2050_846 .array/port v000001ec34ce2050, 846;
v000001ec34ce2050_847 .array/port v000001ec34ce2050, 847;
v000001ec34ce2050_848 .array/port v000001ec34ce2050, 848;
v000001ec34ce2050_849 .array/port v000001ec34ce2050, 849;
E_000001ec34bca620/212 .event anyedge, v000001ec34ce2050_846, v000001ec34ce2050_847, v000001ec34ce2050_848, v000001ec34ce2050_849;
v000001ec34ce2050_850 .array/port v000001ec34ce2050, 850;
v000001ec34ce2050_851 .array/port v000001ec34ce2050, 851;
v000001ec34ce2050_852 .array/port v000001ec34ce2050, 852;
v000001ec34ce2050_853 .array/port v000001ec34ce2050, 853;
E_000001ec34bca620/213 .event anyedge, v000001ec34ce2050_850, v000001ec34ce2050_851, v000001ec34ce2050_852, v000001ec34ce2050_853;
v000001ec34ce2050_854 .array/port v000001ec34ce2050, 854;
v000001ec34ce2050_855 .array/port v000001ec34ce2050, 855;
v000001ec34ce2050_856 .array/port v000001ec34ce2050, 856;
v000001ec34ce2050_857 .array/port v000001ec34ce2050, 857;
E_000001ec34bca620/214 .event anyedge, v000001ec34ce2050_854, v000001ec34ce2050_855, v000001ec34ce2050_856, v000001ec34ce2050_857;
v000001ec34ce2050_858 .array/port v000001ec34ce2050, 858;
v000001ec34ce2050_859 .array/port v000001ec34ce2050, 859;
v000001ec34ce2050_860 .array/port v000001ec34ce2050, 860;
v000001ec34ce2050_861 .array/port v000001ec34ce2050, 861;
E_000001ec34bca620/215 .event anyedge, v000001ec34ce2050_858, v000001ec34ce2050_859, v000001ec34ce2050_860, v000001ec34ce2050_861;
v000001ec34ce2050_862 .array/port v000001ec34ce2050, 862;
v000001ec34ce2050_863 .array/port v000001ec34ce2050, 863;
v000001ec34ce2050_864 .array/port v000001ec34ce2050, 864;
v000001ec34ce2050_865 .array/port v000001ec34ce2050, 865;
E_000001ec34bca620/216 .event anyedge, v000001ec34ce2050_862, v000001ec34ce2050_863, v000001ec34ce2050_864, v000001ec34ce2050_865;
v000001ec34ce2050_866 .array/port v000001ec34ce2050, 866;
v000001ec34ce2050_867 .array/port v000001ec34ce2050, 867;
v000001ec34ce2050_868 .array/port v000001ec34ce2050, 868;
v000001ec34ce2050_869 .array/port v000001ec34ce2050, 869;
E_000001ec34bca620/217 .event anyedge, v000001ec34ce2050_866, v000001ec34ce2050_867, v000001ec34ce2050_868, v000001ec34ce2050_869;
v000001ec34ce2050_870 .array/port v000001ec34ce2050, 870;
v000001ec34ce2050_871 .array/port v000001ec34ce2050, 871;
v000001ec34ce2050_872 .array/port v000001ec34ce2050, 872;
v000001ec34ce2050_873 .array/port v000001ec34ce2050, 873;
E_000001ec34bca620/218 .event anyedge, v000001ec34ce2050_870, v000001ec34ce2050_871, v000001ec34ce2050_872, v000001ec34ce2050_873;
v000001ec34ce2050_874 .array/port v000001ec34ce2050, 874;
v000001ec34ce2050_875 .array/port v000001ec34ce2050, 875;
v000001ec34ce2050_876 .array/port v000001ec34ce2050, 876;
v000001ec34ce2050_877 .array/port v000001ec34ce2050, 877;
E_000001ec34bca620/219 .event anyedge, v000001ec34ce2050_874, v000001ec34ce2050_875, v000001ec34ce2050_876, v000001ec34ce2050_877;
v000001ec34ce2050_878 .array/port v000001ec34ce2050, 878;
v000001ec34ce2050_879 .array/port v000001ec34ce2050, 879;
v000001ec34ce2050_880 .array/port v000001ec34ce2050, 880;
v000001ec34ce2050_881 .array/port v000001ec34ce2050, 881;
E_000001ec34bca620/220 .event anyedge, v000001ec34ce2050_878, v000001ec34ce2050_879, v000001ec34ce2050_880, v000001ec34ce2050_881;
v000001ec34ce2050_882 .array/port v000001ec34ce2050, 882;
v000001ec34ce2050_883 .array/port v000001ec34ce2050, 883;
v000001ec34ce2050_884 .array/port v000001ec34ce2050, 884;
v000001ec34ce2050_885 .array/port v000001ec34ce2050, 885;
E_000001ec34bca620/221 .event anyedge, v000001ec34ce2050_882, v000001ec34ce2050_883, v000001ec34ce2050_884, v000001ec34ce2050_885;
v000001ec34ce2050_886 .array/port v000001ec34ce2050, 886;
v000001ec34ce2050_887 .array/port v000001ec34ce2050, 887;
v000001ec34ce2050_888 .array/port v000001ec34ce2050, 888;
v000001ec34ce2050_889 .array/port v000001ec34ce2050, 889;
E_000001ec34bca620/222 .event anyedge, v000001ec34ce2050_886, v000001ec34ce2050_887, v000001ec34ce2050_888, v000001ec34ce2050_889;
v000001ec34ce2050_890 .array/port v000001ec34ce2050, 890;
v000001ec34ce2050_891 .array/port v000001ec34ce2050, 891;
v000001ec34ce2050_892 .array/port v000001ec34ce2050, 892;
v000001ec34ce2050_893 .array/port v000001ec34ce2050, 893;
E_000001ec34bca620/223 .event anyedge, v000001ec34ce2050_890, v000001ec34ce2050_891, v000001ec34ce2050_892, v000001ec34ce2050_893;
v000001ec34ce2050_894 .array/port v000001ec34ce2050, 894;
v000001ec34ce2050_895 .array/port v000001ec34ce2050, 895;
v000001ec34ce2050_896 .array/port v000001ec34ce2050, 896;
v000001ec34ce2050_897 .array/port v000001ec34ce2050, 897;
E_000001ec34bca620/224 .event anyedge, v000001ec34ce2050_894, v000001ec34ce2050_895, v000001ec34ce2050_896, v000001ec34ce2050_897;
v000001ec34ce2050_898 .array/port v000001ec34ce2050, 898;
v000001ec34ce2050_899 .array/port v000001ec34ce2050, 899;
v000001ec34ce2050_900 .array/port v000001ec34ce2050, 900;
v000001ec34ce2050_901 .array/port v000001ec34ce2050, 901;
E_000001ec34bca620/225 .event anyedge, v000001ec34ce2050_898, v000001ec34ce2050_899, v000001ec34ce2050_900, v000001ec34ce2050_901;
v000001ec34ce2050_902 .array/port v000001ec34ce2050, 902;
v000001ec34ce2050_903 .array/port v000001ec34ce2050, 903;
v000001ec34ce2050_904 .array/port v000001ec34ce2050, 904;
v000001ec34ce2050_905 .array/port v000001ec34ce2050, 905;
E_000001ec34bca620/226 .event anyedge, v000001ec34ce2050_902, v000001ec34ce2050_903, v000001ec34ce2050_904, v000001ec34ce2050_905;
v000001ec34ce2050_906 .array/port v000001ec34ce2050, 906;
v000001ec34ce2050_907 .array/port v000001ec34ce2050, 907;
v000001ec34ce2050_908 .array/port v000001ec34ce2050, 908;
v000001ec34ce2050_909 .array/port v000001ec34ce2050, 909;
E_000001ec34bca620/227 .event anyedge, v000001ec34ce2050_906, v000001ec34ce2050_907, v000001ec34ce2050_908, v000001ec34ce2050_909;
v000001ec34ce2050_910 .array/port v000001ec34ce2050, 910;
v000001ec34ce2050_911 .array/port v000001ec34ce2050, 911;
v000001ec34ce2050_912 .array/port v000001ec34ce2050, 912;
v000001ec34ce2050_913 .array/port v000001ec34ce2050, 913;
E_000001ec34bca620/228 .event anyedge, v000001ec34ce2050_910, v000001ec34ce2050_911, v000001ec34ce2050_912, v000001ec34ce2050_913;
v000001ec34ce2050_914 .array/port v000001ec34ce2050, 914;
v000001ec34ce2050_915 .array/port v000001ec34ce2050, 915;
v000001ec34ce2050_916 .array/port v000001ec34ce2050, 916;
v000001ec34ce2050_917 .array/port v000001ec34ce2050, 917;
E_000001ec34bca620/229 .event anyedge, v000001ec34ce2050_914, v000001ec34ce2050_915, v000001ec34ce2050_916, v000001ec34ce2050_917;
v000001ec34ce2050_918 .array/port v000001ec34ce2050, 918;
v000001ec34ce2050_919 .array/port v000001ec34ce2050, 919;
v000001ec34ce2050_920 .array/port v000001ec34ce2050, 920;
v000001ec34ce2050_921 .array/port v000001ec34ce2050, 921;
E_000001ec34bca620/230 .event anyedge, v000001ec34ce2050_918, v000001ec34ce2050_919, v000001ec34ce2050_920, v000001ec34ce2050_921;
v000001ec34ce2050_922 .array/port v000001ec34ce2050, 922;
v000001ec34ce2050_923 .array/port v000001ec34ce2050, 923;
v000001ec34ce2050_924 .array/port v000001ec34ce2050, 924;
v000001ec34ce2050_925 .array/port v000001ec34ce2050, 925;
E_000001ec34bca620/231 .event anyedge, v000001ec34ce2050_922, v000001ec34ce2050_923, v000001ec34ce2050_924, v000001ec34ce2050_925;
v000001ec34ce2050_926 .array/port v000001ec34ce2050, 926;
v000001ec34ce2050_927 .array/port v000001ec34ce2050, 927;
v000001ec34ce2050_928 .array/port v000001ec34ce2050, 928;
v000001ec34ce2050_929 .array/port v000001ec34ce2050, 929;
E_000001ec34bca620/232 .event anyedge, v000001ec34ce2050_926, v000001ec34ce2050_927, v000001ec34ce2050_928, v000001ec34ce2050_929;
v000001ec34ce2050_930 .array/port v000001ec34ce2050, 930;
v000001ec34ce2050_931 .array/port v000001ec34ce2050, 931;
v000001ec34ce2050_932 .array/port v000001ec34ce2050, 932;
v000001ec34ce2050_933 .array/port v000001ec34ce2050, 933;
E_000001ec34bca620/233 .event anyedge, v000001ec34ce2050_930, v000001ec34ce2050_931, v000001ec34ce2050_932, v000001ec34ce2050_933;
v000001ec34ce2050_934 .array/port v000001ec34ce2050, 934;
v000001ec34ce2050_935 .array/port v000001ec34ce2050, 935;
v000001ec34ce2050_936 .array/port v000001ec34ce2050, 936;
v000001ec34ce2050_937 .array/port v000001ec34ce2050, 937;
E_000001ec34bca620/234 .event anyedge, v000001ec34ce2050_934, v000001ec34ce2050_935, v000001ec34ce2050_936, v000001ec34ce2050_937;
v000001ec34ce2050_938 .array/port v000001ec34ce2050, 938;
v000001ec34ce2050_939 .array/port v000001ec34ce2050, 939;
v000001ec34ce2050_940 .array/port v000001ec34ce2050, 940;
v000001ec34ce2050_941 .array/port v000001ec34ce2050, 941;
E_000001ec34bca620/235 .event anyedge, v000001ec34ce2050_938, v000001ec34ce2050_939, v000001ec34ce2050_940, v000001ec34ce2050_941;
v000001ec34ce2050_942 .array/port v000001ec34ce2050, 942;
v000001ec34ce2050_943 .array/port v000001ec34ce2050, 943;
v000001ec34ce2050_944 .array/port v000001ec34ce2050, 944;
v000001ec34ce2050_945 .array/port v000001ec34ce2050, 945;
E_000001ec34bca620/236 .event anyedge, v000001ec34ce2050_942, v000001ec34ce2050_943, v000001ec34ce2050_944, v000001ec34ce2050_945;
v000001ec34ce2050_946 .array/port v000001ec34ce2050, 946;
v000001ec34ce2050_947 .array/port v000001ec34ce2050, 947;
v000001ec34ce2050_948 .array/port v000001ec34ce2050, 948;
v000001ec34ce2050_949 .array/port v000001ec34ce2050, 949;
E_000001ec34bca620/237 .event anyedge, v000001ec34ce2050_946, v000001ec34ce2050_947, v000001ec34ce2050_948, v000001ec34ce2050_949;
v000001ec34ce2050_950 .array/port v000001ec34ce2050, 950;
v000001ec34ce2050_951 .array/port v000001ec34ce2050, 951;
v000001ec34ce2050_952 .array/port v000001ec34ce2050, 952;
v000001ec34ce2050_953 .array/port v000001ec34ce2050, 953;
E_000001ec34bca620/238 .event anyedge, v000001ec34ce2050_950, v000001ec34ce2050_951, v000001ec34ce2050_952, v000001ec34ce2050_953;
v000001ec34ce2050_954 .array/port v000001ec34ce2050, 954;
v000001ec34ce2050_955 .array/port v000001ec34ce2050, 955;
v000001ec34ce2050_956 .array/port v000001ec34ce2050, 956;
v000001ec34ce2050_957 .array/port v000001ec34ce2050, 957;
E_000001ec34bca620/239 .event anyedge, v000001ec34ce2050_954, v000001ec34ce2050_955, v000001ec34ce2050_956, v000001ec34ce2050_957;
v000001ec34ce2050_958 .array/port v000001ec34ce2050, 958;
v000001ec34ce2050_959 .array/port v000001ec34ce2050, 959;
v000001ec34ce2050_960 .array/port v000001ec34ce2050, 960;
v000001ec34ce2050_961 .array/port v000001ec34ce2050, 961;
E_000001ec34bca620/240 .event anyedge, v000001ec34ce2050_958, v000001ec34ce2050_959, v000001ec34ce2050_960, v000001ec34ce2050_961;
v000001ec34ce2050_962 .array/port v000001ec34ce2050, 962;
v000001ec34ce2050_963 .array/port v000001ec34ce2050, 963;
v000001ec34ce2050_964 .array/port v000001ec34ce2050, 964;
v000001ec34ce2050_965 .array/port v000001ec34ce2050, 965;
E_000001ec34bca620/241 .event anyedge, v000001ec34ce2050_962, v000001ec34ce2050_963, v000001ec34ce2050_964, v000001ec34ce2050_965;
v000001ec34ce2050_966 .array/port v000001ec34ce2050, 966;
v000001ec34ce2050_967 .array/port v000001ec34ce2050, 967;
v000001ec34ce2050_968 .array/port v000001ec34ce2050, 968;
v000001ec34ce2050_969 .array/port v000001ec34ce2050, 969;
E_000001ec34bca620/242 .event anyedge, v000001ec34ce2050_966, v000001ec34ce2050_967, v000001ec34ce2050_968, v000001ec34ce2050_969;
v000001ec34ce2050_970 .array/port v000001ec34ce2050, 970;
v000001ec34ce2050_971 .array/port v000001ec34ce2050, 971;
v000001ec34ce2050_972 .array/port v000001ec34ce2050, 972;
v000001ec34ce2050_973 .array/port v000001ec34ce2050, 973;
E_000001ec34bca620/243 .event anyedge, v000001ec34ce2050_970, v000001ec34ce2050_971, v000001ec34ce2050_972, v000001ec34ce2050_973;
v000001ec34ce2050_974 .array/port v000001ec34ce2050, 974;
v000001ec34ce2050_975 .array/port v000001ec34ce2050, 975;
v000001ec34ce2050_976 .array/port v000001ec34ce2050, 976;
v000001ec34ce2050_977 .array/port v000001ec34ce2050, 977;
E_000001ec34bca620/244 .event anyedge, v000001ec34ce2050_974, v000001ec34ce2050_975, v000001ec34ce2050_976, v000001ec34ce2050_977;
v000001ec34ce2050_978 .array/port v000001ec34ce2050, 978;
v000001ec34ce2050_979 .array/port v000001ec34ce2050, 979;
v000001ec34ce2050_980 .array/port v000001ec34ce2050, 980;
v000001ec34ce2050_981 .array/port v000001ec34ce2050, 981;
E_000001ec34bca620/245 .event anyedge, v000001ec34ce2050_978, v000001ec34ce2050_979, v000001ec34ce2050_980, v000001ec34ce2050_981;
v000001ec34ce2050_982 .array/port v000001ec34ce2050, 982;
v000001ec34ce2050_983 .array/port v000001ec34ce2050, 983;
v000001ec34ce2050_984 .array/port v000001ec34ce2050, 984;
v000001ec34ce2050_985 .array/port v000001ec34ce2050, 985;
E_000001ec34bca620/246 .event anyedge, v000001ec34ce2050_982, v000001ec34ce2050_983, v000001ec34ce2050_984, v000001ec34ce2050_985;
v000001ec34ce2050_986 .array/port v000001ec34ce2050, 986;
v000001ec34ce2050_987 .array/port v000001ec34ce2050, 987;
v000001ec34ce2050_988 .array/port v000001ec34ce2050, 988;
v000001ec34ce2050_989 .array/port v000001ec34ce2050, 989;
E_000001ec34bca620/247 .event anyedge, v000001ec34ce2050_986, v000001ec34ce2050_987, v000001ec34ce2050_988, v000001ec34ce2050_989;
v000001ec34ce2050_990 .array/port v000001ec34ce2050, 990;
v000001ec34ce2050_991 .array/port v000001ec34ce2050, 991;
v000001ec34ce2050_992 .array/port v000001ec34ce2050, 992;
v000001ec34ce2050_993 .array/port v000001ec34ce2050, 993;
E_000001ec34bca620/248 .event anyedge, v000001ec34ce2050_990, v000001ec34ce2050_991, v000001ec34ce2050_992, v000001ec34ce2050_993;
v000001ec34ce2050_994 .array/port v000001ec34ce2050, 994;
v000001ec34ce2050_995 .array/port v000001ec34ce2050, 995;
v000001ec34ce2050_996 .array/port v000001ec34ce2050, 996;
v000001ec34ce2050_997 .array/port v000001ec34ce2050, 997;
E_000001ec34bca620/249 .event anyedge, v000001ec34ce2050_994, v000001ec34ce2050_995, v000001ec34ce2050_996, v000001ec34ce2050_997;
v000001ec34ce2050_998 .array/port v000001ec34ce2050, 998;
v000001ec34ce2050_999 .array/port v000001ec34ce2050, 999;
v000001ec34ce2050_1000 .array/port v000001ec34ce2050, 1000;
v000001ec34ce2050_1001 .array/port v000001ec34ce2050, 1001;
E_000001ec34bca620/250 .event anyedge, v000001ec34ce2050_998, v000001ec34ce2050_999, v000001ec34ce2050_1000, v000001ec34ce2050_1001;
v000001ec34ce2050_1002 .array/port v000001ec34ce2050, 1002;
v000001ec34ce2050_1003 .array/port v000001ec34ce2050, 1003;
v000001ec34ce2050_1004 .array/port v000001ec34ce2050, 1004;
v000001ec34ce2050_1005 .array/port v000001ec34ce2050, 1005;
E_000001ec34bca620/251 .event anyedge, v000001ec34ce2050_1002, v000001ec34ce2050_1003, v000001ec34ce2050_1004, v000001ec34ce2050_1005;
v000001ec34ce2050_1006 .array/port v000001ec34ce2050, 1006;
v000001ec34ce2050_1007 .array/port v000001ec34ce2050, 1007;
v000001ec34ce2050_1008 .array/port v000001ec34ce2050, 1008;
v000001ec34ce2050_1009 .array/port v000001ec34ce2050, 1009;
E_000001ec34bca620/252 .event anyedge, v000001ec34ce2050_1006, v000001ec34ce2050_1007, v000001ec34ce2050_1008, v000001ec34ce2050_1009;
v000001ec34ce2050_1010 .array/port v000001ec34ce2050, 1010;
v000001ec34ce2050_1011 .array/port v000001ec34ce2050, 1011;
v000001ec34ce2050_1012 .array/port v000001ec34ce2050, 1012;
v000001ec34ce2050_1013 .array/port v000001ec34ce2050, 1013;
E_000001ec34bca620/253 .event anyedge, v000001ec34ce2050_1010, v000001ec34ce2050_1011, v000001ec34ce2050_1012, v000001ec34ce2050_1013;
v000001ec34ce2050_1014 .array/port v000001ec34ce2050, 1014;
v000001ec34ce2050_1015 .array/port v000001ec34ce2050, 1015;
v000001ec34ce2050_1016 .array/port v000001ec34ce2050, 1016;
v000001ec34ce2050_1017 .array/port v000001ec34ce2050, 1017;
E_000001ec34bca620/254 .event anyedge, v000001ec34ce2050_1014, v000001ec34ce2050_1015, v000001ec34ce2050_1016, v000001ec34ce2050_1017;
v000001ec34ce2050_1018 .array/port v000001ec34ce2050, 1018;
v000001ec34ce2050_1019 .array/port v000001ec34ce2050, 1019;
v000001ec34ce2050_1020 .array/port v000001ec34ce2050, 1020;
v000001ec34ce2050_1021 .array/port v000001ec34ce2050, 1021;
E_000001ec34bca620/255 .event anyedge, v000001ec34ce2050_1018, v000001ec34ce2050_1019, v000001ec34ce2050_1020, v000001ec34ce2050_1021;
v000001ec34ce2050_1022 .array/port v000001ec34ce2050, 1022;
v000001ec34ce2050_1023 .array/port v000001ec34ce2050, 1023;
E_000001ec34bca620/256 .event anyedge, v000001ec34ce2050_1022, v000001ec34ce2050_1023;
E_000001ec34bca620 .event/or E_000001ec34bca620/0, E_000001ec34bca620/1, E_000001ec34bca620/2, E_000001ec34bca620/3, E_000001ec34bca620/4, E_000001ec34bca620/5, E_000001ec34bca620/6, E_000001ec34bca620/7, E_000001ec34bca620/8, E_000001ec34bca620/9, E_000001ec34bca620/10, E_000001ec34bca620/11, E_000001ec34bca620/12, E_000001ec34bca620/13, E_000001ec34bca620/14, E_000001ec34bca620/15, E_000001ec34bca620/16, E_000001ec34bca620/17, E_000001ec34bca620/18, E_000001ec34bca620/19, E_000001ec34bca620/20, E_000001ec34bca620/21, E_000001ec34bca620/22, E_000001ec34bca620/23, E_000001ec34bca620/24, E_000001ec34bca620/25, E_000001ec34bca620/26, E_000001ec34bca620/27, E_000001ec34bca620/28, E_000001ec34bca620/29, E_000001ec34bca620/30, E_000001ec34bca620/31, E_000001ec34bca620/32, E_000001ec34bca620/33, E_000001ec34bca620/34, E_000001ec34bca620/35, E_000001ec34bca620/36, E_000001ec34bca620/37, E_000001ec34bca620/38, E_000001ec34bca620/39, E_000001ec34bca620/40, E_000001ec34bca620/41, E_000001ec34bca620/42, E_000001ec34bca620/43, E_000001ec34bca620/44, E_000001ec34bca620/45, E_000001ec34bca620/46, E_000001ec34bca620/47, E_000001ec34bca620/48, E_000001ec34bca620/49, E_000001ec34bca620/50, E_000001ec34bca620/51, E_000001ec34bca620/52, E_000001ec34bca620/53, E_000001ec34bca620/54, E_000001ec34bca620/55, E_000001ec34bca620/56, E_000001ec34bca620/57, E_000001ec34bca620/58, E_000001ec34bca620/59, E_000001ec34bca620/60, E_000001ec34bca620/61, E_000001ec34bca620/62, E_000001ec34bca620/63, E_000001ec34bca620/64, E_000001ec34bca620/65, E_000001ec34bca620/66, E_000001ec34bca620/67, E_000001ec34bca620/68, E_000001ec34bca620/69, E_000001ec34bca620/70, E_000001ec34bca620/71, E_000001ec34bca620/72, E_000001ec34bca620/73, E_000001ec34bca620/74, E_000001ec34bca620/75, E_000001ec34bca620/76, E_000001ec34bca620/77, E_000001ec34bca620/78, E_000001ec34bca620/79, E_000001ec34bca620/80, E_000001ec34bca620/81, E_000001ec34bca620/82, E_000001ec34bca620/83, E_000001ec34bca620/84, E_000001ec34bca620/85, E_000001ec34bca620/86, E_000001ec34bca620/87, E_000001ec34bca620/88, E_000001ec34bca620/89, E_000001ec34bca620/90, E_000001ec34bca620/91, E_000001ec34bca620/92, E_000001ec34bca620/93, E_000001ec34bca620/94, E_000001ec34bca620/95, E_000001ec34bca620/96, E_000001ec34bca620/97, E_000001ec34bca620/98, E_000001ec34bca620/99, E_000001ec34bca620/100, E_000001ec34bca620/101, E_000001ec34bca620/102, E_000001ec34bca620/103, E_000001ec34bca620/104, E_000001ec34bca620/105, E_000001ec34bca620/106, E_000001ec34bca620/107, E_000001ec34bca620/108, E_000001ec34bca620/109, E_000001ec34bca620/110, E_000001ec34bca620/111, E_000001ec34bca620/112, E_000001ec34bca620/113, E_000001ec34bca620/114, E_000001ec34bca620/115, E_000001ec34bca620/116, E_000001ec34bca620/117, E_000001ec34bca620/118, E_000001ec34bca620/119, E_000001ec34bca620/120, E_000001ec34bca620/121, E_000001ec34bca620/122, E_000001ec34bca620/123, E_000001ec34bca620/124, E_000001ec34bca620/125, E_000001ec34bca620/126, E_000001ec34bca620/127, E_000001ec34bca620/128, E_000001ec34bca620/129, E_000001ec34bca620/130, E_000001ec34bca620/131, E_000001ec34bca620/132, E_000001ec34bca620/133, E_000001ec34bca620/134, E_000001ec34bca620/135, E_000001ec34bca620/136, E_000001ec34bca620/137, E_000001ec34bca620/138, E_000001ec34bca620/139, E_000001ec34bca620/140, E_000001ec34bca620/141, E_000001ec34bca620/142, E_000001ec34bca620/143, E_000001ec34bca620/144, E_000001ec34bca620/145, E_000001ec34bca620/146, E_000001ec34bca620/147, E_000001ec34bca620/148, E_000001ec34bca620/149, E_000001ec34bca620/150, E_000001ec34bca620/151, E_000001ec34bca620/152, E_000001ec34bca620/153, E_000001ec34bca620/154, E_000001ec34bca620/155, E_000001ec34bca620/156, E_000001ec34bca620/157, E_000001ec34bca620/158, E_000001ec34bca620/159, E_000001ec34bca620/160, E_000001ec34bca620/161, E_000001ec34bca620/162, E_000001ec34bca620/163, E_000001ec34bca620/164, E_000001ec34bca620/165, E_000001ec34bca620/166, E_000001ec34bca620/167, E_000001ec34bca620/168, E_000001ec34bca620/169, E_000001ec34bca620/170, E_000001ec34bca620/171, E_000001ec34bca620/172, E_000001ec34bca620/173, E_000001ec34bca620/174, E_000001ec34bca620/175, E_000001ec34bca620/176, E_000001ec34bca620/177, E_000001ec34bca620/178, E_000001ec34bca620/179, E_000001ec34bca620/180, E_000001ec34bca620/181, E_000001ec34bca620/182, E_000001ec34bca620/183, E_000001ec34bca620/184, E_000001ec34bca620/185, E_000001ec34bca620/186, E_000001ec34bca620/187, E_000001ec34bca620/188, E_000001ec34bca620/189, E_000001ec34bca620/190, E_000001ec34bca620/191, E_000001ec34bca620/192, E_000001ec34bca620/193, E_000001ec34bca620/194, E_000001ec34bca620/195, E_000001ec34bca620/196, E_000001ec34bca620/197, E_000001ec34bca620/198, E_000001ec34bca620/199, E_000001ec34bca620/200, E_000001ec34bca620/201, E_000001ec34bca620/202, E_000001ec34bca620/203, E_000001ec34bca620/204, E_000001ec34bca620/205, E_000001ec34bca620/206, E_000001ec34bca620/207, E_000001ec34bca620/208, E_000001ec34bca620/209, E_000001ec34bca620/210, E_000001ec34bca620/211, E_000001ec34bca620/212, E_000001ec34bca620/213, E_000001ec34bca620/214, E_000001ec34bca620/215, E_000001ec34bca620/216, E_000001ec34bca620/217, E_000001ec34bca620/218, E_000001ec34bca620/219, E_000001ec34bca620/220, E_000001ec34bca620/221, E_000001ec34bca620/222, E_000001ec34bca620/223, E_000001ec34bca620/224, E_000001ec34bca620/225, E_000001ec34bca620/226, E_000001ec34bca620/227, E_000001ec34bca620/228, E_000001ec34bca620/229, E_000001ec34bca620/230, E_000001ec34bca620/231, E_000001ec34bca620/232, E_000001ec34bca620/233, E_000001ec34bca620/234, E_000001ec34bca620/235, E_000001ec34bca620/236, E_000001ec34bca620/237, E_000001ec34bca620/238, E_000001ec34bca620/239, E_000001ec34bca620/240, E_000001ec34bca620/241, E_000001ec34bca620/242, E_000001ec34bca620/243, E_000001ec34bca620/244, E_000001ec34bca620/245, E_000001ec34bca620/246, E_000001ec34bca620/247, E_000001ec34bca620/248, E_000001ec34bca620/249, E_000001ec34bca620/250, E_000001ec34bca620/251, E_000001ec34bca620/252, E_000001ec34bca620/253, E_000001ec34bca620/254, E_000001ec34bca620/255, E_000001ec34bca620/256;
S_000001ec349beb00 .scope module, "processor_inst" "processor_pipeline" 4 111, 14 392 0, S_000001ec34c58df0;
 .timescale -9 -12;
    .port_info 0 /INPUT 1 "clk";
    .port_info 1 /INPUT 1 "rst";
    .port_info 2 /OUTPUT 1 "MemRead";
    .port_info 3 /OUTPUT 1 "MemWrite";
    .port_info 4 /OUTPUT 32 "mem_address";
    .port_info 5 /OUTPUT 32 "mem_write_data";
    .port_info 6 /INPUT 32 "mem_read_data";
    .port_info 7 /INPUT 1 "mem_stall";
    .port_info 8 /OUTPUT 2 "SystolicOp";
    .port_info 9 /OUTPUT 2 "SystolicOpEarly";
    .port_info 10 /OUTPUT 5 "result_index";
    .port_info 11 /INPUT 1 "systolic_busy";
    .port_info 12 /INPUT 32 "systolic_read_data";
    .port_info 13 /OUTPUT 32 "mem_pc";
L_000001ec34c42130 .functor AND 1, L_000001ec34d1a6b0, L_000001ec34c42210, C4<1>, C4<1>;
L_000001ec34c42830 .functor OR 1, L_000001ec34c42910, L_000001ec34c42130, C4<0>, C4<0>;
L_000001ec34c41790 .functor OR 1, L_000001ec34c41f70, L_000001ec34c42830, C4<0>, C4<0>;
L_000001ec34c42c20 .functor OR 1, L_000001ec34d1ead0, v000001ec34d01d50_0, C4<0>, C4<0>;
L_000001ec34c41560 .functor OR 1, L_000001ec34c42c20, v000001ec34d00f90_0, C4<0>, C4<0>;
L_000001ec34c41b10 .functor OR 1, v000001ec34d01d50_0, v000001ec34d00f90_0, C4<0>, C4<0>;
L_000001ec34c42590 .functor OR 1, L_000001ec34d1a890, v000001ec34d01d50_0, C4<0>, C4<0>;
L_000001ec34c41e90 .functor OR 1, L_000001ec34c42590, v000001ec34d00f90_0, C4<0>, C4<0>;
L_000001ec34c42520 .functor BUFZ 1, v000001ec34cfebf0_0, C4<0>, C4<0>, C4<0>;
L_000001ec34c424b0 .functor BUFZ 1, v000001ec34cfed30_0, C4<0>, C4<0>, C4<0>;
L_000001ec34c423d0 .functor BUFZ 32, v000001ec34cfff50_0, C4<00000000000000000000000000000000>, C4<00000000000000000000000000000000>, C4<00000000000000000000000000000000>;
L_000001ec34c42440 .functor BUFZ 32, v000001ec34cfec90_0, C4<00000000000000000000000000000000>, C4<00000000000000000000000000000000>, C4<00000000000000000000000000000000>;
L_000001ec34c41b80 .functor BUFZ 2, v000001ec34d04530_0, C4<00>, C4<00>, C4<00>;
L_000001ec34c41480 .functor BUFZ 2, v000001ec34cfea10_0, C4<00>, C4<00>, C4<00>;
L_000001ec34c42600 .functor NOT 1, L_000001ec34d1def0, C4<0>, C4<0>, C4<0>;
L_000001ec34c421a0 .functor NOT 1, L_000001ec34d1ea30, C4<0>, C4<0>, C4<0>;
L_000001ec34c41f00 .functor BUFZ 32, L_000001ec34d1efd0, C4<00000000000000000000000000000000>, C4<00000000000000000000000000000000>, C4<00000000000000000000000000000000>;
L_000001ec34c419c0 .functor BUFZ 1, v000001ec34cfdc00_0, C4<0>, C4<0>, C4<0>;
v000001ec34d0ba60_0 .net "ForwardA", 1 0, v000001ec34cfef10_0;  1 drivers
v000001ec34d0c140_0 .net "ForwardB", 1 0, v000001ec34d00630_0;  1 drivers
v000001ec34d0bd80_0 .net "MemRead", 0 0, L_000001ec34c42520;  alias, 1 drivers
v000001ec34d0aac0_0 .net "MemWrite", 0 0, L_000001ec34c424b0;  alias, 1 drivers
v000001ec34d0bb00_0 .net "SystolicOp", 1 0, L_000001ec34c41b80;  alias, 1 drivers
v000001ec34d0c3c0_0 .net "SystolicOpEarly", 1 0, L_000001ec34c41480;  alias, 1 drivers
L_000001ec34d22158 .functor BUFT 1, C4<10>, C4<0>, C4<0>, C4<0>;
v000001ec34d0c1e0_0 .net/2u *"_ivl_0", 1 0, L_000001ec34d22158;  1 drivers
v000001ec34d0c280_0 .net *"_ivl_101", 0 0, L_000001ec34d1ea30;  1 drivers
v000001ec34d0c320_0 .net *"_ivl_102", 0 0, L_000001ec34c421a0;  1 drivers
L_000001ec34d22860 .functor BUFT 1, C4<0>, C4<0>, C4<0>, C4<0>;
v000001ec34d0bba0_0 .net/2u *"_ivl_104", 0 0, L_000001ec34d22860;  1 drivers
v000001ec34d0b380_0 .net *"_ivl_106", 0 0, L_000001ec34d1ceb0;  1 drivers
v000001ec34d0c820_0 .net *"_ivl_108", 0 0, L_000001ec34d1ecb0;  1 drivers
v000001ec34d0c640_0 .net *"_ivl_110", 0 0, L_000001ec34d1dbd0;  1 drivers
L_000001ec34d228a8 .functor BUFT 1, C4<00000000000000000000000000000010>, C4<0>, C4<0>, C4<0>;
v000001ec34d0a980_0 .net/2u *"_ivl_118", 31 0, L_000001ec34d228a8;  1 drivers
L_000001ec34d228f0 .functor BUFT 1, C4<00000000000000000000000000000100>, C4<0>, C4<0>, C4<0>;
v000001ec34d0b740_0 .net/2u *"_ivl_120", 31 0, L_000001ec34d228f0;  1 drivers
v000001ec34d0b420_0 .net *"_ivl_122", 31 0, L_000001ec34d1df90;  1 drivers
L_000001ec34d229c8 .functor BUFT 1, C4<10>, C4<0>, C4<0>, C4<0>;
v000001ec34d0c460_0 .net/2u *"_ivl_126", 1 0, L_000001ec34d229c8;  1 drivers
v000001ec34d0be20_0 .net *"_ivl_128", 0 0, L_000001ec34d1f070;  1 drivers
v000001ec34d0b4c0_0 .net *"_ivl_130", 31 0, L_000001ec34d1d4f0;  1 drivers
v000001ec34d0aca0_0 .net *"_ivl_132", 31 0, L_000001ec34d1d590;  1 drivers
v000001ec34d0c780_0 .net *"_ivl_137", 1 0, L_000001ec34d1d630;  1 drivers
L_000001ec34d22a10 .functor BUFT 1, C4<11>, C4<0>, C4<0>, C4<0>;
v000001ec34d0d040_0 .net/2u *"_ivl_138", 1 0, L_000001ec34d22a10;  1 drivers
L_000001ec34d22a58 .functor BUFT 1, C4<00000000000000000000000000000010>, C4<0>, C4<0>, C4<0>;
v000001ec34d0c6e0_0 .net/2u *"_ivl_142", 31 0, L_000001ec34d22a58;  1 drivers
L_000001ec34d22aa0 .functor BUFT 1, C4<00000000000000000000000000000100>, C4<0>, C4<0>, C4<0>;
v000001ec34d0bc40_0 .net/2u *"_ivl_144", 31 0, L_000001ec34d22aa0;  1 drivers
v000001ec34d0cf00_0 .net *"_ivl_15", 0 0, L_000001ec34c42c20;  1 drivers
L_000001ec34d22ae8 .functor BUFT 1, C4<00000000000000000000000000000010>, C4<0>, C4<0>, C4<0>;
v000001ec34d0c0a0_0 .net/2u *"_ivl_150", 31 0, L_000001ec34d22ae8;  1 drivers
L_000001ec34d22b30 .functor BUFT 1, C4<00000000000000000000000000000100>, C4<0>, C4<0>, C4<0>;
v000001ec34d0caa0_0 .net/2u *"_ivl_152", 31 0, L_000001ec34d22b30;  1 drivers
v000001ec34d0bf60_0 .net *"_ivl_154", 31 0, L_000001ec34d1c9b0;  1 drivers
v000001ec34d0c8c0_0 .net *"_ivl_156", 31 0, L_000001ec34d1cc30;  1 drivers
v000001ec34d0a8e0_0 .net *"_ivl_160", 31 0, L_000001ec34d1d950;  1 drivers
v000001ec34d0c960_0 .net *"_ivl_162", 31 0, L_000001ec34d1dc70;  1 drivers
v000001ec34d0bec0_0 .net *"_ivl_19", 0 0, L_000001ec34c41b10;  1 drivers
v000001ec34d0bce0_0 .net *"_ivl_2", 0 0, L_000001ec34d1a6b0;  1 drivers
L_000001ec34d221a0 .functor BUFT 1, C4<000>, C4<0>, C4<0>, C4<0>;
v000001ec34d0aa20_0 .net/2u *"_ivl_22", 2 0, L_000001ec34d221a0;  1 drivers
v000001ec34d0ae80_0 .net *"_ivl_24", 0 0, L_000001ec34d1a890;  1 drivers
v000001ec34d0cfa0_0 .net *"_ivl_27", 0 0, L_000001ec34c42590;  1 drivers
L_000001ec34d225d8 .functor BUFT 1, C4<10>, C4<0>, C4<0>, C4<0>;
v000001ec34d0ab60_0 .net/2u *"_ivl_44", 1 0, L_000001ec34d225d8;  1 drivers
v000001ec34d0b2e0_0 .net *"_ivl_46", 0 0, L_000001ec34d1d1d0;  1 drivers
v000001ec34d0b7e0_0 .net *"_ivl_48", 31 0, L_000001ec34d1cff0;  1 drivers
L_000001ec34d22620 .functor BUFT 1, C4<01>, C4<0>, C4<0>, C4<0>;
v000001ec34d0c000_0 .net/2u *"_ivl_50", 1 0, L_000001ec34d22620;  1 drivers
v000001ec34d0afc0_0 .net *"_ivl_52", 0 0, L_000001ec34d1e670;  1 drivers
v000001ec34d0ca00_0 .net *"_ivl_54", 31 0, L_000001ec34d1ef30;  1 drivers
L_000001ec34d22668 .functor BUFT 1, C4<10>, C4<0>, C4<0>, C4<0>;
v000001ec34d0ac00_0 .net/2u *"_ivl_58", 1 0, L_000001ec34d22668;  1 drivers
v000001ec34d0ad40_0 .net *"_ivl_60", 0 0, L_000001ec34d1ec10;  1 drivers
v000001ec34d0cb40_0 .net *"_ivl_62", 31 0, L_000001ec34d1e2b0;  1 drivers
L_000001ec34d226b0 .functor BUFT 1, C4<01>, C4<0>, C4<0>, C4<0>;
v000001ec34d0b060_0 .net/2u *"_ivl_64", 1 0, L_000001ec34d226b0;  1 drivers
v000001ec34d0ade0_0 .net *"_ivl_66", 0 0, L_000001ec34d1e490;  1 drivers
v000001ec34d0cbe0_0 .net *"_ivl_68", 31 0, L_000001ec34d1db30;  1 drivers
L_000001ec34d22740 .functor BUFT 1, C4<001>, C4<0>, C4<0>, C4<0>;
v000001ec34d0cc80_0 .net/2u *"_ivl_80", 2 0, L_000001ec34d22740;  1 drivers
v000001ec34d0af20_0 .net *"_ivl_82", 0 0, L_000001ec34d1d130;  1 drivers
L_000001ec34d22788 .functor BUFT 1, C4<010>, C4<0>, C4<0>, C4<0>;
v000001ec34d0cd20_0 .net/2u *"_ivl_84", 2 0, L_000001ec34d22788;  1 drivers
v000001ec34d0b560_0 .net *"_ivl_86", 0 0, L_000001ec34d1ee90;  1 drivers
v000001ec34d0b100_0 .net *"_ivl_88", 0 0, L_000001ec34c42600;  1 drivers
L_000001ec34d227d0 .functor BUFT 1, C4<011>, C4<0>, C4<0>, C4<0>;
v000001ec34d0b600_0 .net/2u *"_ivl_90", 2 0, L_000001ec34d227d0;  1 drivers
v000001ec34d0b1a0_0 .net *"_ivl_92", 0 0, L_000001ec34d1e8f0;  1 drivers
v000001ec34d0b240_0 .net *"_ivl_95", 0 0, L_000001ec34d1e990;  1 drivers
L_000001ec34d22818 .functor BUFT 1, C4<100>, C4<0>, C4<0>, C4<0>;
v000001ec34d0b6a0_0 .net/2u *"_ivl_96", 2 0, L_000001ec34d22818;  1 drivers
v000001ec34d0b880_0 .net *"_ivl_98", 0 0, L_000001ec34d1caf0;  1 drivers
v000001ec34d0b920_0 .net "alu_control_res", 3 0, v000001ec34cfa780_0;  1 drivers
v000001ec34d0b9c0_0 .net "alu_result", 31 0, v000001ec34cfa280_0;  1 drivers
v000001ec34d0e760_0 .net "bp_btb_hit", 0 0, v000001ec34cfd5c0_0;  1 drivers
v000001ec34d0f7a0_0 .net "bp_predicted_target", 31 0, v000001ec34cfd3e0_0;  1 drivers
v000001ec34d0d360_0 .net "bp_prediction", 1 0, L_000001ec34c412c0;  1 drivers
v000001ec34d0dae0_0 .net "bp_prediction_flush", 0 0, v000001ec34cfdc00_0;  1 drivers
v000001ec34d0df40_0 .net "bp_prediction_taken", 0 0, L_000001ec34d1bf10;  1 drivers
v000001ec34d0d5e0_0 .net "bp_update_enable", 0 0, L_000001ec34c41e90;  1 drivers
v000001ec34d0e9e0_0 .net "clk", 0 0, v000001ec34d1bbf0_0;  alias, 1 drivers
v000001ec34d0e260_0 .net "compressed", 0 0, L_000001ec34d1e030;  1 drivers
v000001ec34d0dfe0_0 .net "ctrl_ALUOp", 3 0, v000001ec34cfd8e0_0;  1 drivers
v000001ec34d0e1c0_0 .net "ctrl_ALUSrc", 0 0, v000001ec34cfd980_0;  1 drivers
v000001ec34d0eb20_0 .net "ctrl_ALUSrcA", 0 0, v000001ec34cfdde0_0;  1 drivers
v000001ec34d0d540_0 .net "ctrl_BranchType", 2 0, v000001ec34cfde80_0;  1 drivers
v000001ec34d0f2a0_0 .net "ctrl_Jalr", 0 0, v000001ec34cfd160_0;  1 drivers
v000001ec34d0d860_0 .net "ctrl_Jump", 0 0, v000001ec34cfc8a0_0;  1 drivers
v000001ec34d0ea80_0 .net "ctrl_MemRead", 0 0, v000001ec34cfc940_0;  1 drivers
v000001ec34d0f340_0 .net "ctrl_MemToReg", 0 0, v000001ec34cfc9e0_0;  1 drivers
v000001ec34d0db80_0 .net "ctrl_MemWrite", 0 0, v000001ec34cfcd00_0;  1 drivers
v000001ec34d0eee0_0 .net "ctrl_RegWrite", 0 0, v000001ec34cfcc60_0;  1 drivers
v000001ec34d0d680_0 .net "ctrl_SystolicOp", 1 0, v000001ec34cfcda0_0;  1 drivers
v000001ec34d0ebc0_0 .net "current_pc", 31 0, v000001ec34d05430_0;  1 drivers
v000001ec34d0dc20_0 .net "ex_actual_taken", 0 0, L_000001ec34c41560;  1 drivers
v000001ec34d0dea0_0 .net "ex_actual_target", 31 0, L_000001ec34d1a9d0;  1 drivers
v000001ec34d0e120_0 .net "ex_branch_taken", 0 0, L_000001ec34d1ead0;  1 drivers
v000001ec34d0d720_0 .net "ex_branch_target", 31 0, L_000001ec34c41f00;  1 drivers
v000001ec34d0e620_0 .net "ex_jump_target", 31 0, L_000001ec34d1d3b0;  1 drivers
v000001ec34d0f700_0 .net "ex_mem_Jump", 0 0, v000001ec34d00130_0;  1 drivers
v000001ec34d0ef80_0 .net "ex_mem_MemRead", 0 0, v000001ec34cfebf0_0;  1 drivers
v000001ec34d0e080_0 .net "ex_mem_MemToReg", 0 0, v000001ec34cff410_0;  1 drivers
v000001ec34d0e6c0_0 .net "ex_mem_MemWrite", 0 0, v000001ec34cfed30_0;  1 drivers
v000001ec34d0ec60_0 .net "ex_mem_RegWrite", 0 0, v000001ec34cff4b0_0;  1 drivers
v000001ec34d0e300_0 .net "ex_mem_SystolicOp", 1 0, v000001ec34cfea10_0;  1 drivers
v000001ec34d0d180_0 .net "ex_mem_alu_result", 31 0, v000001ec34cfff50_0;  1 drivers
v000001ec34d0f3e0_0 .net "ex_mem_pc_plus_4", 31 0, v000001ec34cfe5b0_0;  1 drivers
v000001ec34d0e3a0_0 .net "ex_mem_rd", 4 0, v000001ec34cfe470_0;  1 drivers
v000001ec34d0ed00_0 .net "ex_mem_rs1", 31 0, v000001ec34d00770_0;  1 drivers
v000001ec34d0d7c0_0 .net "ex_mem_write_data", 31 0, v000001ec34cfec90_0;  1 drivers
v000001ec34d0f480_0 .net "ex_pc_plus_imm", 31 0, L_000001ec34d1efd0;  1 drivers
v000001ec34d0e4e0_0 .net "ex_rs1_plus_imm", 31 0, L_000001ec34d1e530;  1 drivers
v000001ec34d0e440_0 .net "expanded_instruction", 31 0, v000001ec34cfe6f0_0;  1 drivers
v000001ec34d0e580_0 .net "flush", 0 0, L_000001ec34c419c0;  1 drivers
v000001ec34d0f5c0_0 .net "forward_a_data", 31 0, L_000001ec34d1e7b0;  1 drivers
v000001ec34d0f520_0 .net "forward_b_data", 31 0, L_000001ec34d1e850;  1 drivers
v000001ec34d0eda0_0 .net "freeze_pipeline", 0 0, L_000001ec34c42830;  1 drivers
v000001ec34d0ee40_0 .net "funct3", 2 0, v000001ec34cfe8d0_0;  1 drivers
v000001ec34d0d900_0 .net "funct7", 6 0, v000001ec34d003b0_0;  1 drivers
v000001ec34d0e800_0 .net "global_stall", 0 0, L_000001ec34c41790;  1 drivers
v000001ec34d0d0e0_0 .net "hazard_stall", 0 0, L_000001ec34c41f70;  1 drivers
v000001ec34d0f160_0 .net "id_ex_ALUOp", 3 0, v000001ec34cfe1f0_0;  1 drivers
v000001ec34d0d9a0_0 .net "id_ex_ALUSrc", 0 0, v000001ec34d01df0_0;  1 drivers
v000001ec34d0da40_0 .net "id_ex_ALUSrcA", 0 0, v000001ec34cfe510_0;  1 drivers
v000001ec34d0f020_0 .net "id_ex_BranchType", 2 0, v000001ec34d01b70_0;  1 drivers
v000001ec34d0e8a0_0 .net "id_ex_Jalr", 0 0, v000001ec34d00f90_0;  1 drivers
v000001ec34d0f0c0_0 .net "id_ex_Jump", 0 0, v000001ec34d01d50_0;  1 drivers
v000001ec34d0f200_0 .net "id_ex_MemRead", 0 0, v000001ec34d01530_0;  1 drivers
v000001ec34d0dd60_0 .net "id_ex_MemToReg", 0 0, v000001ec34d00c70_0;  1 drivers
v000001ec34d0f840_0 .net "id_ex_MemWrite", 0 0, v000001ec34d00d10_0;  1 drivers
v000001ec34d0d220_0 .net "id_ex_RegWrite", 0 0, v000001ec34d01170_0;  1 drivers
v000001ec34d0f660_0 .net "id_ex_SystolicOp", 1 0, v000001ec34d01350_0;  1 drivers
v000001ec34d0de00_0 .net "id_ex_compressed", 0 0, v000001ec34d00950_0;  1 drivers
v000001ec34d0d2c0_0 .net "id_ex_funct3", 2 0, v000001ec34d01030_0;  1 drivers
v000001ec34d0d400_0 .net "id_ex_funct7", 6 0, v000001ec34d01710_0;  1 drivers
v000001ec34d0d4a0_0 .net "id_ex_imm", 31 0, v000001ec34d01a30_0;  1 drivers
v000001ec34d0dcc0_0 .net "id_ex_pc", 31 0, v000001ec34d01210_0;  1 drivers
v000001ec34d0e940_0 .net "id_ex_predicted_target", 31 0, v000001ec34d00e50_0;  1 drivers
v000001ec34d0fd40_0 .net "id_ex_prediction_taken", 0 0, v000001ec34d01490_0;  1 drivers
v000001ec34d0f980_0 .net "id_ex_rd", 4 0, v000001ec34d01ad0_0;  1 drivers
v000001ec34d0fa20_0 .net "id_ex_read_data1", 31 0, v000001ec34d079b0_0;  1 drivers
v000001ec34d0fac0_0 .net "id_ex_read_data2", 31 0, v000001ec34d072d0_0;  1 drivers
v000001ec34d0fb60_0 .net "id_ex_rs1", 4 0, v000001ec34d07690_0;  1 drivers
v000001ec34d0fca0_0 .net "id_ex_rs2", 4 0, v000001ec34d07230_0;  1 drivers
v000001ec34d0ffc0_0 .net "if_id_compressed", 0 0, v000001ec34d074b0_0;  1 drivers
v000001ec34d0fde0_0 .net "if_id_instr", 31 0, v000001ec34d07a50_0;  1 drivers
v000001ec34d0fe80_0 .net "if_id_pc", 31 0, v000001ec34d06fb0_0;  1 drivers
v000001ec34d0ff20_0 .net "if_id_predicted_target", 31 0, v000001ec34d077d0_0;  1 drivers
v000001ec34d0f8e0_0 .net "if_id_prediction_taken", 0 0, v000001ec34d07910_0;  1 drivers
v000001ec34d0fc00_0 .net "if_id_rs1", 4 0, L_000001ec34d1b010;  1 drivers
v000001ec34d08a40_0 .net "if_id_rs2", 4 0, L_000001ec34d1c4b0;  1 drivers
v000001ec34d08f40_0 .net "immediate", 31 0, v000001ec34d07cd0_0;  1 drivers
v000001ec34d0a200_0 .net "instr_code", 31 0, L_000001ec34d1bc90;  1 drivers
v000001ec34d09300_0 .net "mem_address", 31 0, L_000001ec34c423d0;  alias, 1 drivers
v000001ec34d09d00_0 .net "mem_pc", 31 0, v000001ec34cff550_0;  alias, 1 drivers
v000001ec34d08180_0 .net "mem_read_data", 31 0, v000001ec34c92240_0;  alias, 1 drivers
v000001ec34d09940_0 .net "mem_stall", 0 0, L_000001ec34c42910;  alias, 1 drivers
v000001ec34d08fe0_0 .net "mem_wb_Jump", 0 0, v000001ec34d04ad0_0;  1 drivers
v000001ec34d08c20_0 .net "mem_wb_MemToReg", 0 0, v000001ec34d059d0_0;  1 drivers
v000001ec34d08b80_0 .net "mem_wb_RegWrite", 0 0, v000001ec34d05e30_0;  1 drivers
v000001ec34d099e0_0 .net "mem_wb_SystolicOp", 1 0, v000001ec34d04530_0;  1 drivers
v000001ec34d0a7a0_0 .net "mem_wb_alu_result", 31 0, v000001ec34d05a70_0;  1 drivers
v000001ec34d08cc0_0 .net "mem_wb_memory_data", 31 0, v000001ec34d05b10_0;  1 drivers
v000001ec34d084a0_0 .net "mem_wb_pc_plus_4", 31 0, v000001ec34d04c10_0;  1 drivers
v000001ec34d09f80_0 .net "mem_wb_rd", 4 0, v000001ec34d05110_0;  1 drivers
v000001ec34d09620_0 .net "mem_wb_rs1", 31 0, v000001ec34d05390_0;  1 drivers
v000001ec34d09c60_0 .net "mem_write_data", 31 0, L_000001ec34c42440;  alias, 1 drivers
v000001ec34d08720_0 .net "next_pc", 31 0, L_000001ec34d1dd10;  1 drivers
v000001ec34d09440_0 .net "opcode", 6 0, v000001ec34cff910_0;  1 drivers
v000001ec34d098a0_0 .net "operand_a", 31 0, L_000001ec34d1e170;  1 drivers
v000001ec34d0a660_0 .net "operand_b", 31 0, L_000001ec34d1d450;  1 drivers
v000001ec34d09a80_0 .net "pc_increment", 31 0, L_000001ec34d1d6d0;  1 drivers
v000001ec34d09080_0 .net "rd", 4 0, v000001ec34cfe790_0;  1 drivers
v000001ec34d091c0_0 .net "read_data1", 31 0, L_000001ec34d1ca50;  1 drivers
v000001ec34d0a700_0 .net "read_data2", 31 0, L_000001ec34d1de50;  1 drivers
v000001ec34d0a2a0_0 .net "recovery_pc", 31 0, L_000001ec34d1d8b0;  1 drivers
v000001ec34d08860_0 .net "result_index", 4 0, L_000001ec34d1a750;  alias, 1 drivers
v000001ec34d0a5c0_0 .net "rs1", 4 0, v000001ec34cff230_0;  1 drivers
v000001ec34d096c0_0 .net "rs2", 4 0, v000001ec34cff2d0_0;  1 drivers
v000001ec34d09760_0 .net "rst", 0 0, v000001ec34d1c370_0;  alias, 1 drivers
v000001ec34d09ee0_0 .net "systolic_busy", 0 0, L_000001ec34c42210;  alias, 1 drivers
v000001ec34d08540_0 .net "systolic_read_data", 31 0, L_000001ec34d20d30;  alias, 1 drivers
v000001ec34d09b20_0 .net "systolic_stall", 0 0, L_000001ec34c42130;  1 drivers
v000001ec34d08d60_0 .net "wb_data", 31 0, L_000001ec34d1d9f0;  1 drivers
v000001ec34d08ea0_0 .net "zero_flag", 0 0, L_000001ec34d1def0;  1 drivers
L_000001ec34d1a6b0 .cmp/eq 2, v000001ec34cfea10_0, L_000001ec34d22158;
L_000001ec34d1b010 .part v000001ec34d07a50_0, 15, 5;
L_000001ec34d1c4b0 .part v000001ec34d07a50_0, 20, 5;
L_000001ec34d1a9d0 .functor MUXZ 32, L_000001ec34c41f00, L_000001ec34d1d3b0, L_000001ec34c41b10, C4<>;
L_000001ec34d1a890 .cmp/ne 3, v000001ec34d01b70_0, L_000001ec34d221a0;
L_000001ec34d1a750 .part v000001ec34d05390_0, 0, 5;
L_000001ec34d1d1d0 .cmp/eq 2, v000001ec34cfef10_0, L_000001ec34d225d8;
L_000001ec34d1cff0 .functor MUXZ 32, v000001ec34cfff50_0, v000001ec34c92240_0, v000001ec34cff410_0, C4<>;
L_000001ec34d1e670 .cmp/eq 2, v000001ec34cfef10_0, L_000001ec34d22620;
L_000001ec34d1ef30 .functor MUXZ 32, v000001ec34d079b0_0, L_000001ec34d1d9f0, L_000001ec34d1e670, C4<>;
L_000001ec34d1e7b0 .functor MUXZ 32, L_000001ec34d1ef30, L_000001ec34d1cff0, L_000001ec34d1d1d0, C4<>;
L_000001ec34d1ec10 .cmp/eq 2, v000001ec34d00630_0, L_000001ec34d22668;
L_000001ec34d1e2b0 .functor MUXZ 32, v000001ec34cfff50_0, v000001ec34c92240_0, v000001ec34cff410_0, C4<>;
L_000001ec34d1e490 .cmp/eq 2, v000001ec34d00630_0, L_000001ec34d226b0;
L_000001ec34d1db30 .functor MUXZ 32, v000001ec34d072d0_0, L_000001ec34d1d9f0, L_000001ec34d1e490, C4<>;
L_000001ec34d1e850 .functor MUXZ 32, L_000001ec34d1db30, L_000001ec34d1e2b0, L_000001ec34d1ec10, C4<>;
L_000001ec34d1e170 .functor MUXZ 32, L_000001ec34d1e7b0, v000001ec34d01210_0, v000001ec34cfe510_0, C4<>;
L_000001ec34d1d450 .functor MUXZ 32, L_000001ec34d1e850, v000001ec34d01a30_0, v000001ec34d01df0_0, C4<>;
L_000001ec34d1efd0 .arith/sum 32, v000001ec34d01210_0, v000001ec34d01a30_0;
L_000001ec34d1e530 .arith/sum 32, L_000001ec34d1e7b0, v000001ec34d01a30_0;
L_000001ec34d1d130 .cmp/eq 3, v000001ec34d01b70_0, L_000001ec34d22740;
L_000001ec34d1ee90 .cmp/eq 3, v000001ec34d01b70_0, L_000001ec34d22788;
L_000001ec34d1e8f0 .cmp/eq 3, v000001ec34d01b70_0, L_000001ec34d227d0;
L_000001ec34d1e990 .part v000001ec34cfa280_0, 0, 1;
L_000001ec34d1caf0 .cmp/eq 3, v000001ec34d01b70_0, L_000001ec34d22818;
L_000001ec34d1ea30 .part v000001ec34cfa280_0, 0, 1;
L_000001ec34d1ceb0 .functor MUXZ 1, L_000001ec34d22860, L_000001ec34c421a0, L_000001ec34d1caf0, C4<>;
L_000001ec34d1ecb0 .functor MUXZ 1, L_000001ec34d1ceb0, L_000001ec34d1e990, L_000001ec34d1e8f0, C4<>;
L_000001ec34d1dbd0 .functor MUXZ 1, L_000001ec34d1ecb0, L_000001ec34c42600, L_000001ec34d1ee90, C4<>;
L_000001ec34d1ead0 .functor MUXZ 1, L_000001ec34d1dbd0, L_000001ec34d1def0, L_000001ec34d1d130, C4<>;
L_000001ec34d1d3b0 .functor MUXZ 32, L_000001ec34d1efd0, L_000001ec34d1e530, v000001ec34d00f90_0, C4<>;
L_000001ec34d1df90 .functor MUXZ 32, L_000001ec34d228f0, L_000001ec34d228a8, v000001ec34d00950_0, C4<>;
L_000001ec34d1e5d0 .arith/sum 32, v000001ec34d01210_0, L_000001ec34d1df90;
L_000001ec34d1f070 .cmp/eq 2, v000001ec34d04530_0, L_000001ec34d229c8;
L_000001ec34d1d4f0 .functor MUXZ 32, v000001ec34d05a70_0, v000001ec34d05b10_0, v000001ec34d059d0_0, C4<>;
L_000001ec34d1d590 .functor MUXZ 32, L_000001ec34d1d4f0, L_000001ec34d20d30, L_000001ec34d1f070, C4<>;
L_000001ec34d1d9f0 .functor MUXZ 32, L_000001ec34d1d590, v000001ec34d04c10_0, v000001ec34d04ad0_0, C4<>;
L_000001ec34d1d630 .part L_000001ec34d1bc90, 0, 2;
L_000001ec34d1e030 .cmp/ne 2, L_000001ec34d1d630, L_000001ec34d22a10;
L_000001ec34d1d6d0 .functor MUXZ 32, L_000001ec34d22aa0, L_000001ec34d22a58, L_000001ec34d1e030, C4<>;
L_000001ec34d1c9b0 .functor MUXZ 32, L_000001ec34d22b30, L_000001ec34d22ae8, v000001ec34d00950_0, C4<>;
L_000001ec34d1cc30 .arith/sum 32, v000001ec34d01210_0, L_000001ec34d1c9b0;
L_000001ec34d1d8b0 .functor MUXZ 32, L_000001ec34d1cc30, L_000001ec34d1a9d0, L_000001ec34c41560, C4<>;
L_000001ec34d1d950 .arith/sum 32, v000001ec34d05430_0, L_000001ec34d1d6d0;
L_000001ec34d1dc70 .functor MUXZ 32, L_000001ec34d1d950, v000001ec34cfd3e0_0, L_000001ec34d1bf10, C4<>;
L_000001ec34d1dd10 .functor MUXZ 32, L_000001ec34d1dc70, L_000001ec34d1d8b0, v000001ec34cfdc00_0, C4<>;
S_000001ec349e4b90 .scope module, "alu_control_inst" "alu_control" 14 659, 15 1 0, S_000001ec349beb00;
 .timescale -9 -12;
    .port_info 0 /INPUT 4 "ALUOp";
    .port_info 1 /INPUT 3 "funct3";
    .port_info 2 /INPUT 7 "funct7";
    .port_info 3 /OUTPUT 4 "alu_control_res";
v000001ec34cfc4e0_0 .net "ALUOp", 3 0, v000001ec34cfe1f0_0;  alias, 1 drivers
v000001ec34cfa780_0 .var "alu_control_res", 3 0;
v000001ec34cfa0a0_0 .net "funct3", 2 0, v000001ec34d01030_0;  alias, 1 drivers
v000001ec34cfaa00_0 .net "funct7", 6 0, v000001ec34d01710_0;  alias, 1 drivers
E_000001ec34bcb160 .event anyedge, v000001ec34cfc4e0_0, v000001ec34cfa0a0_0, v000001ec34cfaa00_0;
S_000001ec34c7eb90 .scope module, "alu_inst" "alu" 14 678, 16 1 0, S_000001ec349beb00;
 .timescale -9 -12;
    .port_info 0 /INPUT 32 "operand_a";
    .port_info 1 /INPUT 32 "operand_b";
    .port_info 2 /INPUT 4 "alu_control";
    .port_info 3 /OUTPUT 32 "alu_result";
    .port_info 4 /OUTPUT 1 "zero_flag";
L_000001ec34d226f8 .functor BUFT 1, C4<00000000000000000000000000000000>, C4<0>, C4<0>, C4<0>;
v000001ec34cfa140_0 .net/2u *"_ivl_0", 31 0, L_000001ec34d226f8;  1 drivers
v000001ec34cfb540_0 .net "alu_control", 3 0, v000001ec34cfa780_0;  alias, 1 drivers
v000001ec34cfa280_0 .var "alu_result", 31 0;
v000001ec34cfa320_0 .net "operand_a", 31 0, L_000001ec34d1e170;  alias, 1 drivers
v000001ec34cfafa0_0 .net "operand_b", 31 0, L_000001ec34d1d450;  alias, 1 drivers
v000001ec34cfb360_0 .net "zero_flag", 0 0, L_000001ec34d1def0;  alias, 1 drivers
E_000001ec34bca6e0 .event anyedge, v000001ec34cfa780_0, v000001ec34cfa320_0, v000001ec34cfafa0_0;
L_000001ec34d1def0 .cmp/eq 32, v000001ec34cfa280_0, L_000001ec34d226f8;
S_000001ec34c7f040 .scope module, "bp_inst" "branch_predictor" 14 526, 17 1 0, S_000001ec349beb00;
 .timescale -9 -12;
    .port_info 0 /INPUT 1 "clk";
    .port_info 1 /INPUT 1 "rst";
    .port_info 2 /INPUT 32 "next_pc";
    .port_info 3 /INPUT 1 "actual_taken";
    .port_info 4 /INPUT 32 "ex_pc";
    .port_info 5 /INPUT 1 "update_enable";
    .port_info 6 /INPUT 32 "actual_target";
    .port_info 7 /INPUT 1 "id_ex_prediction_taken";
    .port_info 8 /INPUT 32 "id_ex_predicted_target";
    .port_info 9 /OUTPUT 32 "predicted_target";
    .port_info 10 /OUTPUT 2 "prediction";
    .port_info 11 /OUTPUT 1 "prediction_taken";
    .port_info 12 /OUTPUT 1 "btb_hit";
    .port_info 13 /OUTPUT 1 "prediction_flush";
P_000001ec34c57e50 .param/l "SNT" 0 17 23, C4<00>;
P_000001ec34c57e88 .param/l "ST" 0 17 26, C4<11>;
P_000001ec34c57ec0 .param/l "WNT" 0 17 24, C4<01>;
P_000001ec34c57ef8 .param/l "WT" 0 17 25, C4<10>;
L_000001ec34c412c0 .functor BUFZ 2, L_000001ec34d1b470, C4<00>, C4<00>, C4<00>;
L_000001ec34c41800 .functor BUFZ 2, L_000001ec34d1a1b0, C4<00>, C4<00>, C4<00>;
v000001ec34cfaaa0_0 .net *"_ivl_12", 32 0, L_000001ec34d1a930;  1 drivers
v000001ec34cfa3c0_0 .net *"_ivl_14", 9 0, L_000001ec34d1c2d0;  1 drivers
L_000001ec34d22308 .functor BUFT 1, C4<00>, C4<0>, C4<0>, C4<0>;
v000001ec34cfabe0_0 .net *"_ivl_17", 1 0, L_000001ec34d22308;  1 drivers
v000001ec34cfb4a0_0 .net *"_ivl_2", 1 0, L_000001ec34d1b470;  1 drivers
v000001ec34cfae60_0 .net *"_ivl_22", 1 0, L_000001ec34d1a1b0;  1 drivers
v000001ec34cfb040_0 .net *"_ivl_24", 9 0, L_000001ec34d1a430;  1 drivers
L_000001ec34d22350 .functor BUFT 1, C4<00>, C4<0>, C4<0>, C4<0>;
v000001ec34cfb7c0_0 .net *"_ivl_27", 1 0, L_000001ec34d22350;  1 drivers
v000001ec34cfb220_0 .net *"_ivl_4", 9 0, L_000001ec34d1b510;  1 drivers
L_000001ec34d222c0 .functor BUFT 1, C4<00>, C4<0>, C4<0>, C4<0>;
v000001ec34cfb720_0 .net *"_ivl_7", 1 0, L_000001ec34d222c0;  1 drivers
v000001ec34cfcee0_0 .net "actual_taken", 0 0, L_000001ec34c41560;  alias, 1 drivers
v000001ec34cfdb60_0 .net "actual_target", 31 0, L_000001ec34d1a9d0;  alias, 1 drivers
v000001ec34cfd340 .array "bht", 255 0, 1 0;
v000001ec34cfcb20 .array "btb", 255 0, 32 0;
v000001ec34cfd5c0_0 .var "btb_hit", 0 0;
v000001ec34cfd7a0_0 .net "clk", 0 0, v000001ec34d1bbf0_0;  alias, 1 drivers
v000001ec34cfce40_0 .net "current_state", 1 0, L_000001ec34c41800;  1 drivers
v000001ec34cfcf80_0 .net "ex_index", 7 0, L_000001ec34d1b970;  1 drivers
v000001ec34cfd020_0 .net "ex_pc", 31 0, v000001ec34d01210_0;  alias, 1 drivers
v000001ec34cfca80_0 .var/i "i", 31 0;
v000001ec34cfda20_0 .net "id_ex_predicted_target", 31 0, v000001ec34d00e50_0;  alias, 1 drivers
v000001ec34cfdf20_0 .net "id_ex_prediction_taken", 0 0, v000001ec34d01490_0;  alias, 1 drivers
v000001ec34cfd840_0 .net "index", 7 0, L_000001ec34d1c230;  1 drivers
v000001ec34cfcbc0_0 .net "next_pc", 31 0, v000001ec34d05430_0;  alias, 1 drivers
v000001ec34cfd3e0_0 .var "predicted_target", 31 0;
v000001ec34cfd660_0 .net "prediction", 1 0, L_000001ec34c412c0;  alias, 1 drivers
v000001ec34cfdc00_0 .var "prediction_flush", 0 0;
v000001ec34cfd0c0_0 .net "prediction_taken", 0 0, L_000001ec34d1bf10;  alias, 1 drivers
v000001ec34cfdac0_0 .net "rst", 0 0, v000001ec34d1c370_0;  alias, 1 drivers
v000001ec34cfdca0_0 .net "update_enable", 0 0, L_000001ec34c41e90;  alias, 1 drivers
v000001ec34cfdd40_0 .net "valid", 0 0, L_000001ec34d1b8d0;  1 drivers
E_000001ec34bca720/0 .event anyedge, v000001ec34cfdca0_0, v000001ec34cfcee0_0, v000001ec34cfdf20_0, v000001ec34cfda20_0;
E_000001ec34bca720/1 .event anyedge, v000001ec34cfdb60_0;
E_000001ec34bca720 .event/or E_000001ec34bca720/0, E_000001ec34bca720/1;
v000001ec34cfcb20_0 .array/port v000001ec34cfcb20, 0;
E_000001ec34bca760/0 .event anyedge, v000001ec34cfd0c0_0, v000001ec34cfdd40_0, v000001ec34cfd840_0, v000001ec34cfcb20_0;
v000001ec34cfcb20_1 .array/port v000001ec34cfcb20, 1;
v000001ec34cfcb20_2 .array/port v000001ec34cfcb20, 2;
v000001ec34cfcb20_3 .array/port v000001ec34cfcb20, 3;
v000001ec34cfcb20_4 .array/port v000001ec34cfcb20, 4;
E_000001ec34bca760/1 .event anyedge, v000001ec34cfcb20_1, v000001ec34cfcb20_2, v000001ec34cfcb20_3, v000001ec34cfcb20_4;
v000001ec34cfcb20_5 .array/port v000001ec34cfcb20, 5;
v000001ec34cfcb20_6 .array/port v000001ec34cfcb20, 6;
v000001ec34cfcb20_7 .array/port v000001ec34cfcb20, 7;
v000001ec34cfcb20_8 .array/port v000001ec34cfcb20, 8;
E_000001ec34bca760/2 .event anyedge, v000001ec34cfcb20_5, v000001ec34cfcb20_6, v000001ec34cfcb20_7, v000001ec34cfcb20_8;
v000001ec34cfcb20_9 .array/port v000001ec34cfcb20, 9;
v000001ec34cfcb20_10 .array/port v000001ec34cfcb20, 10;
v000001ec34cfcb20_11 .array/port v000001ec34cfcb20, 11;
v000001ec34cfcb20_12 .array/port v000001ec34cfcb20, 12;
E_000001ec34bca760/3 .event anyedge, v000001ec34cfcb20_9, v000001ec34cfcb20_10, v000001ec34cfcb20_11, v000001ec34cfcb20_12;
v000001ec34cfcb20_13 .array/port v000001ec34cfcb20, 13;
v000001ec34cfcb20_14 .array/port v000001ec34cfcb20, 14;
v000001ec34cfcb20_15 .array/port v000001ec34cfcb20, 15;
v000001ec34cfcb20_16 .array/port v000001ec34cfcb20, 16;
E_000001ec34bca760/4 .event anyedge, v000001ec34cfcb20_13, v000001ec34cfcb20_14, v000001ec34cfcb20_15, v000001ec34cfcb20_16;
v000001ec34cfcb20_17 .array/port v000001ec34cfcb20, 17;
v000001ec34cfcb20_18 .array/port v000001ec34cfcb20, 18;
v000001ec34cfcb20_19 .array/port v000001ec34cfcb20, 19;
v000001ec34cfcb20_20 .array/port v000001ec34cfcb20, 20;
E_000001ec34bca760/5 .event anyedge, v000001ec34cfcb20_17, v000001ec34cfcb20_18, v000001ec34cfcb20_19, v000001ec34cfcb20_20;
v000001ec34cfcb20_21 .array/port v000001ec34cfcb20, 21;
v000001ec34cfcb20_22 .array/port v000001ec34cfcb20, 22;
v000001ec34cfcb20_23 .array/port v000001ec34cfcb20, 23;
v000001ec34cfcb20_24 .array/port v000001ec34cfcb20, 24;
E_000001ec34bca760/6 .event anyedge, v000001ec34cfcb20_21, v000001ec34cfcb20_22, v000001ec34cfcb20_23, v000001ec34cfcb20_24;
v000001ec34cfcb20_25 .array/port v000001ec34cfcb20, 25;
v000001ec34cfcb20_26 .array/port v000001ec34cfcb20, 26;
v000001ec34cfcb20_27 .array/port v000001ec34cfcb20, 27;
v000001ec34cfcb20_28 .array/port v000001ec34cfcb20, 28;
E_000001ec34bca760/7 .event anyedge, v000001ec34cfcb20_25, v000001ec34cfcb20_26, v000001ec34cfcb20_27, v000001ec34cfcb20_28;
v000001ec34cfcb20_29 .array/port v000001ec34cfcb20, 29;
v000001ec34cfcb20_30 .array/port v000001ec34cfcb20, 30;
v000001ec34cfcb20_31 .array/port v000001ec34cfcb20, 31;
v000001ec34cfcb20_32 .array/port v000001ec34cfcb20, 32;
E_000001ec34bca760/8 .event anyedge, v000001ec34cfcb20_29, v000001ec34cfcb20_30, v000001ec34cfcb20_31, v000001ec34cfcb20_32;
v000001ec34cfcb20_33 .array/port v000001ec34cfcb20, 33;
v000001ec34cfcb20_34 .array/port v000001ec34cfcb20, 34;
v000001ec34cfcb20_35 .array/port v000001ec34cfcb20, 35;
v000001ec34cfcb20_36 .array/port v000001ec34cfcb20, 36;
E_000001ec34bca760/9 .event anyedge, v000001ec34cfcb20_33, v000001ec34cfcb20_34, v000001ec34cfcb20_35, v000001ec34cfcb20_36;
v000001ec34cfcb20_37 .array/port v000001ec34cfcb20, 37;
v000001ec34cfcb20_38 .array/port v000001ec34cfcb20, 38;
v000001ec34cfcb20_39 .array/port v000001ec34cfcb20, 39;
v000001ec34cfcb20_40 .array/port v000001ec34cfcb20, 40;
E_000001ec34bca760/10 .event anyedge, v000001ec34cfcb20_37, v000001ec34cfcb20_38, v000001ec34cfcb20_39, v000001ec34cfcb20_40;
v000001ec34cfcb20_41 .array/port v000001ec34cfcb20, 41;
v000001ec34cfcb20_42 .array/port v000001ec34cfcb20, 42;
v000001ec34cfcb20_43 .array/port v000001ec34cfcb20, 43;
v000001ec34cfcb20_44 .array/port v000001ec34cfcb20, 44;
E_000001ec34bca760/11 .event anyedge, v000001ec34cfcb20_41, v000001ec34cfcb20_42, v000001ec34cfcb20_43, v000001ec34cfcb20_44;
v000001ec34cfcb20_45 .array/port v000001ec34cfcb20, 45;
v000001ec34cfcb20_46 .array/port v000001ec34cfcb20, 46;
v000001ec34cfcb20_47 .array/port v000001ec34cfcb20, 47;
v000001ec34cfcb20_48 .array/port v000001ec34cfcb20, 48;
E_000001ec34bca760/12 .event anyedge, v000001ec34cfcb20_45, v000001ec34cfcb20_46, v000001ec34cfcb20_47, v000001ec34cfcb20_48;
v000001ec34cfcb20_49 .array/port v000001ec34cfcb20, 49;
v000001ec34cfcb20_50 .array/port v000001ec34cfcb20, 50;
v000001ec34cfcb20_51 .array/port v000001ec34cfcb20, 51;
v000001ec34cfcb20_52 .array/port v000001ec34cfcb20, 52;
E_000001ec34bca760/13 .event anyedge, v000001ec34cfcb20_49, v000001ec34cfcb20_50, v000001ec34cfcb20_51, v000001ec34cfcb20_52;
v000001ec34cfcb20_53 .array/port v000001ec34cfcb20, 53;
v000001ec34cfcb20_54 .array/port v000001ec34cfcb20, 54;
v000001ec34cfcb20_55 .array/port v000001ec34cfcb20, 55;
v000001ec34cfcb20_56 .array/port v000001ec34cfcb20, 56;
E_000001ec34bca760/14 .event anyedge, v000001ec34cfcb20_53, v000001ec34cfcb20_54, v000001ec34cfcb20_55, v000001ec34cfcb20_56;
v000001ec34cfcb20_57 .array/port v000001ec34cfcb20, 57;
v000001ec34cfcb20_58 .array/port v000001ec34cfcb20, 58;
v000001ec34cfcb20_59 .array/port v000001ec34cfcb20, 59;
v000001ec34cfcb20_60 .array/port v000001ec34cfcb20, 60;
E_000001ec34bca760/15 .event anyedge, v000001ec34cfcb20_57, v000001ec34cfcb20_58, v000001ec34cfcb20_59, v000001ec34cfcb20_60;
v000001ec34cfcb20_61 .array/port v000001ec34cfcb20, 61;
v000001ec34cfcb20_62 .array/port v000001ec34cfcb20, 62;
v000001ec34cfcb20_63 .array/port v000001ec34cfcb20, 63;
v000001ec34cfcb20_64 .array/port v000001ec34cfcb20, 64;
E_000001ec34bca760/16 .event anyedge, v000001ec34cfcb20_61, v000001ec34cfcb20_62, v000001ec34cfcb20_63, v000001ec34cfcb20_64;
v000001ec34cfcb20_65 .array/port v000001ec34cfcb20, 65;
v000001ec34cfcb20_66 .array/port v000001ec34cfcb20, 66;
v000001ec34cfcb20_67 .array/port v000001ec34cfcb20, 67;
v000001ec34cfcb20_68 .array/port v000001ec34cfcb20, 68;
E_000001ec34bca760/17 .event anyedge, v000001ec34cfcb20_65, v000001ec34cfcb20_66, v000001ec34cfcb20_67, v000001ec34cfcb20_68;
v000001ec34cfcb20_69 .array/port v000001ec34cfcb20, 69;
v000001ec34cfcb20_70 .array/port v000001ec34cfcb20, 70;
v000001ec34cfcb20_71 .array/port v000001ec34cfcb20, 71;
v000001ec34cfcb20_72 .array/port v000001ec34cfcb20, 72;
E_000001ec34bca760/18 .event anyedge, v000001ec34cfcb20_69, v000001ec34cfcb20_70, v000001ec34cfcb20_71, v000001ec34cfcb20_72;
v000001ec34cfcb20_73 .array/port v000001ec34cfcb20, 73;
v000001ec34cfcb20_74 .array/port v000001ec34cfcb20, 74;
v000001ec34cfcb20_75 .array/port v000001ec34cfcb20, 75;
v000001ec34cfcb20_76 .array/port v000001ec34cfcb20, 76;
E_000001ec34bca760/19 .event anyedge, v000001ec34cfcb20_73, v000001ec34cfcb20_74, v000001ec34cfcb20_75, v000001ec34cfcb20_76;
v000001ec34cfcb20_77 .array/port v000001ec34cfcb20, 77;
v000001ec34cfcb20_78 .array/port v000001ec34cfcb20, 78;
v000001ec34cfcb20_79 .array/port v000001ec34cfcb20, 79;
v000001ec34cfcb20_80 .array/port v000001ec34cfcb20, 80;
E_000001ec34bca760/20 .event anyedge, v000001ec34cfcb20_77, v000001ec34cfcb20_78, v000001ec34cfcb20_79, v000001ec34cfcb20_80;
v000001ec34cfcb20_81 .array/port v000001ec34cfcb20, 81;
v000001ec34cfcb20_82 .array/port v000001ec34cfcb20, 82;
v000001ec34cfcb20_83 .array/port v000001ec34cfcb20, 83;
v000001ec34cfcb20_84 .array/port v000001ec34cfcb20, 84;
E_000001ec34bca760/21 .event anyedge, v000001ec34cfcb20_81, v000001ec34cfcb20_82, v000001ec34cfcb20_83, v000001ec34cfcb20_84;
v000001ec34cfcb20_85 .array/port v000001ec34cfcb20, 85;
v000001ec34cfcb20_86 .array/port v000001ec34cfcb20, 86;
v000001ec34cfcb20_87 .array/port v000001ec34cfcb20, 87;
v000001ec34cfcb20_88 .array/port v000001ec34cfcb20, 88;
E_000001ec34bca760/22 .event anyedge, v000001ec34cfcb20_85, v000001ec34cfcb20_86, v000001ec34cfcb20_87, v000001ec34cfcb20_88;
v000001ec34cfcb20_89 .array/port v000001ec34cfcb20, 89;
v000001ec34cfcb20_90 .array/port v000001ec34cfcb20, 90;
v000001ec34cfcb20_91 .array/port v000001ec34cfcb20, 91;
v000001ec34cfcb20_92 .array/port v000001ec34cfcb20, 92;
E_000001ec34bca760/23 .event anyedge, v000001ec34cfcb20_89, v000001ec34cfcb20_90, v000001ec34cfcb20_91, v000001ec34cfcb20_92;
v000001ec34cfcb20_93 .array/port v000001ec34cfcb20, 93;
v000001ec34cfcb20_94 .array/port v000001ec34cfcb20, 94;
v000001ec34cfcb20_95 .array/port v000001ec34cfcb20, 95;
v000001ec34cfcb20_96 .array/port v000001ec34cfcb20, 96;
E_000001ec34bca760/24 .event anyedge, v000001ec34cfcb20_93, v000001ec34cfcb20_94, v000001ec34cfcb20_95, v000001ec34cfcb20_96;
v000001ec34cfcb20_97 .array/port v000001ec34cfcb20, 97;
v000001ec34cfcb20_98 .array/port v000001ec34cfcb20, 98;
v000001ec34cfcb20_99 .array/port v000001ec34cfcb20, 99;
v000001ec34cfcb20_100 .array/port v000001ec34cfcb20, 100;
E_000001ec34bca760/25 .event anyedge, v000001ec34cfcb20_97, v000001ec34cfcb20_98, v000001ec34cfcb20_99, v000001ec34cfcb20_100;
v000001ec34cfcb20_101 .array/port v000001ec34cfcb20, 101;
v000001ec34cfcb20_102 .array/port v000001ec34cfcb20, 102;
v000001ec34cfcb20_103 .array/port v000001ec34cfcb20, 103;
v000001ec34cfcb20_104 .array/port v000001ec34cfcb20, 104;
E_000001ec34bca760/26 .event anyedge, v000001ec34cfcb20_101, v000001ec34cfcb20_102, v000001ec34cfcb20_103, v000001ec34cfcb20_104;
v000001ec34cfcb20_105 .array/port v000001ec34cfcb20, 105;
v000001ec34cfcb20_106 .array/port v000001ec34cfcb20, 106;
v000001ec34cfcb20_107 .array/port v000001ec34cfcb20, 107;
v000001ec34cfcb20_108 .array/port v000001ec34cfcb20, 108;
E_000001ec34bca760/27 .event anyedge, v000001ec34cfcb20_105, v000001ec34cfcb20_106, v000001ec34cfcb20_107, v000001ec34cfcb20_108;
v000001ec34cfcb20_109 .array/port v000001ec34cfcb20, 109;
v000001ec34cfcb20_110 .array/port v000001ec34cfcb20, 110;
v000001ec34cfcb20_111 .array/port v000001ec34cfcb20, 111;
v000001ec34cfcb20_112 .array/port v000001ec34cfcb20, 112;
E_000001ec34bca760/28 .event anyedge, v000001ec34cfcb20_109, v000001ec34cfcb20_110, v000001ec34cfcb20_111, v000001ec34cfcb20_112;
v000001ec34cfcb20_113 .array/port v000001ec34cfcb20, 113;
v000001ec34cfcb20_114 .array/port v000001ec34cfcb20, 114;
v000001ec34cfcb20_115 .array/port v000001ec34cfcb20, 115;
v000001ec34cfcb20_116 .array/port v000001ec34cfcb20, 116;
E_000001ec34bca760/29 .event anyedge, v000001ec34cfcb20_113, v000001ec34cfcb20_114, v000001ec34cfcb20_115, v000001ec34cfcb20_116;
v000001ec34cfcb20_117 .array/port v000001ec34cfcb20, 117;
v000001ec34cfcb20_118 .array/port v000001ec34cfcb20, 118;
v000001ec34cfcb20_119 .array/port v000001ec34cfcb20, 119;
v000001ec34cfcb20_120 .array/port v000001ec34cfcb20, 120;
E_000001ec34bca760/30 .event anyedge, v000001ec34cfcb20_117, v000001ec34cfcb20_118, v000001ec34cfcb20_119, v000001ec34cfcb20_120;
v000001ec34cfcb20_121 .array/port v000001ec34cfcb20, 121;
v000001ec34cfcb20_122 .array/port v000001ec34cfcb20, 122;
v000001ec34cfcb20_123 .array/port v000001ec34cfcb20, 123;
v000001ec34cfcb20_124 .array/port v000001ec34cfcb20, 124;
E_000001ec34bca760/31 .event anyedge, v000001ec34cfcb20_121, v000001ec34cfcb20_122, v000001ec34cfcb20_123, v000001ec34cfcb20_124;
v000001ec34cfcb20_125 .array/port v000001ec34cfcb20, 125;
v000001ec34cfcb20_126 .array/port v000001ec34cfcb20, 126;
v000001ec34cfcb20_127 .array/port v000001ec34cfcb20, 127;
v000001ec34cfcb20_128 .array/port v000001ec34cfcb20, 128;
E_000001ec34bca760/32 .event anyedge, v000001ec34cfcb20_125, v000001ec34cfcb20_126, v000001ec34cfcb20_127, v000001ec34cfcb20_128;
v000001ec34cfcb20_129 .array/port v000001ec34cfcb20, 129;
v000001ec34cfcb20_130 .array/port v000001ec34cfcb20, 130;
v000001ec34cfcb20_131 .array/port v000001ec34cfcb20, 131;
v000001ec34cfcb20_132 .array/port v000001ec34cfcb20, 132;
E_000001ec34bca760/33 .event anyedge, v000001ec34cfcb20_129, v000001ec34cfcb20_130, v000001ec34cfcb20_131, v000001ec34cfcb20_132;
v000001ec34cfcb20_133 .array/port v000001ec34cfcb20, 133;
v000001ec34cfcb20_134 .array/port v000001ec34cfcb20, 134;
v000001ec34cfcb20_135 .array/port v000001ec34cfcb20, 135;
v000001ec34cfcb20_136 .array/port v000001ec34cfcb20, 136;
E_000001ec34bca760/34 .event anyedge, v000001ec34cfcb20_133, v000001ec34cfcb20_134, v000001ec34cfcb20_135, v000001ec34cfcb20_136;
v000001ec34cfcb20_137 .array/port v000001ec34cfcb20, 137;
v000001ec34cfcb20_138 .array/port v000001ec34cfcb20, 138;
v000001ec34cfcb20_139 .array/port v000001ec34cfcb20, 139;
v000001ec34cfcb20_140 .array/port v000001ec34cfcb20, 140;
E_000001ec34bca760/35 .event anyedge, v000001ec34cfcb20_137, v000001ec34cfcb20_138, v000001ec34cfcb20_139, v000001ec34cfcb20_140;
v000001ec34cfcb20_141 .array/port v000001ec34cfcb20, 141;
v000001ec34cfcb20_142 .array/port v000001ec34cfcb20, 142;
v000001ec34cfcb20_143 .array/port v000001ec34cfcb20, 143;
v000001ec34cfcb20_144 .array/port v000001ec34cfcb20, 144;
E_000001ec34bca760/36 .event anyedge, v000001ec34cfcb20_141, v000001ec34cfcb20_142, v000001ec34cfcb20_143, v000001ec34cfcb20_144;
v000001ec34cfcb20_145 .array/port v000001ec34cfcb20, 145;
v000001ec34cfcb20_146 .array/port v000001ec34cfcb20, 146;
v000001ec34cfcb20_147 .array/port v000001ec34cfcb20, 147;
v000001ec34cfcb20_148 .array/port v000001ec34cfcb20, 148;
E_000001ec34bca760/37 .event anyedge, v000001ec34cfcb20_145, v000001ec34cfcb20_146, v000001ec34cfcb20_147, v000001ec34cfcb20_148;
v000001ec34cfcb20_149 .array/port v000001ec34cfcb20, 149;
v000001ec34cfcb20_150 .array/port v000001ec34cfcb20, 150;
v000001ec34cfcb20_151 .array/port v000001ec34cfcb20, 151;
v000001ec34cfcb20_152 .array/port v000001ec34cfcb20, 152;
E_000001ec34bca760/38 .event anyedge, v000001ec34cfcb20_149, v000001ec34cfcb20_150, v000001ec34cfcb20_151, v000001ec34cfcb20_152;
v000001ec34cfcb20_153 .array/port v000001ec34cfcb20, 153;
v000001ec34cfcb20_154 .array/port v000001ec34cfcb20, 154;
v000001ec34cfcb20_155 .array/port v000001ec34cfcb20, 155;
v000001ec34cfcb20_156 .array/port v000001ec34cfcb20, 156;
E_000001ec34bca760/39 .event anyedge, v000001ec34cfcb20_153, v000001ec34cfcb20_154, v000001ec34cfcb20_155, v000001ec34cfcb20_156;
v000001ec34cfcb20_157 .array/port v000001ec34cfcb20, 157;
v000001ec34cfcb20_158 .array/port v000001ec34cfcb20, 158;
v000001ec34cfcb20_159 .array/port v000001ec34cfcb20, 159;
v000001ec34cfcb20_160 .array/port v000001ec34cfcb20, 160;
E_000001ec34bca760/40 .event anyedge, v000001ec34cfcb20_157, v000001ec34cfcb20_158, v000001ec34cfcb20_159, v000001ec34cfcb20_160;
v000001ec34cfcb20_161 .array/port v000001ec34cfcb20, 161;
v000001ec34cfcb20_162 .array/port v000001ec34cfcb20, 162;
v000001ec34cfcb20_163 .array/port v000001ec34cfcb20, 163;
v000001ec34cfcb20_164 .array/port v000001ec34cfcb20, 164;
E_000001ec34bca760/41 .event anyedge, v000001ec34cfcb20_161, v000001ec34cfcb20_162, v000001ec34cfcb20_163, v000001ec34cfcb20_164;
v000001ec34cfcb20_165 .array/port v000001ec34cfcb20, 165;
v000001ec34cfcb20_166 .array/port v000001ec34cfcb20, 166;
v000001ec34cfcb20_167 .array/port v000001ec34cfcb20, 167;
v000001ec34cfcb20_168 .array/port v000001ec34cfcb20, 168;
E_000001ec34bca760/42 .event anyedge, v000001ec34cfcb20_165, v000001ec34cfcb20_166, v000001ec34cfcb20_167, v000001ec34cfcb20_168;
v000001ec34cfcb20_169 .array/port v000001ec34cfcb20, 169;
v000001ec34cfcb20_170 .array/port v000001ec34cfcb20, 170;
v000001ec34cfcb20_171 .array/port v000001ec34cfcb20, 171;
v000001ec34cfcb20_172 .array/port v000001ec34cfcb20, 172;
E_000001ec34bca760/43 .event anyedge, v000001ec34cfcb20_169, v000001ec34cfcb20_170, v000001ec34cfcb20_171, v000001ec34cfcb20_172;
v000001ec34cfcb20_173 .array/port v000001ec34cfcb20, 173;
v000001ec34cfcb20_174 .array/port v000001ec34cfcb20, 174;
v000001ec34cfcb20_175 .array/port v000001ec34cfcb20, 175;
v000001ec34cfcb20_176 .array/port v000001ec34cfcb20, 176;
E_000001ec34bca760/44 .event anyedge, v000001ec34cfcb20_173, v000001ec34cfcb20_174, v000001ec34cfcb20_175, v000001ec34cfcb20_176;
v000001ec34cfcb20_177 .array/port v000001ec34cfcb20, 177;
v000001ec34cfcb20_178 .array/port v000001ec34cfcb20, 178;
v000001ec34cfcb20_179 .array/port v000001ec34cfcb20, 179;
v000001ec34cfcb20_180 .array/port v000001ec34cfcb20, 180;
E_000001ec34bca760/45 .event anyedge, v000001ec34cfcb20_177, v000001ec34cfcb20_178, v000001ec34cfcb20_179, v000001ec34cfcb20_180;
v000001ec34cfcb20_181 .array/port v000001ec34cfcb20, 181;
v000001ec34cfcb20_182 .array/port v000001ec34cfcb20, 182;
v000001ec34cfcb20_183 .array/port v000001ec34cfcb20, 183;
v000001ec34cfcb20_184 .array/port v000001ec34cfcb20, 184;
E_000001ec34bca760/46 .event anyedge, v000001ec34cfcb20_181, v000001ec34cfcb20_182, v000001ec34cfcb20_183, v000001ec34cfcb20_184;
v000001ec34cfcb20_185 .array/port v000001ec34cfcb20, 185;
v000001ec34cfcb20_186 .array/port v000001ec34cfcb20, 186;
v000001ec34cfcb20_187 .array/port v000001ec34cfcb20, 187;
v000001ec34cfcb20_188 .array/port v000001ec34cfcb20, 188;
E_000001ec34bca760/47 .event anyedge, v000001ec34cfcb20_185, v000001ec34cfcb20_186, v000001ec34cfcb20_187, v000001ec34cfcb20_188;
v000001ec34cfcb20_189 .array/port v000001ec34cfcb20, 189;
v000001ec34cfcb20_190 .array/port v000001ec34cfcb20, 190;
v000001ec34cfcb20_191 .array/port v000001ec34cfcb20, 191;
v000001ec34cfcb20_192 .array/port v000001ec34cfcb20, 192;
E_000001ec34bca760/48 .event anyedge, v000001ec34cfcb20_189, v000001ec34cfcb20_190, v000001ec34cfcb20_191, v000001ec34cfcb20_192;
v000001ec34cfcb20_193 .array/port v000001ec34cfcb20, 193;
v000001ec34cfcb20_194 .array/port v000001ec34cfcb20, 194;
v000001ec34cfcb20_195 .array/port v000001ec34cfcb20, 195;
v000001ec34cfcb20_196 .array/port v000001ec34cfcb20, 196;
E_000001ec34bca760/49 .event anyedge, v000001ec34cfcb20_193, v000001ec34cfcb20_194, v000001ec34cfcb20_195, v000001ec34cfcb20_196;
v000001ec34cfcb20_197 .array/port v000001ec34cfcb20, 197;
v000001ec34cfcb20_198 .array/port v000001ec34cfcb20, 198;
v000001ec34cfcb20_199 .array/port v000001ec34cfcb20, 199;
v000001ec34cfcb20_200 .array/port v000001ec34cfcb20, 200;
E_000001ec34bca760/50 .event anyedge, v000001ec34cfcb20_197, v000001ec34cfcb20_198, v000001ec34cfcb20_199, v000001ec34cfcb20_200;
v000001ec34cfcb20_201 .array/port v000001ec34cfcb20, 201;
v000001ec34cfcb20_202 .array/port v000001ec34cfcb20, 202;
v000001ec34cfcb20_203 .array/port v000001ec34cfcb20, 203;
v000001ec34cfcb20_204 .array/port v000001ec34cfcb20, 204;
E_000001ec34bca760/51 .event anyedge, v000001ec34cfcb20_201, v000001ec34cfcb20_202, v000001ec34cfcb20_203, v000001ec34cfcb20_204;
v000001ec34cfcb20_205 .array/port v000001ec34cfcb20, 205;
v000001ec34cfcb20_206 .array/port v000001ec34cfcb20, 206;
v000001ec34cfcb20_207 .array/port v000001ec34cfcb20, 207;
v000001ec34cfcb20_208 .array/port v000001ec34cfcb20, 208;
E_000001ec34bca760/52 .event anyedge, v000001ec34cfcb20_205, v000001ec34cfcb20_206, v000001ec34cfcb20_207, v000001ec34cfcb20_208;
v000001ec34cfcb20_209 .array/port v000001ec34cfcb20, 209;
v000001ec34cfcb20_210 .array/port v000001ec34cfcb20, 210;
v000001ec34cfcb20_211 .array/port v000001ec34cfcb20, 211;
v000001ec34cfcb20_212 .array/port v000001ec34cfcb20, 212;
E_000001ec34bca760/53 .event anyedge, v000001ec34cfcb20_209, v000001ec34cfcb20_210, v000001ec34cfcb20_211, v000001ec34cfcb20_212;
v000001ec34cfcb20_213 .array/port v000001ec34cfcb20, 213;
v000001ec34cfcb20_214 .array/port v000001ec34cfcb20, 214;
v000001ec34cfcb20_215 .array/port v000001ec34cfcb20, 215;
v000001ec34cfcb20_216 .array/port v000001ec34cfcb20, 216;
E_000001ec34bca760/54 .event anyedge, v000001ec34cfcb20_213, v000001ec34cfcb20_214, v000001ec34cfcb20_215, v000001ec34cfcb20_216;
v000001ec34cfcb20_217 .array/port v000001ec34cfcb20, 217;
v000001ec34cfcb20_218 .array/port v000001ec34cfcb20, 218;
v000001ec34cfcb20_219 .array/port v000001ec34cfcb20, 219;
v000001ec34cfcb20_220 .array/port v000001ec34cfcb20, 220;
E_000001ec34bca760/55 .event anyedge, v000001ec34cfcb20_217, v000001ec34cfcb20_218, v000001ec34cfcb20_219, v000001ec34cfcb20_220;
v000001ec34cfcb20_221 .array/port v000001ec34cfcb20, 221;
v000001ec34cfcb20_222 .array/port v000001ec34cfcb20, 222;
v000001ec34cfcb20_223 .array/port v000001ec34cfcb20, 223;
v000001ec34cfcb20_224 .array/port v000001ec34cfcb20, 224;
E_000001ec34bca760/56 .event anyedge, v000001ec34cfcb20_221, v000001ec34cfcb20_222, v000001ec34cfcb20_223, v000001ec34cfcb20_224;
v000001ec34cfcb20_225 .array/port v000001ec34cfcb20, 225;
v000001ec34cfcb20_226 .array/port v000001ec34cfcb20, 226;
v000001ec34cfcb20_227 .array/port v000001ec34cfcb20, 227;
v000001ec34cfcb20_228 .array/port v000001ec34cfcb20, 228;
E_000001ec34bca760/57 .event anyedge, v000001ec34cfcb20_225, v000001ec34cfcb20_226, v000001ec34cfcb20_227, v000001ec34cfcb20_228;
v000001ec34cfcb20_229 .array/port v000001ec34cfcb20, 229;
v000001ec34cfcb20_230 .array/port v000001ec34cfcb20, 230;
v000001ec34cfcb20_231 .array/port v000001ec34cfcb20, 231;
v000001ec34cfcb20_232 .array/port v000001ec34cfcb20, 232;
E_000001ec34bca760/58 .event anyedge, v000001ec34cfcb20_229, v000001ec34cfcb20_230, v000001ec34cfcb20_231, v000001ec34cfcb20_232;
v000001ec34cfcb20_233 .array/port v000001ec34cfcb20, 233;
v000001ec34cfcb20_234 .array/port v000001ec34cfcb20, 234;
v000001ec34cfcb20_235 .array/port v000001ec34cfcb20, 235;
v000001ec34cfcb20_236 .array/port v000001ec34cfcb20, 236;
E_000001ec34bca760/59 .event anyedge, v000001ec34cfcb20_233, v000001ec34cfcb20_234, v000001ec34cfcb20_235, v000001ec34cfcb20_236;
v000001ec34cfcb20_237 .array/port v000001ec34cfcb20, 237;
v000001ec34cfcb20_238 .array/port v000001ec34cfcb20, 238;
v000001ec34cfcb20_239 .array/port v000001ec34cfcb20, 239;
v000001ec34cfcb20_240 .array/port v000001ec34cfcb20, 240;
E_000001ec34bca760/60 .event anyedge, v000001ec34cfcb20_237, v000001ec34cfcb20_238, v000001ec34cfcb20_239, v000001ec34cfcb20_240;
v000001ec34cfcb20_241 .array/port v000001ec34cfcb20, 241;
v000001ec34cfcb20_242 .array/port v000001ec34cfcb20, 242;
v000001ec34cfcb20_243 .array/port v000001ec34cfcb20, 243;
v000001ec34cfcb20_244 .array/port v000001ec34cfcb20, 244;
E_000001ec34bca760/61 .event anyedge, v000001ec34cfcb20_241, v000001ec34cfcb20_242, v000001ec34cfcb20_243, v000001ec34cfcb20_244;
v000001ec34cfcb20_245 .array/port v000001ec34cfcb20, 245;
v000001ec34cfcb20_246 .array/port v000001ec34cfcb20, 246;
v000001ec34cfcb20_247 .array/port v000001ec34cfcb20, 247;
v000001ec34cfcb20_248 .array/port v000001ec34cfcb20, 248;
E_000001ec34bca760/62 .event anyedge, v000001ec34cfcb20_245, v000001ec34cfcb20_246, v000001ec34cfcb20_247, v000001ec34cfcb20_248;
v000001ec34cfcb20_249 .array/port v000001ec34cfcb20, 249;
v000001ec34cfcb20_250 .array/port v000001ec34cfcb20, 250;
v000001ec34cfcb20_251 .array/port v000001ec34cfcb20, 251;
v000001ec34cfcb20_252 .array/port v000001ec34cfcb20, 252;
E_000001ec34bca760/63 .event anyedge, v000001ec34cfcb20_249, v000001ec34cfcb20_250, v000001ec34cfcb20_251, v000001ec34cfcb20_252;
v000001ec34cfcb20_253 .array/port v000001ec34cfcb20, 253;
v000001ec34cfcb20_254 .array/port v000001ec34cfcb20, 254;
v000001ec34cfcb20_255 .array/port v000001ec34cfcb20, 255;
E_000001ec34bca760/64 .event anyedge, v000001ec34cfcb20_253, v000001ec34cfcb20_254, v000001ec34cfcb20_255, v000001ec34cfcbc0_0;
E_000001ec34bca760 .event/or E_000001ec34bca760/0, E_000001ec34bca760/1, E_000001ec34bca760/2, E_000001ec34bca760/3, E_000001ec34bca760/4, E_000001ec34bca760/5, E_000001ec34bca760/6, E_000001ec34bca760/7, E_000001ec34bca760/8, E_000001ec34bca760/9, E_000001ec34bca760/10, E_000001ec34bca760/11, E_000001ec34bca760/12, E_000001ec34bca760/13, E_000001ec34bca760/14, E_000001ec34bca760/15, E_000001ec34bca760/16, E_000001ec34bca760/17, E_000001ec34bca760/18, E_000001ec34bca760/19, E_000001ec34bca760/20, E_000001ec34bca760/21, E_000001ec34bca760/22, E_000001ec34bca760/23, E_000001ec34bca760/24, E_000001ec34bca760/25, E_000001ec34bca760/26, E_000001ec34bca760/27, E_000001ec34bca760/28, E_000001ec34bca760/29, E_000001ec34bca760/30, E_000001ec34bca760/31, E_000001ec34bca760/32, E_000001ec34bca760/33, E_000001ec34bca760/34, E_000001ec34bca760/35, E_000001ec34bca760/36, E_000001ec34bca760/37, E_000001ec34bca760/38, E_000001ec34bca760/39, E_000001ec34bca760/40, E_000001ec34bca760/41, E_000001ec34bca760/42, E_000001ec34bca760/43, E_000001ec34bca760/44, E_000001ec34bca760/45, E_000001ec34bca760/46, E_000001ec34bca760/47, E_000001ec34bca760/48, E_000001ec34bca760/49, E_000001ec34bca760/50, E_000001ec34bca760/51, E_000001ec34bca760/52, E_000001ec34bca760/53, E_000001ec34bca760/54, E_000001ec34bca760/55, E_000001ec34bca760/56, E_000001ec34bca760/57, E_000001ec34bca760/58, E_000001ec34bca760/59, E_000001ec34bca760/60, E_000001ec34bca760/61, E_000001ec34bca760/62, E_000001ec34bca760/63, E_000001ec34bca760/64;
L_000001ec34d1c230 .part v000001ec34d05430_0, 2, 8;
L_000001ec34d1b470 .array/port v000001ec34cfd340, L_000001ec34d1b510;
L_000001ec34d1b510 .concat [ 8 2 0 0], L_000001ec34d1c230, L_000001ec34d222c0;
L_000001ec34d1bf10 .part L_000001ec34c412c0, 1, 1;
L_000001ec34d1a930 .array/port v000001ec34cfcb20, L_000001ec34d1c2d0;
L_000001ec34d1c2d0 .concat [ 8 2 0 0], L_000001ec34d1c230, L_000001ec34d22308;
L_000001ec34d1b8d0 .part L_000001ec34d1a930, 32, 1;
L_000001ec34d1b970 .part v000001ec34d01210_0, 2, 8;
L_000001ec34d1a1b0 .array/port v000001ec34cfd340, L_000001ec34d1a430;
L_000001ec34d1a430 .concat [ 8 2 0 0], L_000001ec34d1b970, L_000001ec34d22350;
S_000001ec34c7ed20 .scope module, "control_unit_inst" "control_unit" 14 572, 18 1 0, S_000001ec349beb00;
 .timescale -9 -12;
    .port_info 0 /INPUT 7 "opcode";
    .port_info 1 /OUTPUT 1 "RegWrite";
    .port_info 2 /OUTPUT 1 "MemRead";
    .port_info 3 /OUTPUT 1 "MemWrite";
    .port_info 4 /OUTPUT 1 "MemToReg";
    .port_info 5 /OUTPUT 1 "ALUSrc";
    .port_info 6 /OUTPUT 3 "BranchType";
    .port_info 7 /OUTPUT 1 "Jump";
    .port_info 8 /OUTPUT 4 "ALUOp";
    .port_info 9 /OUTPUT 1 "ALUSrcA";
    .port_info 10 /OUTPUT 1 "Jalr";
    .port_info 11 /INPUT 3 "funct3";
    .port_info 12 /OUTPUT 2 "SystolicOp";
v000001ec34cfd8e0_0 .var "ALUOp", 3 0;
v000001ec34cfd980_0 .var "ALUSrc", 0 0;
v000001ec34cfdde0_0 .var "ALUSrcA", 0 0;
v000001ec34cfde80_0 .var "BranchType", 2 0;
v000001ec34cfd160_0 .var "Jalr", 0 0;
v000001ec34cfc8a0_0 .var "Jump", 0 0;
v000001ec34cfc940_0 .var "MemRead", 0 0;
v000001ec34cfc9e0_0 .var "MemToReg", 0 0;
v000001ec34cfcd00_0 .var "MemWrite", 0 0;
v000001ec34cfcc60_0 .var "RegWrite", 0 0;
v000001ec34cfcda0_0 .var "SystolicOp", 1 0;
v000001ec34cfd2a0_0 .net "funct3", 2 0, v000001ec34cfe8d0_0;  alias, 1 drivers
v000001ec34cfd520_0 .net "opcode", 6 0, v000001ec34cff910_0;  alias, 1 drivers
E_000001ec34bca920 .event anyedge, v000001ec34cfd520_0, v000001ec34cfd2a0_0;
S_000001ec34c7eeb0 .scope module, "decode_inst" "instr_decode" 14 561, 19 1 0, S_000001ec349beb00;
 .timescale -9 -12;
    .port_info 0 /INPUT 32 "instr";
    .port_info 1 /OUTPUT 7 "opcode";
    .port_info 2 /OUTPUT 5 "rd";
    .port_info 3 /OUTPUT 5 "rs1";
    .port_info 4 /OUTPUT 5 "rs2";
    .port_info 5 /OUTPUT 3 "funct3";
    .port_info 6 /OUTPUT 7 "funct7";
    .port_info 7 /OUTPUT 32 "expanded_instruction";
v000001ec34cfe830_0 .var "expanded_instr", 31 0;
v000001ec34cfe6f0_0 .var "expanded_instruction", 31 0;
v000001ec34cfe8d0_0 .var "funct3", 2 0;
v000001ec34d003b0_0 .var "funct7", 6 0;
v000001ec34cff190_0 .net "instr", 31 0, v000001ec34d07a50_0;  alias, 1 drivers
v000001ec34cfedd0_0 .net "last_2", 1 0, L_000001ec34d1e350;  1 drivers
v000001ec34cff910_0 .var "opcode", 6 0;
v000001ec34cfe790_0 .var "rd", 4 0;
v000001ec34cff230_0 .var "rs1", 4 0;
v000001ec34cff2d0_0 .var "rs2", 4 0;
E_000001ec34bca9e0/0 .event anyedge, v000001ec34cfedd0_0, v000001ec34cff190_0, v000001ec34cff370_0, v000001ec34cfd700_0;
E_000001ec34bca9e0/1 .event anyedge, v000001ec34cfd200_0, v000001ec34cfd480_0, v000001ec34cff0f0_0, v000001ec34cfe830_0;
E_000001ec34bca9e0 .event/or E_000001ec34bca9e0/0, E_000001ec34bca9e0/1;
L_000001ec34d1e350 .part v000001ec34d07a50_0, 0, 2;
S_000001ec34c7f1d0 .scope begin, "beqz_block" "beqz_block" 19 142, 19 142 0, S_000001ec34c7eeb0;
 .timescale -9 -12;
v000001ec34cfd700_0 .var "bimm", 8 0;
S_000001ec34c7f360 .scope begin, "bnez_block" "bnez_block" 19 157, 19 157 0, S_000001ec34c7eeb0;
 .timescale -9 -12;
v000001ec34cfd200_0 .var "bimm", 8 0;
S_000001ec34c7e6e0 .scope begin, "cj_block" "cj_block" 19 172, 19 172 0, S_000001ec34c7eeb0;
 .timescale -9 -12;
v000001ec34cfd480_0 .var "jimm", 11 0;
S_000001ec34c7e870 .scope begin, "cjal_block" "cjal_block" 19 185, 19 185 0, S_000001ec34c7eeb0;
 .timescale -9 -12;
v000001ec34cff0f0_0 .var "jimm", 11 0;
S_000001ec34c7e550 .scope begin, "cs_block" "cs_block" 19 129, 19 129 0, S_000001ec34c7eeb0;
 .timescale -9 -12;
v000001ec34cff370_0 .var "simm", 11 0;
S_000001ec34c7ea00 .scope module, "ex_mem_inst" "ex_mem" 14 696, 20 1 0, S_000001ec349beb00;
 .timescale -9 -12;
    .port_info 0 /INPUT 1 "clk";
    .port_info 1 /INPUT 1 "rst";
    .port_info 2 /INPUT 32 "alu_result_in";
    .port_info 3 /INPUT 32 "write_data_in";
    .port_info 4 /INPUT 5 "rd_in";
    .port_info 5 /INPUT 1 "RegWrite_in";
    .port_info 6 /INPUT 1 "MemRead_in";
    .port_info 7 /INPUT 1 "MemWrite_in";
    .port_info 8 /INPUT 1 "MemToReg_in";
    .port_info 9 /OUTPUT 32 "alu_result_out";
    .port_info 10 /OUTPUT 32 "write_data_out";
    .port_info 11 /OUTPUT 5 "rd_out";
    .port_info 12 /OUTPUT 1 "RegWrite_out";
    .port_info 13 /INPUT 32 "pc_in";
    .port_info 14 /OUTPUT 32 "pc_out";
    .port_info 15 /OUTPUT 1 "MemRead_out";
    .port_info 16 /OUTPUT 1 "MemWrite_out";
    .port_info 17 /OUTPUT 1 "MemToReg_out";
    .port_info 18 /INPUT 32 "pc_plus_4_in";
    .port_info 19 /OUTPUT 32 "pc_plus_4_out";
    .port_info 20 /INPUT 1 "Jump_in";
    .port_info 21 /OUTPUT 1 "Jump_out";
    .port_info 22 /INPUT 1 "stall";
    .port_info 23 /INPUT 2 "SystolicOp_in";
    .port_info 24 /INPUT 32 "rs1_in";
    .port_info 25 /OUTPUT 2 "SystolicOp_out";
    .port_info 26 /OUTPUT 32 "rs1_out";
v000001ec34cff730_0 .net "Jump_in", 0 0, v000001ec34d01d50_0;  alias, 1 drivers
v000001ec34d00130_0 .var "Jump_out", 0 0;
v000001ec34cfe970_0 .net "MemRead_in", 0 0, v000001ec34d01530_0;  alias, 1 drivers
v000001ec34cfebf0_0 .var "MemRead_out", 0 0;
v000001ec34cffeb0_0 .net "MemToReg_in", 0 0, v000001ec34d00c70_0;  alias, 1 drivers
v000001ec34cff410_0 .var "MemToReg_out", 0 0;
v000001ec34d00450_0 .net "MemWrite_in", 0 0, v000001ec34d00d10_0;  alias, 1 drivers
v000001ec34cfed30_0 .var "MemWrite_out", 0 0;
v000001ec34d006d0_0 .net "RegWrite_in", 0 0, v000001ec34d01170_0;  alias, 1 drivers
v000001ec34cff4b0_0 .var "RegWrite_out", 0 0;
v000001ec34cfe650_0 .net "SystolicOp_in", 1 0, v000001ec34d01350_0;  alias, 1 drivers
v000001ec34cfea10_0 .var "SystolicOp_out", 1 0;
v000001ec34cfefb0_0 .net "alu_result_in", 31 0, v000001ec34cfa280_0;  alias, 1 drivers
v000001ec34cfff50_0 .var "alu_result_out", 31 0;
v000001ec34cff050_0 .net "clk", 0 0, v000001ec34d1bbf0_0;  alias, 1 drivers
v000001ec34cfe290_0 .net "pc_in", 31 0, v000001ec34d01210_0;  alias, 1 drivers
v000001ec34cff550_0 .var "pc_out", 31 0;
v000001ec34cfeab0_0 .net "pc_plus_4_in", 31 0, L_000001ec34d1e5d0;  1 drivers
v000001ec34cfe5b0_0 .var "pc_plus_4_out", 31 0;
v000001ec34cfeb50_0 .net "rd_in", 4 0, v000001ec34d01ad0_0;  alias, 1 drivers
v000001ec34cfe470_0 .var "rd_out", 4 0;
v000001ec34cff5f0_0 .net "rs1_in", 31 0, L_000001ec34d1e7b0;  alias, 1 drivers
v000001ec34d00770_0 .var "rs1_out", 31 0;
v000001ec34d00810_0 .net "rst", 0 0, v000001ec34d1c370_0;  alias, 1 drivers
v000001ec34cfee70_0 .net "stall", 0 0, L_000001ec34c42830;  alias, 1 drivers
v000001ec34cffc30_0 .net "write_data_in", 31 0, L_000001ec34d1e850;  alias, 1 drivers
v000001ec34cfec90_0 .var "write_data_out", 31 0;
S_000001ec34d02a10 .scope module, "forwarding_unit_inst" "forwarding_unit" 14 750, 21 1 0, S_000001ec349beb00;
 .timescale -9 -12;
    .port_info 0 /INPUT 5 "id_ex_rs1";
    .port_info 1 /INPUT 5 "id_ex_rs2";
    .port_info 2 /INPUT 5 "ex_mem_rd";
    .port_info 3 /INPUT 1 "ex_mem_RegWrite";
    .port_info 4 /INPUT 5 "mem_wb_rd";
    .port_info 5 /INPUT 1 "mem_wb_RegWrite";
    .port_info 6 /OUTPUT 2 "ForwardA";
    .port_info 7 /OUTPUT 2 "ForwardB";
v000001ec34cfef10_0 .var "ForwardA", 1 0;
v000001ec34d00630_0 .var "ForwardB", 1 0;
v000001ec34cff690_0 .net "ex_mem_RegWrite", 0 0, v000001ec34cff4b0_0;  alias, 1 drivers
v000001ec34cff7d0_0 .net "ex_mem_rd", 4 0, v000001ec34cfe470_0;  alias, 1 drivers
v000001ec34cffd70_0 .net "id_ex_rs1", 4 0, v000001ec34d07690_0;  alias, 1 drivers
v000001ec34cff9b0_0 .net "id_ex_rs2", 4 0, v000001ec34d07230_0;  alias, 1 drivers
v000001ec34cff870_0 .net "mem_wb_RegWrite", 0 0, v000001ec34d05e30_0;  alias, 1 drivers
v000001ec34cffa50_0 .net "mem_wb_rd", 4 0, v000001ec34d05110_0;  alias, 1 drivers
E_000001ec34bcb9a0/0 .event anyedge, v000001ec34cff4b0_0, v000001ec34cfe470_0, v000001ec34cffd70_0, v000001ec34cff9b0_0;
E_000001ec34bcb9a0/1 .event anyedge, v000001ec34cff870_0, v000001ec34cffa50_0;
E_000001ec34bcb9a0 .event/or E_000001ec34bcb9a0/0, E_000001ec34bcb9a0/1;
S_000001ec34d02ec0 .scope module, "hazard_unit_inst" "hazard_detection_unit" 14 761, 22 1 0, S_000001ec349beb00;
 .timescale -9 -12;
    .port_info 0 /INPUT 1 "id_ex_MemRead";
    .port_info 1 /INPUT 5 "id_ex_rd";
    .port_info 2 /INPUT 5 "if_id_rs1";
    .port_info 3 /INPUT 5 "if_id_rs2";
    .port_info 4 /OUTPUT 1 "stall";
L_000001ec34c41d40 .functor AND 1, v000001ec34d01530_0, L_000001ec34d1ed50, C4<1>, C4<1>;
L_000001ec34c42670 .functor OR 1, L_000001ec34d1edf0, L_000001ec34d1d310, C4<0>, C4<0>;
L_000001ec34c41f70 .functor AND 1, L_000001ec34c41d40, L_000001ec34c42670, C4<1>, C4<1>;
v000001ec34cffb90_0 .net *"_ivl_0", 31 0, L_000001ec34d1d270;  1 drivers
v000001ec34cffaf0_0 .net *"_ivl_10", 0 0, L_000001ec34d1edf0;  1 drivers
v000001ec34cffcd0_0 .net *"_ivl_12", 0 0, L_000001ec34d1d310;  1 drivers
v000001ec34cffe10_0 .net *"_ivl_15", 0 0, L_000001ec34c42670;  1 drivers
L_000001ec34d22938 .functor BUFT 1, C4<000000000000000000000000000>, C4<0>, C4<0>, C4<0>;
v000001ec34cffff0_0 .net *"_ivl_3", 26 0, L_000001ec34d22938;  1 drivers
L_000001ec34d22980 .functor BUFT 1, C4<00000000000000000000000000000000>, C4<0>, C4<0>, C4<0>;
v000001ec34d00090_0 .net/2u *"_ivl_4", 31 0, L_000001ec34d22980;  1 drivers
v000001ec34d001d0_0 .net *"_ivl_6", 0 0, L_000001ec34d1ed50;  1 drivers
v000001ec34cfe330_0 .net *"_ivl_9", 0 0, L_000001ec34c41d40;  1 drivers
v000001ec34d00590_0 .net "id_ex_MemRead", 0 0, v000001ec34d01530_0;  alias, 1 drivers
v000001ec34d00270_0 .net "id_ex_rd", 4 0, v000001ec34d01ad0_0;  alias, 1 drivers
v000001ec34d00310_0 .net "if_id_rs1", 4 0, L_000001ec34d1b010;  alias, 1 drivers
v000001ec34d004f0_0 .net "if_id_rs2", 4 0, L_000001ec34d1c4b0;  alias, 1 drivers
v000001ec34cfe0b0_0 .net "stall", 0 0, L_000001ec34c41f70;  alias, 1 drivers
L_000001ec34d1d270 .concat [ 5 27 0 0], v000001ec34d01ad0_0, L_000001ec34d22938;
L_000001ec34d1ed50 .cmp/ne 32, L_000001ec34d1d270, L_000001ec34d22980;
L_000001ec34d1edf0 .cmp/eq 5, v000001ec34d01ad0_0, L_000001ec34d1b010;
L_000001ec34d1d310 .cmp/eq 5, v000001ec34d01ad0_0, L_000001ec34d1c4b0;
S_000001ec34d023d0 .scope module, "id_ex_inst" "id_ex" 14 605, 23 1 0, S_000001ec349beb00;
 .timescale -9 -12;
    .port_info 0 /INPUT 1 "clk";
    .port_info 1 /INPUT 1 "rst";
    .port_info 2 /INPUT 1 "flush";
    .port_info 3 /INPUT 1 "stall";
    .port_info 4 /INPUT 1 "cache_stall";
    .port_info 5 /INPUT 32 "pc_in";
    .port_info 6 /INPUT 32 "read_data1_in";
    .port_info 7 /INPUT 32 "read_data2_in";
    .port_info 8 /INPUT 32 "imm_in";
    .port_info 9 /INPUT 5 "rs1_in";
    .port_info 10 /INPUT 5 "rs2_in";
    .port_info 11 /INPUT 5 "rd_in";
    .port_info 12 /INPUT 1 "RegWrite_in";
    .port_info 13 /INPUT 1 "MemRead_in";
    .port_info 14 /INPUT 1 "MemWrite_in";
    .port_info 15 /INPUT 1 "MemToReg_in";
    .port_info 16 /INPUT 1 "ALUSrc_in";
    .port_info 17 /INPUT 1 "Jump_in";
    .port_info 18 /INPUT 1 "Jalr_in";
    .port_info 19 /INPUT 3 "funct3_in";
    .port_info 20 /INPUT 7 "funct7_in";
    .port_info 21 /INPUT 1 "ALUSrcA_in";
    .port_info 22 /INPUT 3 "BranchType_in";
    .port_info 23 /INPUT 4 "ALUOp_in";
    .port_info 24 /INPUT 1 "prediction_taken_in";
    .port_info 25 /INPUT 32 "predicted_target_in";
    .port_info 26 /INPUT 1 "compressed_in";
    .port_info 27 /OUTPUT 32 "pc_out";
    .port_info 28 /OUTPUT 32 "read_data1_out";
    .port_info 29 /OUTPUT 32 "read_data2_out";
    .port_info 30 /OUTPUT 32 "imm_out";
    .port_info 31 /OUTPUT 5 "rs1_out";
    .port_info 32 /OUTPUT 5 "rs2_out";
    .port_info 33 /OUTPUT 5 "rd_out";
    .port_info 34 /OUTPUT 3 "funct3_out";
    .port_info 35 /OUTPUT 7 "funct7_out";
    .port_info 36 /OUTPUT 1 "RegWrite_out";
    .port_info 37 /OUTPUT 1 "MemRead_out";
    .port_info 38 /OUTPUT 1 "MemWrite_out";
    .port_info 39 /OUTPUT 1 "MemToReg_out";
    .port_info 40 /OUTPUT 1 "ALUSrc_out";
    .port_info 41 /OUTPUT 1 "Jump_out";
    .port_info 42 /OUTPUT 1 "Jalr_out";
    .port_info 43 /OUTPUT 1 "ALUSrcA_out";
    .port_info 44 /OUTPUT 3 "BranchType_out";
    .port_info 45 /OUTPUT 4 "ALUOp_out";
    .port_info 46 /OUTPUT 1 "prediction_taken_out";
    .port_info 47 /OUTPUT 32 "predicted_target_out";
    .port_info 48 /OUTPUT 1 "compressed_out";
    .port_info 49 /INPUT 2 "SystolicOp_in";
    .port_info 50 /OUTPUT 2 "SystolicOp_out";
v000001ec34cfe150_0 .net "ALUOp_in", 3 0, v000001ec34cfd8e0_0;  alias, 1 drivers
v000001ec34cfe1f0_0 .var "ALUOp_out", 3 0;
v000001ec34cfe3d0_0 .net "ALUSrcA_in", 0 0, v000001ec34cfdde0_0;  alias, 1 drivers
v000001ec34cfe510_0 .var "ALUSrcA_out", 0 0;
v000001ec34d01c10_0 .net "ALUSrc_in", 0 0, v000001ec34cfd980_0;  alias, 1 drivers
v000001ec34d01df0_0 .var "ALUSrc_out", 0 0;
v000001ec34d008b0_0 .net "BranchType_in", 2 0, v000001ec34cfde80_0;  alias, 1 drivers
v000001ec34d01b70_0 .var "BranchType_out", 2 0;
v000001ec34d01cb0_0 .net "Jalr_in", 0 0, v000001ec34cfd160_0;  alias, 1 drivers
v000001ec34d00f90_0 .var "Jalr_out", 0 0;
v000001ec34d018f0_0 .net "Jump_in", 0 0, v000001ec34cfc8a0_0;  alias, 1 drivers
v000001ec34d01d50_0 .var "Jump_out", 0 0;
v000001ec34d01670_0 .net "MemRead_in", 0 0, v000001ec34cfc940_0;  alias, 1 drivers
v000001ec34d01530_0 .var "MemRead_out", 0 0;
v000001ec34d01990_0 .net "MemToReg_in", 0 0, v000001ec34cfc9e0_0;  alias, 1 drivers
v000001ec34d00c70_0 .var "MemToReg_out", 0 0;
v000001ec34d01f30_0 .net "MemWrite_in", 0 0, v000001ec34cfcd00_0;  alias, 1 drivers
v000001ec34d00d10_0 .var "MemWrite_out", 0 0;
v000001ec34d00ef0_0 .net "RegWrite_in", 0 0, v000001ec34cfcc60_0;  alias, 1 drivers
v000001ec34d01170_0 .var "RegWrite_out", 0 0;
v000001ec34d00bd0_0 .net "SystolicOp_in", 1 0, v000001ec34cfcda0_0;  alias, 1 drivers
v000001ec34d01350_0 .var "SystolicOp_out", 1 0;
v000001ec34d017b0_0 .net "cache_stall", 0 0, L_000001ec34c42830;  alias, 1 drivers
v000001ec34d013f0_0 .net "clk", 0 0, v000001ec34d1bbf0_0;  alias, 1 drivers
v000001ec34d01e90_0 .net "compressed_in", 0 0, v000001ec34d074b0_0;  alias, 1 drivers
v000001ec34d00950_0 .var "compressed_out", 0 0;
v000001ec34d015d0_0 .net "flush", 0 0, L_000001ec34c419c0;  alias, 1 drivers
v000001ec34d009f0_0 .net "funct3_in", 2 0, v000001ec34cfe8d0_0;  alias, 1 drivers
v000001ec34d01030_0 .var "funct3_out", 2 0;
v000001ec34d00a90_0 .net "funct7_in", 6 0, v000001ec34d003b0_0;  alias, 1 drivers
v000001ec34d01710_0 .var "funct7_out", 6 0;
v000001ec34d00db0_0 .net "imm_in", 31 0, v000001ec34d07cd0_0;  alias, 1 drivers
v000001ec34d01a30_0 .var "imm_out", 31 0;
v000001ec34d010d0_0 .net "pc_in", 31 0, v000001ec34d06fb0_0;  alias, 1 drivers
v000001ec34d01210_0 .var "pc_out", 31 0;
v000001ec34d00b30_0 .net "predicted_target_in", 31 0, v000001ec34d077d0_0;  alias, 1 drivers
v000001ec34d00e50_0 .var "predicted_target_out", 31 0;
v000001ec34d012b0_0 .net "prediction_taken_in", 0 0, v000001ec34d07910_0;  alias, 1 drivers
v000001ec34d01490_0 .var "prediction_taken_out", 0 0;
v000001ec34d01850_0 .net "rd_in", 4 0, v000001ec34cfe790_0;  alias, 1 drivers
v000001ec34d01ad0_0 .var "rd_out", 4 0;
v000001ec34d06bf0_0 .net "read_data1_in", 31 0, L_000001ec34d1ca50;  alias, 1 drivers
v000001ec34d079b0_0 .var "read_data1_out", 31 0;
v000001ec34d06b50_0 .net "read_data2_in", 31 0, L_000001ec34d1de50;  alias, 1 drivers
v000001ec34d072d0_0 .var "read_data2_out", 31 0;
v000001ec34d07050_0 .net "rs1_in", 4 0, v000001ec34cff230_0;  alias, 1 drivers
v000001ec34d07690_0 .var "rs1_out", 4 0;
v000001ec34d06c90_0 .net "rs2_in", 4 0, v000001ec34cff2d0_0;  alias, 1 drivers
v000001ec34d07230_0 .var "rs2_out", 4 0;
v000001ec34d06e70_0 .net "rst", 0 0, v000001ec34d1c370_0;  alias, 1 drivers
v000001ec34d07370_0 .net "stall", 0 0, L_000001ec34c41f70;  alias, 1 drivers
S_000001ec34d039b0 .scope module, "if_id_inst" "if_id" 14 543, 24 1 0, S_000001ec349beb00;
 .timescale -9 -12;
    .port_info 0 /INPUT 1 "clk";
    .port_info 1 /INPUT 1 "rst";
    .port_info 2 /INPUT 1 "flush";
    .port_info 3 /INPUT 32 "pc_in";
    .port_info 4 /INPUT 32 "instr_in";
    .port_info 5 /OUTPUT 32 "pc_out";
    .port_info 6 /OUTPUT 32 "instr_out";
    .port_info 7 /INPUT 1 "stall";
    .port_info 8 /INPUT 1 "cache_stall";
    .port_info 9 /INPUT 1 "prediction_taken_in";
    .port_info 10 /INPUT 32 "predicted_target_in";
    .port_info 11 /INPUT 1 "compressed_in";
    .port_info 12 /OUTPUT 1 "prediction_taken_out";
    .port_info 13 /OUTPUT 32 "predicted_target_out";
    .port_info 14 /OUTPUT 1 "compressed_out";
v000001ec34d06d30_0 .net *"_ivl_0", 0 0, L_000001ec34d1a4d0;  1 drivers
L_000001ec34d22398 .functor BUFT 1, C4<00>, C4<0>, C4<0>, C4<0>;
v000001ec34d06f10_0 .net/2s *"_ivl_2", 1 0, L_000001ec34d22398;  1 drivers
L_000001ec34d223e0 .functor BUFT 1, C4<01>, C4<0>, C4<0>, C4<0>;
v000001ec34d070f0_0 .net/2s *"_ivl_4", 1 0, L_000001ec34d223e0;  1 drivers
v000001ec34d07870_0 .net *"_ivl_6", 1 0, L_000001ec34d1cb90;  1 drivers
v000001ec34d07eb0_0 .net "cache_stall", 0 0, L_000001ec34c42830;  alias, 1 drivers
v000001ec34d07410_0 .net "clk", 0 0, v000001ec34d1bbf0_0;  alias, 1 drivers
v000001ec34d07b90_0 .net "compressed_in", 0 0, L_000001ec34d1e030;  alias, 1 drivers
v000001ec34d074b0_0 .var "compressed_out", 0 0;
v000001ec34d06dd0_0 .net "flush", 0 0, L_000001ec34c419c0;  alias, 1 drivers
v000001ec34d07190_0 .net "instr_in", 31 0, L_000001ec34d1bc90;  alias, 1 drivers
v000001ec34d07a50_0 .var "instr_out", 31 0;
v000001ec34d07550_0 .net "pc_in", 31 0, v000001ec34d05430_0;  alias, 1 drivers
v000001ec34d06fb0_0 .var "pc_out", 31 0;
v000001ec34d07730_0 .net "pred_flush", 0 0, L_000001ec34d1d770;  1 drivers
v000001ec34d075f0_0 .net "predicted_target_in", 31 0, v000001ec34cfd3e0_0;  alias, 1 drivers
v000001ec34d077d0_0 .var "predicted_target_out", 31 0;
v000001ec34d068d0_0 .net "prediction_taken_in", 0 0, L_000001ec34d1bf10;  alias, 1 drivers
v000001ec34d07910_0 .var "prediction_taken_out", 0 0;
v000001ec34d07af0_0 .net "rst", 0 0, v000001ec34d1c370_0;  alias, 1 drivers
v000001ec34d07c30_0 .net "stall", 0 0, L_000001ec34c41f70;  alias, 1 drivers
L_000001ec34d1a4d0 .cmp/eq 32, v000001ec34cfd3e0_0, v000001ec34d077d0_0;
L_000001ec34d1cb90 .functor MUXZ 2, L_000001ec34d223e0, L_000001ec34d22398, L_000001ec34d1a4d0, C4<>;
L_000001ec34d1d770 .part L_000001ec34d1cb90, 0, 1;
S_000001ec34d026f0 .scope module, "imm_gen_inst" "imm_gen" 14 600, 25 1 0, S_000001ec349beb00;
 .timescale -9 -12;
    .port_info 0 /INPUT 32 "instruction";
    .port_info 1 /OUTPUT 32 "immediate";
v000001ec34d07cd0_0 .var "immediate", 31 0;
v000001ec34d07d70_0 .net "instruction", 31 0, v000001ec34cfe6f0_0;  alias, 1 drivers
v000001ec34d07e10_0 .net "opcode", 6 0, L_000001ec34d1ce10;  1 drivers
E_000001ec34bcc420 .event anyedge, v000001ec34d07e10_0, v000001ec34cfe6f0_0;
L_000001ec34d1ce10 .part v000001ec34cfe6f0_0, 0, 7;
S_000001ec34d02880 .scope module, "instr_mem_inst" "instr_mem" 14 521, 26 1 0, S_000001ec349beb00;
 .timescale -9 -12;
    .port_info 0 /INPUT 32 "pc";
    .port_info 1 /OUTPUT 32 "instr_code";
v000001ec34d06970_0 .net *"_ivl_0", 7 0, L_000001ec34d1b1f0;  1 drivers
v000001ec34d07f50_0 .net *"_ivl_10", 31 0, L_000001ec34d1b790;  1 drivers
v000001ec34d06a10_0 .net *"_ivl_12", 7 0, L_000001ec34d1c190;  1 drivers
L_000001ec34d22278 .functor BUFT 1, C4<00000000000000000000000000000001>, C4<0>, C4<0>, C4<0>;
v000001ec34d06ab0_0 .net/2u *"_ivl_14", 31 0, L_000001ec34d22278;  1 drivers
v000001ec34d05cf0_0 .net *"_ivl_16", 31 0, L_000001ec34d1aa70;  1 drivers
v000001ec34d05c50_0 .net *"_ivl_18", 7 0, L_000001ec34d1b330;  1 drivers
L_000001ec34d221e8 .functor BUFT 1, C4<00000000000000000000000000000011>, C4<0>, C4<0>, C4<0>;
v000001ec34d06290_0 .net/2u *"_ivl_2", 31 0, L_000001ec34d221e8;  1 drivers
v000001ec34d065b0_0 .net *"_ivl_4", 31 0, L_000001ec34d1c550;  1 drivers
v000001ec34d04d50_0 .net *"_ivl_6", 7 0, L_000001ec34d1bdd0;  1 drivers
L_000001ec34d22230 .functor BUFT 1, C4<00000000000000000000000000000010>, C4<0>, C4<0>, C4<0>;
v000001ec34d06010_0 .net/2u *"_ivl_8", 31 0, L_000001ec34d22230;  1 drivers
v000001ec34d040d0_0 .var/i "i", 31 0;
v000001ec34d05d90_0 .net "instr_code", 31 0, L_000001ec34d1bc90;  alias, 1 drivers
v000001ec34d05610 .array "instr_mem", 255 0, 7 0;
v000001ec34d05250_0 .net "pc", 31 0, v000001ec34d05430_0;  alias, 1 drivers
L_000001ec34d1b1f0 .array/port v000001ec34d05610, L_000001ec34d1c550;
L_000001ec34d1c550 .arith/sum 32, v000001ec34d05430_0, L_000001ec34d221e8;
L_000001ec34d1bdd0 .array/port v000001ec34d05610, L_000001ec34d1b790;
L_000001ec34d1b790 .arith/sum 32, v000001ec34d05430_0, L_000001ec34d22230;
L_000001ec34d1c190 .array/port v000001ec34d05610, L_000001ec34d1aa70;
L_000001ec34d1aa70 .arith/sum 32, v000001ec34d05430_0, L_000001ec34d22278;
L_000001ec34d1b330 .array/port v000001ec34d05610, v000001ec34d05430_0;
L_000001ec34d1bc90 .concat [ 8 8 8 8], L_000001ec34d1b330, L_000001ec34d1c190, L_000001ec34d1bdd0, L_000001ec34d1b1f0;
S_000001ec34d03e60 .scope module, "mem_wb_inst" "mem_wb" 14 726, 27 1 0, S_000001ec349beb00;
 .timescale -9 -12;
    .port_info 0 /INPUT 1 "clk";
    .port_info 1 /INPUT 1 "rst";
    .port_info 2 /INPUT 32 "mem_data_in";
    .port_info 3 /INPUT 32 "alu_result_in";
    .port_info 4 /INPUT 5 "rd_in";
    .port_info 5 /INPUT 1 "RegWrite_in";
    .port_info 6 /INPUT 1 "MemToReg_in";
    .port_info 7 /OUTPUT 32 "mem_data_out";
    .port_info 8 /OUTPUT 32 "alu_result_out";
    .port_info 9 /OUTPUT 5 "rd_out";
    .port_info 10 /OUTPUT 1 "RegWrite_out";
    .port_info 11 /OUTPUT 1 "MemToReg_out";
    .port_info 12 /INPUT 32 "pc_plus_4_in";
    .port_info 13 /OUTPUT 32 "pc_plus_4_out";
    .port_info 14 /INPUT 1 "Jump_in";
    .port_info 15 /OUTPUT 1 "Jump_out";
    .port_info 16 /INPUT 1 "stall";
    .port_info 17 /INPUT 2 "SystolicOp_in";
    .port_info 18 /INPUT 32 "rs1_in";
    .port_info 19 /OUTPUT 2 "SystolicOp_out";
    .port_info 20 /OUTPUT 32 "rs1_out";
v000001ec34d04350_0 .net "Jump_in", 0 0, v000001ec34d00130_0;  alias, 1 drivers
v000001ec34d04ad0_0 .var "Jump_out", 0 0;
v000001ec34d06650_0 .net "MemToReg_in", 0 0, v000001ec34cff410_0;  alias, 1 drivers
v000001ec34d059d0_0 .var "MemToReg_out", 0 0;
v000001ec34d047b0_0 .net "RegWrite_in", 0 0, v000001ec34cff4b0_0;  alias, 1 drivers
v000001ec34d05e30_0 .var "RegWrite_out", 0 0;
v000001ec34d066f0_0 .net "SystolicOp_in", 1 0, v000001ec34cfea10_0;  alias, 1 drivers
v000001ec34d04530_0 .var "SystolicOp_out", 1 0;
v000001ec34d06330_0 .net "alu_result_in", 31 0, v000001ec34cfff50_0;  alias, 1 drivers
v000001ec34d05a70_0 .var "alu_result_out", 31 0;
v000001ec34d056b0_0 .net "clk", 0 0, v000001ec34d1bbf0_0;  alias, 1 drivers
v000001ec34d04b70_0 .net "mem_data_in", 31 0, v000001ec34c92240_0;  alias, 1 drivers
v000001ec34d05b10_0 .var "mem_data_out", 31 0;
v000001ec34d06790_0 .net "pc_plus_4_in", 31 0, v000001ec34cfe5b0_0;  alias, 1 drivers
v000001ec34d04c10_0 .var "pc_plus_4_out", 31 0;
v000001ec34d04e90_0 .net "rd_in", 4 0, v000001ec34cfe470_0;  alias, 1 drivers
v000001ec34d05110_0 .var "rd_out", 4 0;
v000001ec34d05ed0_0 .net "rs1_in", 31 0, v000001ec34d00770_0;  alias, 1 drivers
v000001ec34d05390_0 .var "rs1_out", 31 0;
v000001ec34d05f70_0 .net "rst", 0 0, v000001ec34d1c370_0;  alias, 1 drivers
v000001ec34d04850_0 .net "stall", 0 0, L_000001ec34c42830;  alias, 1 drivers
S_000001ec34d03b40 .scope module, "pc_inst" "PC" 14 513, 28 1 0, S_000001ec349beb00;
 .timescale -9 -12;
    .port_info 0 /INPUT 1 "clk";
    .port_info 1 /INPUT 1 "rst";
    .port_info 2 /INPUT 32 "next_pc";
    .port_info 3 /OUTPUT 32 "current_pc";
    .port_info 4 /INPUT 1 "stall";
v000001ec34d05570_0 .net "clk", 0 0, v000001ec34d1bbf0_0;  alias, 1 drivers
v000001ec34d05430_0 .var "current_pc", 31 0;
v000001ec34d051b0_0 .net "next_pc", 31 0, L_000001ec34d1dd10;  alias, 1 drivers
v000001ec34d045d0_0 .net "rst", 0 0, v000001ec34d1c370_0;  alias, 1 drivers
v000001ec34d04f30_0 .net "stall", 0 0, L_000001ec34c41790;  alias, 1 drivers
S_000001ec34d02ba0 .scope module, "reg_file_inst" "reg_file" 14 588, 29 1 0, S_000001ec349beb00;
 .timescale -9 -12;
    .port_info 0 /INPUT 1 "clk";
    .port_info 1 /INPUT 1 "rst";
    .port_info 2 /INPUT 5 "rs1";
    .port_info 3 /INPUT 5 "rs2";
    .port_info 4 /INPUT 5 "rd";
    .port_info 5 /INPUT 1 "RegWrite";
    .port_info 6 /INPUT 32 "write_data";
    .port_info 7 /OUTPUT 32 "read_data1";
    .port_info 8 /OUTPUT 32 "read_data2";
L_000001ec34c42050 .functor AND 1, v000001ec34d05e30_0, L_000001ec34d1ccd0, C4<1>, C4<1>;
L_000001ec34c42bb0 .functor AND 1, L_000001ec34c42050, L_000001ec34d1cf50, C4<1>, C4<1>;
L_000001ec34c42c90 .functor AND 1, v000001ec34d05e30_0, L_000001ec34d1eb70, C4<1>, C4<1>;
L_000001ec34c422f0 .functor AND 1, L_000001ec34c42c90, L_000001ec34d1e210, C4<1>, C4<1>;
v000001ec34d060b0_0 .net "RegWrite", 0 0, v000001ec34d05e30_0;  alias, 1 drivers
v000001ec34d04fd0_0 .net *"_ivl_0", 31 0, L_000001ec34d1e710;  1 drivers
v000001ec34d05070_0 .net *"_ivl_10", 0 0, L_000001ec34d1cf50;  1 drivers
v000001ec34d04170_0 .net *"_ivl_13", 0 0, L_000001ec34c42bb0;  1 drivers
v000001ec34d04210_0 .net *"_ivl_14", 31 0, L_000001ec34d1c910;  1 drivers
v000001ec34d054d0_0 .net *"_ivl_16", 6 0, L_000001ec34d1e3f0;  1 drivers
L_000001ec34d224b8 .functor BUFT 1, C4<00>, C4<0>, C4<0>, C4<0>;
v000001ec34d061f0_0 .net *"_ivl_19", 1 0, L_000001ec34d224b8;  1 drivers
v000001ec34d06830_0 .net *"_ivl_22", 31 0, L_000001ec34d1da90;  1 drivers
L_000001ec34d22500 .functor BUFT 1, C4<000000000000000000000000000>, C4<0>, C4<0>, C4<0>;
v000001ec34d05930_0 .net *"_ivl_25", 26 0, L_000001ec34d22500;  1 drivers
L_000001ec34d22548 .functor BUFT 1, C4<00000000000000000000000000000000>, C4<0>, C4<0>, C4<0>;
v000001ec34d05750_0 .net/2u *"_ivl_26", 31 0, L_000001ec34d22548;  1 drivers
v000001ec34d04cb0_0 .net *"_ivl_28", 0 0, L_000001ec34d1eb70;  1 drivers
L_000001ec34d22428 .functor BUFT 1, C4<000000000000000000000000000>, C4<0>, C4<0>, C4<0>;
v000001ec34d04df0_0 .net *"_ivl_3", 26 0, L_000001ec34d22428;  1 drivers
v000001ec34d057f0_0 .net *"_ivl_31", 0 0, L_000001ec34c42c90;  1 drivers
v000001ec34d05890_0 .net *"_ivl_32", 0 0, L_000001ec34d1e210;  1 drivers
v000001ec34d06150_0 .net *"_ivl_35", 0 0, L_000001ec34c422f0;  1 drivers
v000001ec34d063d0_0 .net *"_ivl_36", 31 0, L_000001ec34d1cd70;  1 drivers
v000001ec34d05bb0_0 .net *"_ivl_38", 6 0, L_000001ec34d1d090;  1 drivers
L_000001ec34d22470 .functor BUFT 1, C4<00000000000000000000000000000000>, C4<0>, C4<0>, C4<0>;
v000001ec34d042b0_0 .net/2u *"_ivl_4", 31 0, L_000001ec34d22470;  1 drivers
L_000001ec34d22590 .functor BUFT 1, C4<00>, C4<0>, C4<0>, C4<0>;
v000001ec34d04670_0 .net *"_ivl_41", 1 0, L_000001ec34d22590;  1 drivers
v000001ec34d04990_0 .net *"_ivl_6", 0 0, L_000001ec34d1ccd0;  1 drivers
v000001ec34d06470_0 .net *"_ivl_9", 0 0, L_000001ec34c42050;  1 drivers
v000001ec34d06510_0 .net "clk", 0 0, v000001ec34d1bbf0_0;  alias, 1 drivers
v000001ec34d043f0_0 .var/i "i", 31 0;
v000001ec34d04490_0 .net "rd", 4 0, v000001ec34d05110_0;  alias, 1 drivers
v000001ec34d04710_0 .net "read_data1", 31 0, L_000001ec34d1ca50;  alias, 1 drivers
v000001ec34d048f0_0 .net "read_data2", 31 0, L_000001ec34d1de50;  alias, 1 drivers
v000001ec34d04a30 .array "registers", 31 0, 31 0;
v000001ec34d0cdc0_0 .net "rs1", 4 0, v000001ec34cff230_0;  alias, 1 drivers
v000001ec34d0c5a0_0 .net "rs2", 4 0, v000001ec34cff2d0_0;  alias, 1 drivers
v000001ec34d0ce60_0 .net "rst", 0 0, v000001ec34d1c370_0;  alias, 1 drivers
v000001ec34d0c500_0 .net "write_data", 31 0, L_000001ec34d1d9f0;  alias, 1 drivers
L_000001ec34d1e710 .concat [ 5 27 0 0], v000001ec34d05110_0, L_000001ec34d22428;
L_000001ec34d1ccd0 .cmp/ne 32, L_000001ec34d1e710, L_000001ec34d22470;
L_000001ec34d1cf50 .cmp/eq 5, v000001ec34d05110_0, v000001ec34cff230_0;
L_000001ec34d1c910 .array/port v000001ec34d04a30, L_000001ec34d1e3f0;
L_000001ec34d1e3f0 .concat [ 5 2 0 0], v000001ec34cff230_0, L_000001ec34d224b8;
L_000001ec34d1ca50 .functor MUXZ 32, L_000001ec34d1c910, L_000001ec34d1d9f0, L_000001ec34c42bb0, C4<>;
L_000001ec34d1da90 .concat [ 5 27 0 0], v000001ec34d05110_0, L_000001ec34d22500;
L_000001ec34d1eb70 .cmp/ne 32, L_000001ec34d1da90, L_000001ec34d22548;
L_000001ec34d1e210 .cmp/eq 5, v000001ec34d05110_0, v000001ec34cff2d0_0;
L_000001ec34d1cd70 .array/port v000001ec34d04a30, L_000001ec34d1d090;
L_000001ec34d1d090 .concat [ 5 2 0 0], v000001ec34cff2d0_0, L_000001ec34d22590;
L_000001ec34d1de50 .functor MUXZ 32, L_000001ec34d1cd70, L_000001ec34d1d9f0, L_000001ec34c422f0, C4<>;
S_000001ec34d03050 .scope module, "systolic_inst" "systolic_controller" 4 132, 30 94 0, S_000001ec34c58df0;
 .timescale -9 -12;
    .port_info 0 /INPUT 1 "clk";
    .port_info 1 /INPUT 1 "rst";
    .port_info 2 /INPUT 1 "SystolicStart";
    .port_info 3 /INPUT 1 "SystolicRead";
    .port_info 4 /INPUT 5 "result_index";
    .port_info 5 /OUTPUT 32 "read_data";
    .port_info 6 /OUTPUT 1 "busy";
P_000001ec34c57c70 .param/l "COMPUTE" 1 30 135, C4<10>;
P_000001ec34c57ca8 .param/l "IDLE" 1 30 133, C4<00>;
P_000001ec34c57ce0 .param/l "LOAD_MATRIX" 1 30 134, C4<01>;
P_000001ec34c57d18 .param/l "WRITE_RESULT" 1 30 136, C4<11>;
L_000001ec34c41fe0 .functor AND 1, L_000001ec34d1b5b0, L_000001ec34d1ddb0, C4<1>, C4<1>;
L_000001ec34c42210 .functor OR 1, L_000001ec34d20dd0, v000001ec34d1ba10_0, C4<0>, C4<0>;
v000001ec34d15050_0 .var "A0", 7 0;
v000001ec34d14a10_0 .var "A1", 7 0;
v000001ec34d14e70_0 .var "A2", 7 0;
v000001ec34d13f70_0 .var "A3", 7 0;
v000001ec34d14510 .array "A_reg", 15 0, 7 0;
v000001ec34d12ad0_0 .var "B0", 7 0;
v000001ec34d13d90_0 .var "B1", 7 0;
v000001ec34d13110_0 .var "B2", 7 0;
v000001ec34d131b0_0 .var "B3", 7 0;
v000001ec34d146f0 .array "B_reg", 15 0, 7 0;
v000001ec34d128f0_0 .net "C11", 17 0, v000001ec34d170d0_0;  1 drivers
v000001ec34d14150_0 .net "C12", 17 0, v000001ec34d17350_0;  1 drivers
v000001ec34d13750_0 .net "C13", 17 0, v000001ec34d15870_0;  1 drivers
v000001ec34d14010_0 .net "C14", 17 0, v000001ec34d15d70_0;  1 drivers
v000001ec34d14470_0 .net "C21", 17 0, v000001ec34d17710_0;  1 drivers
v000001ec34d14830_0 .net "C22", 17 0, v000001ec34d15730_0;  1 drivers
v000001ec34d13570_0 .net "C23", 17 0, v000001ec34d17670_0;  1 drivers
v000001ec34d140b0_0 .net "C24", 17 0, v000001ec34d16770_0;  1 drivers
v000001ec34d148d0_0 .net "C31", 17 0, v000001ec34d17b70_0;  1 drivers
v000001ec34d12cb0_0 .net "C32", 17 0, v000001ec34d17c10_0;  1 drivers
v000001ec34d14970_0 .net "C33", 17 0, v000001ec34d10b90_0;  1 drivers
v000001ec34d13250_0 .net "C34", 17 0, v000001ec34d11310_0;  1 drivers
v000001ec34d12990_0 .net "C41", 17 0, v000001ec34d100f0_0;  1 drivers
v000001ec34d12b70_0 .net "C42", 17 0, v000001ec34d11d10_0;  1 drivers
v000001ec34d13610_0 .net "C43", 17 0, v000001ec34d109b0_0;  1 drivers
v000001ec34d12c10_0 .net "C44", 17 0, v000001ec34d12030_0;  1 drivers
v000001ec34d137f0_0 .net "SystolicRead", 0 0, L_000001ec34d1c870;  alias, 1 drivers
v000001ec34d13890_0 .net "SystolicStart", 0 0, L_000001ec34d1b5b0;  alias, 1 drivers
v000001ec34d13930_0 .var "SystolicStart_prev", 0 0;
v000001ec34d13b10_0 .net *"_ivl_1", 0 0, L_000001ec34d1ddb0;  1 drivers
L_000001ec34d22c08 .functor BUFT 1, C4<00000000000000>, C4<0>, C4<0>, C4<0>;
v000001ec34d1a2f0_0 .net/2u *"_ivl_12", 13 0, L_000001ec34d22c08;  1 drivers
L_000001ec34d22bc0 .functor BUFT 1, C4<00>, C4<0>, C4<0>, C4<0>;
v000001ec34d1c050_0 .net/2u *"_ivl_6", 1 0, L_000001ec34d22bc0;  1 drivers
v000001ec34d1a110_0 .net *"_ivl_8", 0 0, L_000001ec34d20dd0;  1 drivers
v000001ec34d1a250_0 .net "busy", 0 0, L_000001ec34c42210;  alias, 1 drivers
v000001ec34d1b830_0 .net "clk", 0 0, v000001ec34d1bbf0_0;  alias, 1 drivers
v000001ec34d1c0f0_0 .var "inject_counter", 3 0;
v000001ec34d1b290_0 .net "matA_bulk_in", 127 0, L_000001ec34d1e0d0;  1 drivers
v000001ec34d1bd30_0 .net "matB_bulk_in", 127 0, L_000001ec34d1f9d0;  1 drivers
v000001ec34d1c7d0_0 .var "next_state", 1 0;
v000001ec34d1a390_0 .net "read_data", 31 0, L_000001ec34d20d30;  alias, 1 drivers
v000001ec34d1ab10_0 .net "result_index", 4 0, L_000001ec34d1a750;  alias, 1 drivers
v000001ec34d1c690_0 .net "result_sram_dout", 17 0, L_000001ec34c426e0;  1 drivers
v000001ec34d1ba10_0 .var "result_we", 0 0;
v000001ec34d1a7f0_0 .net "rst", 0 0, v000001ec34d1c370_0;  alias, 1 drivers
v000001ec34d1af70_0 .net "start_pulse", 0 0, L_000001ec34c41fe0;  1 drivers
v000001ec34d1be70_0 .var "state", 1 0;
E_000001ec34bcd3a0 .event anyedge, v000001ec34d1be70_0, v000001ec34d1af70_0, v000001ec34d1c0f0_0;
L_000001ec34d1ddb0 .reduce/nor v000001ec34d13930_0;
L_000001ec34d1f890 .part L_000001ec34d1a750, 0, 4;
L_000001ec34d20dd0 .cmp/ne 2, v000001ec34d1be70_0, L_000001ec34d22bc0;
L_000001ec34d20d30 .concat [ 18 14 0 0], L_000001ec34c426e0, L_000001ec34d22c08;
S_000001ec34d03370 .scope begin, "$unm_blk_243" "$unm_blk_243" 30 253, 30 253 0, S_000001ec34d03050;
 .timescale -9 -12;
v000001ec34d09580_0 .var/i "i", 31 0;
S_000001ec34d02d30 .scope module, "sram_A" "matrixA_sram" 30 167, 31 1 0, S_000001ec34d03050;
 .timescale -9 -12;
    .port_info 0 /INPUT 1 "clk";
    .port_info 1 /OUTPUT 128 "bulk_data_out";
v000001ec34d09260_0 .net "bulk_data_out", 127 0, L_000001ec34d1e0d0;  alias, 1 drivers
v000001ec34d09da0_0 .net "clk", 0 0, v000001ec34d1bbf0_0;  alias, 1 drivers
v000001ec34d09e40 .array "mem", 15 0, 7 0;
v000001ec34d09e40_0 .array/port v000001ec34d09e40, 0;
v000001ec34d09e40_1 .array/port v000001ec34d09e40, 1;
v000001ec34d09e40_2 .array/port v000001ec34d09e40, 2;
v000001ec34d09e40_3 .array/port v000001ec34d09e40, 3;
LS_000001ec34d1e0d0_0_0 .concat [ 8 8 8 8], v000001ec34d09e40_0, v000001ec34d09e40_1, v000001ec34d09e40_2, v000001ec34d09e40_3;
v000001ec34d09e40_4 .array/port v000001ec34d09e40, 4;
v000001ec34d09e40_5 .array/port v000001ec34d09e40, 5;
v000001ec34d09e40_6 .array/port v000001ec34d09e40, 6;
v000001ec34d09e40_7 .array/port v000001ec34d09e40, 7;
LS_000001ec34d1e0d0_0_4 .concat [ 8 8 8 8], v000001ec34d09e40_4, v000001ec34d09e40_5, v000001ec34d09e40_6, v000001ec34d09e40_7;
v000001ec34d09e40_8 .array/port v000001ec34d09e40, 8;
v000001ec34d09e40_9 .array/port v000001ec34d09e40, 9;
v000001ec34d09e40_10 .array/port v000001ec34d09e40, 10;
v000001ec34d09e40_11 .array/port v000001ec34d09e40, 11;
LS_000001ec34d1e0d0_0_8 .concat [ 8 8 8 8], v000001ec34d09e40_8, v000001ec34d09e40_9, v000001ec34d09e40_10, v000001ec34d09e40_11;
v000001ec34d09e40_12 .array/port v000001ec34d09e40, 12;
v000001ec34d09e40_13 .array/port v000001ec34d09e40, 13;
v000001ec34d09e40_14 .array/port v000001ec34d09e40, 14;
v000001ec34d09e40_15 .array/port v000001ec34d09e40, 15;
LS_000001ec34d1e0d0_0_12 .concat [ 8 8 8 8], v000001ec34d09e40_12, v000001ec34d09e40_13, v000001ec34d09e40_14, v000001ec34d09e40_15;
L_000001ec34d1e0d0 .concat [ 32 32 32 32], LS_000001ec34d1e0d0_0_0, LS_000001ec34d1e0d0_0_4, LS_000001ec34d1e0d0_0_8, LS_000001ec34d1e0d0_0_12;
S_000001ec34d031e0 .scope module, "sram_B" "matrixB_sram" 30 172, 32 1 0, S_000001ec34d03050;
 .timescale -9 -12;
    .port_info 0 /INPUT 1 "clk";
    .port_info 1 /OUTPUT 128 "bulk_data_out";
v000001ec34d09120_0 .net "bulk_data_out", 127 0, L_000001ec34d1f9d0;  alias, 1 drivers
v000001ec34d08e00_0 .net "clk", 0 0, v000001ec34d1bbf0_0;  alias, 1 drivers
v000001ec34d0a840 .array "mem", 15 0, 7 0;
v000001ec34d0a840_0 .array/port v000001ec34d0a840, 0;
v000001ec34d0a840_1 .array/port v000001ec34d0a840, 1;
v000001ec34d0a840_2 .array/port v000001ec34d0a840, 2;
v000001ec34d0a840_3 .array/port v000001ec34d0a840, 3;
LS_000001ec34d1f9d0_0_0 .concat [ 8 8 8 8], v000001ec34d0a840_0, v000001ec34d0a840_1, v000001ec34d0a840_2, v000001ec34d0a840_3;
v000001ec34d0a840_4 .array/port v000001ec34d0a840, 4;
v000001ec34d0a840_5 .array/port v000001ec34d0a840, 5;
v000001ec34d0a840_6 .array/port v000001ec34d0a840, 6;
v000001ec34d0a840_7 .array/port v000001ec34d0a840, 7;
LS_000001ec34d1f9d0_0_4 .concat [ 8 8 8 8], v000001ec34d0a840_4, v000001ec34d0a840_5, v000001ec34d0a840_6, v000001ec34d0a840_7;
v000001ec34d0a840_8 .array/port v000001ec34d0a840, 8;
v000001ec34d0a840_9 .array/port v000001ec34d0a840, 9;
v000001ec34d0a840_10 .array/port v000001ec34d0a840, 10;
v000001ec34d0a840_11 .array/port v000001ec34d0a840, 11;
LS_000001ec34d1f9d0_0_8 .concat [ 8 8 8 8], v000001ec34d0a840_8, v000001ec34d0a840_9, v000001ec34d0a840_10, v000001ec34d0a840_11;
v000001ec34d0a840_12 .array/port v000001ec34d0a840, 12;
v000001ec34d0a840_13 .array/port v000001ec34d0a840, 13;
v000001ec34d0a840_14 .array/port v000001ec34d0a840, 14;
v000001ec34d0a840_15 .array/port v000001ec34d0a840, 15;
LS_000001ec34d1f9d0_0_12 .concat [ 8 8 8 8], v000001ec34d0a840_12, v000001ec34d0a840_13, v000001ec34d0a840_14, v000001ec34d0a840_15;
L_000001ec34d1f9d0 .concat [ 32 32 32 32], LS_000001ec34d1f9d0_0_0, LS_000001ec34d1f9d0_0_4, LS_000001ec34d1f9d0_0_8, LS_000001ec34d1f9d0_0_12;
S_000001ec34d03500 .scope module, "sram_RES" "result_sram" 30 182, 33 1 0, S_000001ec34d03050;
 .timescale -9 -12;
    .port_info 0 /INPUT 1 "clk";
    .port_info 1 /INPUT 1 "rst";
    .port_info 2 /INPUT 4 "read_addr";
    .port_info 3 /OUTPUT 18 "read_data";
    .port_info 4 /INPUT 1 "bulk_we";
    .port_info 5 /INPUT 18 "C11";
    .port_info 6 /INPUT 18 "C12";
    .port_info 7 /INPUT 18 "C13";
    .port_info 8 /INPUT 18 "C14";
    .port_info 9 /INPUT 18 "C21";
    .port_info 10 /INPUT 18 "C22";
    .port_info 11 /INPUT 18 "C23";
    .port_info 12 /INPUT 18 "C24";
    .port_info 13 /INPUT 18 "C31";
    .port_info 14 /INPUT 18 "C32";
    .port_info 15 /INPUT 18 "C33";
    .port_info 16 /INPUT 18 "C34";
    .port_info 17 /INPUT 18 "C41";
    .port_info 18 /INPUT 18 "C42";
    .port_info 19 /INPUT 18 "C43";
    .port_info 20 /INPUT 18 "C44";
L_000001ec34c426e0 .functor BUFZ 18, L_000001ec34d21550, C4<000000000000000000>, C4<000000000000000000>, C4<000000000000000000>;
v000001ec34d09bc0_0 .net "C11", 17 0, v000001ec34d170d0_0;  alias, 1 drivers
v000001ec34d080e0_0 .net "C12", 17 0, v000001ec34d17350_0;  alias, 1 drivers
v000001ec34d093a0_0 .net "C13", 17 0, v000001ec34d15870_0;  alias, 1 drivers
v000001ec34d0a020_0 .net "C14", 17 0, v000001ec34d15d70_0;  alias, 1 drivers
v000001ec34d0a0c0_0 .net "C21", 17 0, v000001ec34d17710_0;  alias, 1 drivers
v000001ec34d094e0_0 .net "C22", 17 0, v000001ec34d15730_0;  alias, 1 drivers
v000001ec34d09800_0 .net "C23", 17 0, v000001ec34d17670_0;  alias, 1 drivers
v000001ec34d0a160_0 .net "C24", 17 0, v000001ec34d16770_0;  alias, 1 drivers
v000001ec34d0a340_0 .net "C31", 17 0, v000001ec34d17b70_0;  alias, 1 drivers
v000001ec34d08220_0 .net "C32", 17 0, v000001ec34d17c10_0;  alias, 1 drivers
v000001ec34d0a3e0_0 .net "C33", 17 0, v000001ec34d10b90_0;  alias, 1 drivers
v000001ec34d0a480_0 .net "C34", 17 0, v000001ec34d11310_0;  alias, 1 drivers
v000001ec34d0a520_0 .net "C41", 17 0, v000001ec34d100f0_0;  alias, 1 drivers
v000001ec34d082c0_0 .net "C42", 17 0, v000001ec34d11d10_0;  alias, 1 drivers
v000001ec34d08360_0 .net "C43", 17 0, v000001ec34d109b0_0;  alias, 1 drivers
v000001ec34d08400_0 .net "C44", 17 0, v000001ec34d12030_0;  alias, 1 drivers
v000001ec34d085e0_0 .net *"_ivl_0", 17 0, L_000001ec34d21550;  1 drivers
v000001ec34d08680_0 .net *"_ivl_2", 5 0, L_000001ec34d20790;  1 drivers
L_000001ec34d22b78 .functor BUFT 1, C4<00>, C4<0>, C4<0>, C4<0>;
v000001ec34d087c0_0 .net *"_ivl_5", 1 0, L_000001ec34d22b78;  1 drivers
v000001ec34d08900_0 .net "bulk_we", 0 0, v000001ec34d1ba10_0;  1 drivers
v000001ec34d089a0_0 .net "clk", 0 0, v000001ec34d1bbf0_0;  alias, 1 drivers
v000001ec34d08ae0_0 .var/i "i", 31 0;
v000001ec34d15190 .array "mem", 15 0, 17 0;
v000001ec34d16e50_0 .net "read_addr", 3 0, L_000001ec34d1f890;  1 drivers
v000001ec34d17490_0 .net "read_data", 17 0, L_000001ec34c426e0;  alias, 1 drivers
v000001ec34d17030_0 .net "rst", 0 0, v000001ec34d1c370_0;  alias, 1 drivers
L_000001ec34d21550 .array/port v000001ec34d15190, L_000001ec34d20790;
L_000001ec34d20790 .concat [ 4 2 0 0], L_000001ec34d1f890, L_000001ec34d22b78;
S_000001ec34d03690 .scope module, "syst" "systolic_array" 30 197, 34 1 0, S_000001ec34d03050;
 .timescale -9 -12;
    .port_info 0 /INPUT 1 "clk";
    .port_info 1 /INPUT 1 "rst";
    .port_info 2 /INPUT 8 "A0";
    .port_info 3 /INPUT 8 "A1";
    .port_info 4 /INPUT 8 "A2";
    .port_info 5 /INPUT 8 "A3";
    .port_info 6 /INPUT 8 "B0";
    .port_info 7 /INPUT 8 "B1";
    .port_info 8 /INPUT 8 "B2";
    .port_info 9 /INPUT 8 "B3";
    .port_info 10 /OUTPUT 18 "C11";
    .port_info 11 /OUTPUT 18 "C12";
    .port_info 12 /OUTPUT 18 "C13";
    .port_info 13 /OUTPUT 18 "C14";
    .port_info 14 /OUTPUT 18 "C21";
    .port_info 15 /OUTPUT 18 "C22";
    .port_info 16 /OUTPUT 18 "C23";
    .port_info 17 /OUTPUT 18 "C24";
    .port_info 18 /OUTPUT 18 "C31";
    .port_info 19 /OUTPUT 18 "C32";
    .port_info 20 /OUTPUT 18 "C33";
    .port_info 21 /OUTPUT 18 "C34";
    .port_info 22 /OUTPUT 18 "C41";
    .port_info 23 /OUTPUT 18 "C42";
    .port_info 24 /OUTPUT 18 "C43";
    .port_info 25 /OUTPUT 18 "C44";
v000001ec34d120d0_0 .net "A0", 7 0, v000001ec34d15050_0;  1 drivers
v000001ec34d114f0_0 .net "A1", 7 0, v000001ec34d14a10_0;  1 drivers
v000001ec34d12210_0 .net "A2", 7 0, v000001ec34d14e70_0;  1 drivers
v000001ec34d10370_0 .net "A3", 7 0, v000001ec34d13f70_0;  1 drivers
v000001ec34d122b0_0 .net "B0", 7 0, v000001ec34d12ad0_0;  1 drivers
v000001ec34d10ff0_0 .net "B1", 7 0, v000001ec34d13d90_0;  1 drivers
v000001ec34d10c30_0 .net "B2", 7 0, v000001ec34d13110_0;  1 drivers
v000001ec34d119f0_0 .net "B3", 7 0, v000001ec34d131b0_0;  1 drivers
v000001ec34d10410_0 .net "C11", 17 0, v000001ec34d170d0_0;  alias, 1 drivers
v000001ec34d12170_0 .net "C12", 17 0, v000001ec34d17350_0;  alias, 1 drivers
v000001ec34d123f0_0 .net "C13", 17 0, v000001ec34d15870_0;  alias, 1 drivers
v000001ec34d107d0_0 .net "C14", 17 0, v000001ec34d15d70_0;  alias, 1 drivers
v000001ec34d12490_0 .net "C21", 17 0, v000001ec34d17710_0;  alias, 1 drivers
v000001ec34d10870_0 .net "C22", 17 0, v000001ec34d15730_0;  alias, 1 drivers
v000001ec34d12530_0 .net "C23", 17 0, v000001ec34d17670_0;  alias, 1 drivers
v000001ec34d125d0_0 .net "C24", 17 0, v000001ec34d16770_0;  alias, 1 drivers
v000001ec34d11130_0 .net "C31", 17 0, v000001ec34d17b70_0;  alias, 1 drivers
v000001ec34d12670_0 .net "C32", 17 0, v000001ec34d17c10_0;  alias, 1 drivers
v000001ec34d104b0_0 .net "C33", 17 0, v000001ec34d10b90_0;  alias, 1 drivers
v000001ec34d10910_0 .net "C34", 17 0, v000001ec34d11310_0;  alias, 1 drivers
v000001ec34d10a50_0 .net "C41", 17 0, v000001ec34d100f0_0;  alias, 1 drivers
v000001ec34d11810_0 .net "C42", 17 0, v000001ec34d11d10_0;  alias, 1 drivers
v000001ec34d118b0_0 .net "C43", 17 0, v000001ec34d109b0_0;  alias, 1 drivers
v000001ec34d10cd0_0 .net "C44", 17 0, v000001ec34d12030_0;  alias, 1 drivers
v000001ec34d14fb0_0 .net "a11_12", 7 0, v000001ec34d169f0_0;  1 drivers
v000001ec34d12e90_0 .net "a12_13", 7 0, v000001ec34d16a90_0;  1 drivers
v000001ec34d14f10_0 .net "a13_14", 7 0, v000001ec34d157d0_0;  1 drivers
v000001ec34d12df0_0 .net "a14_dummy", 7 0, v000001ec34d155f0_0;  1 drivers
v000001ec34d13a70_0 .net "a21_22", 7 0, v000001ec34d17210_0;  1 drivers
v000001ec34d141f0_0 .net "a22_23", 7 0, v000001ec34d16590_0;  1 drivers
v000001ec34d14dd0_0 .net "a23_24", 7 0, v000001ec34d15eb0_0;  1 drivers
v000001ec34d12d50_0 .net "a24_dummy", 7 0, v000001ec34d154b0_0;  1 drivers
v000001ec34d14ab0_0 .net "a31_32", 7 0, v000001ec34d152d0_0;  1 drivers
v000001ec34d13390_0 .net "a32_33", 7 0, v000001ec34d178f0_0;  1 drivers
v000001ec34d14b50_0 .net "a33_34", 7 0, v000001ec34d17e90_0;  1 drivers
v000001ec34d13e30_0 .net "a34_dummy", 7 0, v000001ec34d116d0_0;  1 drivers
v000001ec34d12f30_0 .net "a41_42", 7 0, v000001ec34d11270_0;  1 drivers
v000001ec34d14290_0 .net "a42_43", 7 0, v000001ec34d12710_0;  1 drivers
v000001ec34d132f0_0 .net "a43_44", 7 0, v000001ec34d11b30_0;  1 drivers
v000001ec34d12fd0_0 .net "a44_dummy", 7 0, v000001ec34d11450_0;  1 drivers
v000001ec34d14bf0_0 .net "b11_21", 7 0, v000001ec34d150f0_0;  1 drivers
v000001ec34d14650_0 .net "b12_22", 7 0, v000001ec34d16d10_0;  1 drivers
v000001ec34d13bb0_0 .net "b13_23", 7 0, v000001ec34d15cd0_0;  1 drivers
v000001ec34d14790_0 .net "b14_24", 7 0, v000001ec34d161d0_0;  1 drivers
v000001ec34d136b0_0 .net "b21_31", 7 0, v000001ec34d16f90_0;  1 drivers
v000001ec34d14330_0 .net "b22_32", 7 0, v000001ec34d16db0_0;  1 drivers
v000001ec34d13430_0 .net "b23_33", 7 0, v000001ec34d15910_0;  1 drivers
v000001ec34d12a30_0 .net "b24_34", 7 0, v000001ec34d17850_0;  1 drivers
v000001ec34d145b0_0 .net "b31_41", 7 0, v000001ec34d15410_0;  1 drivers
v000001ec34d143d0_0 .net "b32_42", 7 0, v000001ec34d17ad0_0;  1 drivers
v000001ec34d13070_0 .net "b33_43", 7 0, v000001ec34d10550_0;  1 drivers
v000001ec34d14c90_0 .net "b34_44", 7 0, v000001ec34d10230_0;  1 drivers
v000001ec34d13cf0_0 .net "b41_dummy", 7 0, v000001ec34d105f0_0;  1 drivers
v000001ec34d13c50_0 .net "b42_dummy", 7 0, v000001ec34d12350_0;  1 drivers
v000001ec34d139d0_0 .net "b43_dummy", 7 0, v000001ec34d10f50_0;  1 drivers
v000001ec34d14d30_0 .net "b44_dummy", 7 0, v000001ec34d11630_0;  1 drivers
v000001ec34d134d0_0 .net "clk", 0 0, v000001ec34d1bbf0_0;  alias, 1 drivers
v000001ec34d13ed0_0 .net "rst", 0 0, v000001ec34d1c370_0;  alias, 1 drivers
S_000001ec34d03820 .scope module, "pe11" "pe" 34 56, 35 1 0, S_000001ec34d03690;
 .timescale -9 -12;
    .port_info 0 /INPUT 8 "a_in";
    .port_info 1 /INPUT 8 "b_in";
    .port_info 2 /OUTPUT 8 "a_out";
    .port_info 3 /OUTPUT 8 "b_out";
    .port_info 4 /OUTPUT 18 "partial_sum";
    .port_info 5 /INPUT 1 "clk";
    .port_info 6 /INPUT 1 "rst";
v000001ec34d172b0_0 .net "a_in", 7 0, v000001ec34d15050_0;  alias, 1 drivers
v000001ec34d169f0_0 .var "a_out", 7 0;
v000001ec34d16b30_0 .net "b_in", 7 0, v000001ec34d12ad0_0;  alias, 1 drivers
v000001ec34d150f0_0 .var "b_out", 7 0;
v000001ec34d16c70_0 .net "clk", 0 0, v000001ec34d1bbf0_0;  alias, 1 drivers
v000001ec34d170d0_0 .var "partial_sum", 17 0;
v000001ec34d16270_0 .net "rst", 0 0, v000001ec34d1c370_0;  alias, 1 drivers
S_000001ec34d02240 .scope module, "pe12" "pe" 34 57, 35 1 0, S_000001ec34d03690;
 .timescale -9 -12;
    .port_info 0 /INPUT 8 "a_in";
    .port_info 1 /INPUT 8 "b_in";
    .port_info 2 /OUTPUT 8 "a_out";
    .port_info 3 /OUTPUT 8 "b_out";
    .port_info 4 /OUTPUT 18 "partial_sum";
    .port_info 5 /INPUT 1 "clk";
    .port_info 6 /INPUT 1 "rst";
v000001ec34d15f50_0 .net "a_in", 7 0, v000001ec34d169f0_0;  alias, 1 drivers
v000001ec34d16a90_0 .var "a_out", 7 0;
v000001ec34d16bd0_0 .net "b_in", 7 0, v000001ec34d13d90_0;  alias, 1 drivers
v000001ec34d16d10_0 .var "b_out", 7 0;
v000001ec34d16450_0 .net "clk", 0 0, v000001ec34d1bbf0_0;  alias, 1 drivers
v000001ec34d17350_0 .var "partial_sum", 17 0;
v000001ec34d15b90_0 .net "rst", 0 0, v000001ec34d1c370_0;  alias, 1 drivers
S_000001ec34d02560 .scope module, "pe13" "pe" 34 58, 35 1 0, S_000001ec34d03690;
 .timescale -9 -12;
    .port_info 0 /INPUT 8 "a_in";
    .port_info 1 /INPUT 8 "b_in";
    .port_info 2 /OUTPUT 8 "a_out";
    .port_info 3 /OUTPUT 8 "b_out";
    .port_info 4 /OUTPUT 18 "partial_sum";
    .port_info 5 /INPUT 1 "clk";
    .port_info 6 /INPUT 1 "rst";
v000001ec34d15c30_0 .net "a_in", 7 0, v000001ec34d16a90_0;  alias, 1 drivers
v000001ec34d157d0_0 .var "a_out", 7 0;
v000001ec34d15550_0 .net "b_in", 7 0, v000001ec34d13110_0;  alias, 1 drivers
v000001ec34d15cd0_0 .var "b_out", 7 0;
v000001ec34d16130_0 .net "clk", 0 0, v000001ec34d1bbf0_0;  alias, 1 drivers
v000001ec34d15870_0 .var "partial_sum", 17 0;
v000001ec34d166d0_0 .net "rst", 0 0, v000001ec34d1c370_0;  alias, 1 drivers
S_000001ec34d03cd0 .scope module, "pe14" "pe" 34 59, 35 1 0, S_000001ec34d03690;
 .timescale -9 -12;
    .port_info 0 /INPUT 8 "a_in";
    .port_info 1 /INPUT 8 "b_in";
    .port_info 2 /OUTPUT 8 "a_out";
    .port_info 3 /OUTPUT 8 "b_out";
    .port_info 4 /OUTPUT 18 "partial_sum";
    .port_info 5 /INPUT 1 "clk";
    .port_info 6 /INPUT 1 "rst";
v000001ec34d16310_0 .net "a_in", 7 0, v000001ec34d157d0_0;  alias, 1 drivers
v000001ec34d155f0_0 .var "a_out", 7 0;
v000001ec34d16950_0 .net "b_in", 7 0, v000001ec34d131b0_0;  alias, 1 drivers
v000001ec34d161d0_0 .var "b_out", 7 0;
v000001ec34d15af0_0 .net "clk", 0 0, v000001ec34d1bbf0_0;  alias, 1 drivers
v000001ec34d15d70_0 .var "partial_sum", 17 0;
v000001ec34d163b0_0 .net "rst", 0 0, v000001ec34d1c370_0;  alias, 1 drivers
S_000001ec34d020b0 .scope module, "pe21" "pe" 34 61, 35 1 0, S_000001ec34d03690;
 .timescale -9 -12;
    .port_info 0 /INPUT 8 "a_in";
    .port_info 1 /INPUT 8 "b_in";
    .port_info 2 /OUTPUT 8 "a_out";
    .port_info 3 /OUTPUT 8 "b_out";
    .port_info 4 /OUTPUT 18 "partial_sum";
    .port_info 5 /INPUT 1 "clk";
    .port_info 6 /INPUT 1 "rst";
v000001ec34d17170_0 .net "a_in", 7 0, v000001ec34d14a10_0;  alias, 1 drivers
v000001ec34d17210_0 .var "a_out", 7 0;
v000001ec34d16ef0_0 .net "b_in", 7 0, v000001ec34d150f0_0;  alias, 1 drivers
v000001ec34d16f90_0 .var "b_out", 7 0;
v000001ec34d15e10_0 .net "clk", 0 0, v000001ec34d1bbf0_0;  alias, 1 drivers
v000001ec34d17710_0 .var "partial_sum", 17 0;
v000001ec34d164f0_0 .net "rst", 0 0, v000001ec34d1c370_0;  alias, 1 drivers
S_000001ec34d18d70 .scope module, "pe22" "pe" 34 62, 35 1 0, S_000001ec34d03690;
 .timescale -9 -12;
    .port_info 0 /INPUT 8 "a_in";
    .port_info 1 /INPUT 8 "b_in";
    .port_info 2 /OUTPUT 8 "a_out";
    .port_info 3 /OUTPUT 8 "b_out";
    .port_info 4 /OUTPUT 18 "partial_sum";
    .port_info 5 /INPUT 1 "clk";
    .port_info 6 /INPUT 1 "rst";
v000001ec34d15ff0_0 .net "a_in", 7 0, v000001ec34d17210_0;  alias, 1 drivers
v000001ec34d16590_0 .var "a_out", 7 0;
v000001ec34d15690_0 .net "b_in", 7 0, v000001ec34d16d10_0;  alias, 1 drivers
v000001ec34d16db0_0 .var "b_out", 7 0;
v000001ec34d173f0_0 .net "clk", 0 0, v000001ec34d1bbf0_0;  alias, 1 drivers
v000001ec34d15730_0 .var "partial_sum", 17 0;
v000001ec34d17530_0 .net "rst", 0 0, v000001ec34d1c370_0;  alias, 1 drivers
S_000001ec34d193b0 .scope module, "pe23" "pe" 34 63, 35 1 0, S_000001ec34d03690;
 .timescale -9 -12;
    .port_info 0 /INPUT 8 "a_in";
    .port_info 1 /INPUT 8 "b_in";
    .port_info 2 /OUTPUT 8 "a_out";
    .port_info 3 /OUTPUT 8 "b_out";
    .port_info 4 /OUTPUT 18 "partial_sum";
    .port_info 5 /INPUT 1 "clk";
    .port_info 6 /INPUT 1 "rst";
v000001ec34d175d0_0 .net "a_in", 7 0, v000001ec34d16590_0;  alias, 1 drivers
v000001ec34d15eb0_0 .var "a_out", 7 0;
v000001ec34d16090_0 .net "b_in", 7 0, v000001ec34d15cd0_0;  alias, 1 drivers
v000001ec34d15910_0 .var "b_out", 7 0;
v000001ec34d15370_0 .net "clk", 0 0, v000001ec34d1bbf0_0;  alias, 1 drivers
v000001ec34d17670_0 .var "partial_sum", 17 0;
v000001ec34d177b0_0 .net "rst", 0 0, v000001ec34d1c370_0;  alias, 1 drivers
S_000001ec34d19860 .scope module, "pe24" "pe" 34 64, 35 1 0, S_000001ec34d03690;
 .timescale -9 -12;
    .port_info 0 /INPUT 8 "a_in";
    .port_info 1 /INPUT 8 "b_in";
    .port_info 2 /OUTPUT 8 "a_out";
    .port_info 3 /OUTPUT 8 "b_out";
    .port_info 4 /OUTPUT 18 "partial_sum";
    .port_info 5 /INPUT 1 "clk";
    .port_info 6 /INPUT 1 "rst";
v000001ec34d16630_0 .net "a_in", 7 0, v000001ec34d15eb0_0;  alias, 1 drivers
v000001ec34d154b0_0 .var "a_out", 7 0;
v000001ec34d159b0_0 .net "b_in", 7 0, v000001ec34d161d0_0;  alias, 1 drivers
v000001ec34d17850_0 .var "b_out", 7 0;
v000001ec34d15230_0 .net "clk", 0 0, v000001ec34d1bbf0_0;  alias, 1 drivers
v000001ec34d16770_0 .var "partial_sum", 17 0;
v000001ec34d16810_0 .net "rst", 0 0, v000001ec34d1c370_0;  alias, 1 drivers
S_000001ec34d188c0 .scope module, "pe31" "pe" 34 66, 35 1 0, S_000001ec34d03690;
 .timescale -9 -12;
    .port_info 0 /INPUT 8 "a_in";
    .port_info 1 /INPUT 8 "b_in";
    .port_info 2 /OUTPUT 8 "a_out";
    .port_info 3 /OUTPUT 8 "b_out";
    .port_info 4 /OUTPUT 18 "partial_sum";
    .port_info 5 /INPUT 1 "clk";
    .port_info 6 /INPUT 1 "rst";
v000001ec34d168b0_0 .net "a_in", 7 0, v000001ec34d14e70_0;  alias, 1 drivers
v000001ec34d152d0_0 .var "a_out", 7 0;
v000001ec34d15a50_0 .net "b_in", 7 0, v000001ec34d16f90_0;  alias, 1 drivers
v000001ec34d15410_0 .var "b_out", 7 0;
v000001ec34d17f30_0 .net "clk", 0 0, v000001ec34d1bbf0_0;  alias, 1 drivers
v000001ec34d17b70_0 .var "partial_sum", 17 0;
v000001ec34d17fd0_0 .net "rst", 0 0, v000001ec34d1c370_0;  alias, 1 drivers
S_000001ec34d180f0 .scope module, "pe32" "pe" 34 67, 35 1 0, S_000001ec34d03690;
 .timescale -9 -12;
    .port_info 0 /INPUT 8 "a_in";
    .port_info 1 /INPUT 8 "b_in";
    .port_info 2 /OUTPUT 8 "a_out";
    .port_info 3 /OUTPUT 8 "b_out";
    .port_info 4 /OUTPUT 18 "partial_sum";
    .port_info 5 /INPUT 1 "clk";
    .port_info 6 /INPUT 1 "rst";
v000001ec34d17cb0_0 .net "a_in", 7 0, v000001ec34d152d0_0;  alias, 1 drivers
v000001ec34d178f0_0 .var "a_out", 7 0;
v000001ec34d17990_0 .net "b_in", 7 0, v000001ec34d16db0_0;  alias, 1 drivers
v000001ec34d17ad0_0 .var "b_out", 7 0;
v000001ec34d17a30_0 .net "clk", 0 0, v000001ec34d1bbf0_0;  alias, 1 drivers
v000001ec34d17c10_0 .var "partial_sum", 17 0;
v000001ec34d17d50_0 .net "rst", 0 0, v000001ec34d1c370_0;  alias, 1 drivers
S_000001ec34d18280 .scope module, "pe33" "pe" 34 68, 35 1 0, S_000001ec34d03690;
 .timescale -9 -12;
    .port_info 0 /INPUT 8 "a_in";
    .port_info 1 /INPUT 8 "b_in";
    .port_info 2 /OUTPUT 8 "a_out";
    .port_info 3 /OUTPUT 8 "b_out";
    .port_info 4 /OUTPUT 18 "partial_sum";
    .port_info 5 /INPUT 1 "clk";
    .port_info 6 /INPUT 1 "rst";
v000001ec34d17df0_0 .net "a_in", 7 0, v000001ec34d178f0_0;  alias, 1 drivers
v000001ec34d17e90_0 .var "a_out", 7 0;
v000001ec34d10af0_0 .net "b_in", 7 0, v000001ec34d15910_0;  alias, 1 drivers
v000001ec34d10550_0 .var "b_out", 7 0;
v000001ec34d11a90_0 .net "clk", 0 0, v000001ec34d1bbf0_0;  alias, 1 drivers
v000001ec34d10b90_0 .var "partial_sum", 17 0;
v000001ec34d10eb0_0 .net "rst", 0 0, v000001ec34d1c370_0;  alias, 1 drivers
S_000001ec34d18f00 .scope module, "pe34" "pe" 34 69, 35 1 0, S_000001ec34d03690;
 .timescale -9 -12;
    .port_info 0 /INPUT 8 "a_in";
    .port_info 1 /INPUT 8 "b_in";
    .port_info 2 /OUTPUT 8 "a_out";
    .port_info 3 /OUTPUT 8 "b_out";
    .port_info 4 /OUTPUT 18 "partial_sum";
    .port_info 5 /INPUT 1 "clk";
    .port_info 6 /INPUT 1 "rst";
v000001ec34d11f90_0 .net "a_in", 7 0, v000001ec34d17e90_0;  alias, 1 drivers
v000001ec34d116d0_0 .var "a_out", 7 0;
v000001ec34d10730_0 .net "b_in", 7 0, v000001ec34d17850_0;  alias, 1 drivers
v000001ec34d10230_0 .var "b_out", 7 0;
v000001ec34d11db0_0 .net "clk", 0 0, v000001ec34d1bbf0_0;  alias, 1 drivers
v000001ec34d11310_0 .var "partial_sum", 17 0;
v000001ec34d10e10_0 .net "rst", 0 0, v000001ec34d1c370_0;  alias, 1 drivers
S_000001ec34d19090 .scope module, "pe41" "pe" 34 71, 35 1 0, S_000001ec34d03690;
 .timescale -9 -12;
    .port_info 0 /INPUT 8 "a_in";
    .port_info 1 /INPUT 8 "b_in";
    .port_info 2 /OUTPUT 8 "a_out";
    .port_info 3 /OUTPUT 8 "b_out";
    .port_info 4 /OUTPUT 18 "partial_sum";
    .port_info 5 /INPUT 1 "clk";
    .port_info 6 /INPUT 1 "rst";
v000001ec34d111d0_0 .net "a_in", 7 0, v000001ec34d13f70_0;  alias, 1 drivers
v000001ec34d11270_0 .var "a_out", 7 0;
v000001ec34d11e50_0 .net "b_in", 7 0, v000001ec34d15410_0;  alias, 1 drivers
v000001ec34d105f0_0 .var "b_out", 7 0;
v000001ec34d11770_0 .net "clk", 0 0, v000001ec34d1bbf0_0;  alias, 1 drivers
v000001ec34d100f0_0 .var "partial_sum", 17 0;
v000001ec34d10690_0 .net "rst", 0 0, v000001ec34d1c370_0;  alias, 1 drivers
S_000001ec34d19220 .scope module, "pe42" "pe" 34 72, 35 1 0, S_000001ec34d03690;
 .timescale -9 -12;
    .port_info 0 /INPUT 8 "a_in";
    .port_info 1 /INPUT 8 "b_in";
    .port_info 2 /OUTPUT 8 "a_out";
    .port_info 3 /OUTPUT 8 "b_out";
    .port_info 4 /OUTPUT 18 "partial_sum";
    .port_info 5 /INPUT 1 "clk";
    .port_info 6 /INPUT 1 "rst";
v000001ec34d10d70_0 .net "a_in", 7 0, v000001ec34d11270_0;  alias, 1 drivers
v000001ec34d12710_0 .var "a_out", 7 0;
v000001ec34d11590_0 .net "b_in", 7 0, v000001ec34d17ad0_0;  alias, 1 drivers
v000001ec34d12350_0 .var "b_out", 7 0;
v000001ec34d11090_0 .net "clk", 0 0, v000001ec34d1bbf0_0;  alias, 1 drivers
v000001ec34d11d10_0 .var "partial_sum", 17 0;
v000001ec34d102d0_0 .net "rst", 0 0, v000001ec34d1c370_0;  alias, 1 drivers
S_000001ec34d18730 .scope module, "pe43" "pe" 34 73, 35 1 0, S_000001ec34d03690;
 .timescale -9 -12;
    .port_info 0 /INPUT 8 "a_in";
    .port_info 1 /INPUT 8 "b_in";
    .port_info 2 /OUTPUT 8 "a_out";
    .port_info 3 /OUTPUT 8 "b_out";
    .port_info 4 /OUTPUT 18 "partial_sum";
    .port_info 5 /INPUT 1 "clk";
    .port_info 6 /INPUT 1 "rst";
v000001ec34d10190_0 .net "a_in", 7 0, v000001ec34d12710_0;  alias, 1 drivers
v000001ec34d11b30_0 .var "a_out", 7 0;
v000001ec34d127b0_0 .net "b_in", 7 0, v000001ec34d10550_0;  alias, 1 drivers
v000001ec34d10f50_0 .var "b_out", 7 0;
v000001ec34d11bd0_0 .net "clk", 0 0, v000001ec34d1bbf0_0;  alias, 1 drivers
v000001ec34d109b0_0 .var "partial_sum", 17 0;
v000001ec34d11ef0_0 .net "rst", 0 0, v000001ec34d1c370_0;  alias, 1 drivers
S_000001ec34d18be0 .scope module, "pe44" "pe" 34 74, 35 1 0, S_000001ec34d03690;
 .timescale -9 -12;
    .port_info 0 /INPUT 8 "a_in";
    .port_info 1 /INPUT 8 "b_in";
    .port_info 2 /OUTPUT 8 "a_out";
    .port_info 3 /OUTPUT 8 "b_out";
    .port_info 4 /OUTPUT 18 "partial_sum";
    .port_info 5 /INPUT 1 "clk";
    .port_info 6 /INPUT 1 "rst";
v000001ec34d113b0_0 .net "a_in", 7 0, v000001ec34d11b30_0;  alias, 1 drivers
v000001ec34d11450_0 .var "a_out", 7 0;
v000001ec34d11950_0 .net "b_in", 7 0, v000001ec34d10230_0;  alias, 1 drivers
v000001ec34d11630_0 .var "b_out", 7 0;
v000001ec34d12850_0 .net "clk", 0 0, v000001ec34d1bbf0_0;  alias, 1 drivers
v000001ec34d12030_0 .var "partial_sum", 17 0;
v000001ec34d11c70_0 .net "rst", 0 0, v000001ec34d1c370_0;  alias, 1 drivers
    .scope S_000001ec34d03b40;
T_0 ;
    %wait E_000001ec34bca8e0;
    %load/vec4 v000001ec34d045d0_0;
    %flag_set/vec4 8;
    %jmp/0xz  T_0.0, 8;
    %pushi/vec4 0, 0, 32;
    %assign/vec4 v000001ec34d05430_0, 0;
    %jmp T_0.1;
T_0.0 ;
    %load/vec4 v000001ec34d04f30_0;
    %nor/r;
    %flag_set/vec4 8;
    %jmp/0xz  T_0.2, 8;
    %load/vec4 v000001ec34d051b0_0;
    %assign/vec4 v000001ec34d05430_0, 0;
T_0.2 ;
T_0.1 ;
    %jmp T_0;
    .thread T_0;
    .scope S_000001ec34d02880;
T_1 ;
    %pushi/vec4 0, 0, 32;
    %store/vec4 v000001ec34d040d0_0, 0, 32;
T_1.0 ;
    %load/vec4 v000001ec34d040d0_0;
    %cmpi/s 256, 0, 32;
    %jmp/0xz T_1.1, 5;
    %pushi/vec4 19, 0, 8;
    %ix/getv/s 4, v000001ec34d040d0_0;
    %store/vec4a v000001ec34d05610, 4, 0;
    %pushi/vec4 0, 0, 8;
    %load/vec4 v000001ec34d040d0_0;
    %addi 1, 0, 32;
    %ix/vec4/s 4;
    %store/vec4a v000001ec34d05610, 4, 0;
    %pushi/vec4 0, 0, 8;
    %load/vec4 v000001ec34d040d0_0;
    %addi 2, 0, 32;
    %ix/vec4/s 4;
    %store/vec4a v000001ec34d05610, 4, 0;
    %pushi/vec4 0, 0, 8;
    %load/vec4 v000001ec34d040d0_0;
    %addi 3, 0, 32;
    %ix/vec4/s 4;
    %store/vec4a v000001ec34d05610, 4, 0;
    %load/vec4 v000001ec34d040d0_0;
    %addi 4, 0, 32;
    %store/vec4 v000001ec34d040d0_0, 0, 32;
    %jmp T_1.0;
T_1.1 ;
    %vpi_call/w 26 17 "$readmemh", "program.mem", v000001ec34d05610 {0 0 0};
    %end;
    .thread T_1;
    .scope S_000001ec34c7f040;
T_2 ;
    %wait E_000001ec34bca760;
    %load/vec4 v000001ec34cfd0c0_0;
    %flag_set/vec4 8;
    %jmp/0xz  T_2.0, 8;
    %load/vec4 v000001ec34cfdd40_0;
    %flag_set/vec4 8;
    %jmp/0xz  T_2.2, 8;
    %load/vec4 v000001ec34cfd840_0;
    %pad/u 10;
    %ix/vec4 4;
    %load/vec4a v000001ec34cfcb20, 4;
    %parti/s 32, 0, 2;
    %store/vec4 v000001ec34cfd3e0_0, 0, 32;
    %pushi/vec4 1, 0, 1;
    %store/vec4 v000001ec34cfd5c0_0, 0, 1;
    %jmp T_2.3;
T_2.2 ;
    %load/vec4 v000001ec34cfcbc0_0;
    %addi 4, 0, 32;
    %store/vec4 v000001ec34cfd3e0_0, 0, 32;
    %pushi/vec4 0, 0, 1;
    %store/vec4 v000001ec34cfd5c0_0, 0, 1;
T_2.3 ;
    %jmp T_2.1;
T_2.0 ;
    %load/vec4 v000001ec34cfcbc0_0;
    %addi 4, 0, 32;
    %store/vec4 v000001ec34cfd3e0_0, 0, 32;
    %pushi/vec4 0, 0, 1;
    %store/vec4 v000001ec34cfd5c0_0, 0, 1;
T_2.1 ;
    %jmp T_2;
    .thread T_2, $push;
    .scope S_000001ec34c7f040;
T_3 ;
    %wait E_000001ec34bca720;
    %pushi/vec4 0, 0, 1;
    %store/vec4 v000001ec34cfdc00_0, 0, 1;
    %load/vec4 v000001ec34cfdca0_0;
    %flag_set/vec4 8;
    %jmp/0xz  T_3.0, 8;
    %load/vec4 v000001ec34cfcee0_0;
    %load/vec4 v000001ec34cfdf20_0;
    %cmp/ne;
    %jmp/0xz  T_3.2, 4;
    %pushi/vec4 1, 0, 1;
    %store/vec4 v000001ec34cfdc00_0, 0, 1;
    %jmp T_3.3;
T_3.2 ;
    %load/vec4 v000001ec34cfcee0_0;
    %flag_set/vec4 9;
    %flag_get/vec4 9;
    %jmp/0 T_3.6, 9;
    %load/vec4 v000001ec34cfda20_0;
    %load/vec4 v000001ec34cfdb60_0;
    %cmp/ne;
    %flag_get/vec4 4;
    %and;
T_3.6;
    %flag_set/vec4 8;
    %jmp/0xz  T_3.4, 8;
    %pushi/vec4 1, 0, 1;
    %store/vec4 v000001ec34cfdc00_0, 0, 1;
    %jmp T_3.5;
T_3.4 ;
    %pushi/vec4 0, 0, 1;
    %store/vec4 v000001ec34cfdc00_0, 0, 1;
T_3.5 ;
T_3.3 ;
T_3.0 ;
    %jmp T_3;
    .thread T_3, $push;
    .scope S_000001ec34c7f040;
T_4 ;
    %wait E_000001ec34bca8e0;
    %load/vec4 v000001ec34cfdac0_0;
    %flag_set/vec4 8;
    %jmp/0xz  T_4.0, 8;
    %vpi_call/w 17 76 "$display", "BP RESET" {0 0 0};
    %pushi/vec4 0, 0, 32;
    %store/vec4 v000001ec34cfca80_0, 0, 32;
T_4.2 ;
    %load/vec4 v000001ec34cfca80_0;
    %cmpi/s 256, 0, 32;
    %jmp/0xz T_4.3, 5;
    %pushi/vec4 0, 0, 2;
    %ix/getv/s 3, v000001ec34cfca80_0;
    %ix/load 4, 0, 0; Constant delay
    %assign/vec4/a/d v000001ec34cfd340, 0, 4;
    %pushi/vec4 0, 0, 33;
    %ix/getv/s 3, v000001ec34cfca80_0;
    %ix/load 4, 0, 0; Constant delay
    %assign/vec4/a/d v000001ec34cfcb20, 0, 4;
    %load/vec4 v000001ec34cfca80_0;
    %addi 1, 0, 32;
    %store/vec4 v000001ec34cfca80_0, 0, 32;
    %jmp T_4.2;
T_4.3 ;
    %jmp T_4.1;
T_4.0 ;
    %load/vec4 v000001ec34cfdca0_0;
    %flag_set/vec4 8;
    %jmp/0xz  T_4.4, 8;
    %pushi/vec4 1, 0, 1;
    %load/vec4 v000001ec34cfdb60_0;
    %concat/vec4; draw_concat_vec4
    %load/vec4 v000001ec34cfcf80_0;
    %pad/u 10;
    %ix/vec4 3;
    %ix/load 4, 0, 0; Constant delay
    %assign/vec4/a/d v000001ec34cfcb20, 0, 4;
    %load/vec4 v000001ec34cfce40_0;
    %cmpi/e 0, 0, 2;
    %jmp/0xz  T_4.6, 4;
    %load/vec4 v000001ec34cfcee0_0;
    %flag_set/vec4 8;
    %jmp/0xz  T_4.8, 8;
    %pushi/vec4 1, 0, 2;
    %load/vec4 v000001ec34cfcf80_0;
    %pad/u 10;
    %ix/vec4 3;
    %ix/load 4, 0, 0; Constant delay
    %assign/vec4/a/d v000001ec34cfd340, 0, 4;
    %jmp T_4.9;
T_4.8 ;
    %pushi/vec4 0, 0, 2;
    %load/vec4 v000001ec34cfcf80_0;
    %pad/u 10;
    %ix/vec4 3;
    %ix/load 4, 0, 0; Constant delay
    %assign/vec4/a/d v000001ec34cfd340, 0, 4;
T_4.9 ;
    %jmp T_4.7;
T_4.6 ;
    %load/vec4 v000001ec34cfce40_0;
    %cmpi/e 1, 0, 2;
    %jmp/0xz  T_4.10, 4;
    %load/vec4 v000001ec34cfcee0_0;
    %flag_set/vec4 8;
    %jmp/0xz  T_4.12, 8;
    %pushi/vec4 2, 0, 2;
    %load/vec4 v000001ec34cfcf80_0;
    %pad/u 10;
    %ix/vec4 3;
    %ix/load 4, 0, 0; Constant delay
    %assign/vec4/a/d v000001ec34cfd340, 0, 4;
    %jmp T_4.13;
T_4.12 ;
    %pushi/vec4 0, 0, 2;
    %load/vec4 v000001ec34cfcf80_0;
    %pad/u 10;
    %ix/vec4 3;
    %ix/load 4, 0, 0; Constant delay
    %assign/vec4/a/d v000001ec34cfd340, 0, 4;
T_4.13 ;
    %jmp T_4.11;
T_4.10 ;
    %load/vec4 v000001ec34cfce40_0;
    %cmpi/e 2, 0, 2;
    %jmp/0xz  T_4.14, 4;
    %load/vec4 v000001ec34cfcee0_0;
    %flag_set/vec4 8;
    %jmp/0xz  T_4.16, 8;
    %pushi/vec4 3, 0, 2;
    %load/vec4 v000001ec34cfcf80_0;
    %pad/u 10;
    %ix/vec4 3;
    %ix/load 4, 0, 0; Constant delay
    %assign/vec4/a/d v000001ec34cfd340, 0, 4;
    %jmp T_4.17;
T_4.16 ;
    %pushi/vec4 1, 0, 2;
    %load/vec4 v000001ec34cfcf80_0;
    %pad/u 10;
    %ix/vec4 3;
    %ix/load 4, 0, 0; Constant delay
    %assign/vec4/a/d v000001ec34cfd340, 0, 4;
T_4.17 ;
    %jmp T_4.15;
T_4.14 ;
    %load/vec4 v000001ec34cfce40_0;
    %cmpi/e 3, 0, 2;
    %jmp/0xz  T_4.18, 4;
    %load/vec4 v000001ec34cfcee0_0;
    %flag_set/vec4 8;
    %jmp/0xz  T_4.20, 8;
    %pushi/vec4 3, 0, 2;
    %load/vec4 v000001ec34cfcf80_0;
    %pad/u 10;
    %ix/vec4 3;
    %ix/load 4, 0, 0; Constant delay
    %assign/vec4/a/d v000001ec34cfd340, 0, 4;
    %jmp T_4.21;
T_4.20 ;
    %pushi/vec4 2, 0, 2;
    %load/vec4 v000001ec34cfcf80_0;
    %pad/u 10;
    %ix/vec4 3;
    %ix/load 4, 0, 0; Constant delay
    %assign/vec4/a/d v000001ec34cfd340, 0, 4;
T_4.21 ;
T_4.18 ;
T_4.15 ;
T_4.11 ;
T_4.7 ;
T_4.4 ;
T_4.1 ;
    %jmp T_4;
    .thread T_4;
    .scope S_000001ec34c7f040;
T_5 ;
    %wait E_000001ec34bcb0a0;
    %vpi_call/w 17 122 "$display", "----- BP -----" {0 0 0};
    %vpi_call/w 17 123 "$display", "prediction        = %b", v000001ec34cfd660_0 {0 0 0};
    %vpi_call/w 17 124 "$display", "prediction_taken  = %b", v000001ec34cfd0c0_0 {0 0 0};
    %vpi_call/w 17 125 "$display", "btb_hit           = %b", v000001ec34cfd5c0_0 {0 0 0};
    %vpi_call/w 17 126 "$display", "predicted_target  = %h", v000001ec34cfd3e0_0 {0 0 0};
    %vpi_call/w 17 127 "$display", "next_pc = %h", v000001ec34cfcbc0_0 {0 0 0};
    %vpi_call/w 17 128 "$display", "index   = %d", v000001ec34cfd840_0 {0 0 0};
    %load/vec4 v000001ec34cfd840_0;
    %pad/u 10;
    %ix/vec4 4;
    %load/vec4a v000001ec34cfd340, 4;
    %vpi_call/w 17 129 "$display", "bht[%0d]= %b", v000001ec34cfd840_0, S<0,vec4,u2> {1 0 0};
    %jmp T_5;
    .thread T_5;
    .scope S_000001ec34d039b0;
T_6 ;
    %wait E_000001ec34bca8e0;
    %load/vec4 v000001ec34d07af0_0;
    %flag_set/vec4 8;
    %jmp/0xz  T_6.0, 8;
    %pushi/vec4 0, 0, 32;
    %assign/vec4 v000001ec34d06fb0_0, 0;
    %pushi/vec4 0, 0, 32;
    %assign/vec4 v000001ec34d07a50_0, 0;
    %pushi/vec4 0, 0, 1;
    %assign/vec4 v000001ec34d07910_0, 0;
    %pushi/vec4 0, 0, 32;
    %assign/vec4 v000001ec34d077d0_0, 0;
    %pushi/vec4 0, 0, 1;
    %assign/vec4 v000001ec34d074b0_0, 0;
    %jmp T_6.1;
T_6.0 ;
    %load/vec4 v000001ec34d07eb0_0;
    %flag_set/vec4 8;
    %jmp/0xz  T_6.2, 8;
    %load/vec4 v000001ec34d06fb0_0;
    %assign/vec4 v000001ec34d06fb0_0, 0;
    %load/vec4 v000001ec34d07a50_0;
    %assign/vec4 v000001ec34d07a50_0, 0;
    %load/vec4 v000001ec34d07910_0;
    %assign/vec4 v000001ec34d07910_0, 0;
    %load/vec4 v000001ec34d077d0_0;
    %assign/vec4 v000001ec34d077d0_0, 0;
    %load/vec4 v000001ec34d074b0_0;
    %assign/vec4 v000001ec34d074b0_0, 0;
    %jmp T_6.3;
T_6.2 ;
    %load/vec4 v000001ec34d06dd0_0;
    %flag_set/vec4 8;
    %jmp/0xz  T_6.4, 8;
    %pushi/vec4 0, 0, 32;
    %assign/vec4 v000001ec34d06fb0_0, 0;
    %pushi/vec4 0, 0, 32;
    %assign/vec4 v000001ec34d07a50_0, 0;
    %pushi/vec4 0, 0, 1;
    %assign/vec4 v000001ec34d07910_0, 0;
    %pushi/vec4 0, 0, 32;
    %assign/vec4 v000001ec34d077d0_0, 0;
    %pushi/vec4 0, 0, 1;
    %assign/vec4 v000001ec34d074b0_0, 0;
    %jmp T_6.5;
T_6.4 ;
    %load/vec4 v000001ec34d07c30_0;
    %flag_set/vec4 8;
    %jmp/0xz  T_6.6, 8;
    %load/vec4 v000001ec34d06fb0_0;
    %assign/vec4 v000001ec34d06fb0_0, 0;
    %load/vec4 v000001ec34d07a50_0;
    %assign/vec4 v000001ec34d07a50_0, 0;
    %load/vec4 v000001ec34d07910_0;
    %assign/vec4 v000001ec34d07910_0, 0;
    %load/vec4 v000001ec34d077d0_0;
    %assign/vec4 v000001ec34d077d0_0, 0;
    %load/vec4 v000001ec34d074b0_0;
    %assign/vec4 v000001ec34d074b0_0, 0;
    %jmp T_6.7;
T_6.6 ;
    %load/vec4 v000001ec34d07550_0;
    %assign/vec4 v000001ec34d06fb0_0, 0;
    %load/vec4 v000001ec34d07190_0;
    %assign/vec4 v000001ec34d07a50_0, 0;
    %load/vec4 v000001ec34d068d0_0;
    %assign/vec4 v000001ec34d07910_0, 0;
    %load/vec4 v000001ec34d075f0_0;
    %assign/vec4 v000001ec34d077d0_0, 0;
    %load/vec4 v000001ec34d07b90_0;
    %assign/vec4 v000001ec34d074b0_0, 0;
T_6.7 ;
T_6.5 ;
T_6.3 ;
T_6.1 ;
    %jmp T_6;
    .thread T_6;
    .scope S_000001ec34c7eeb0;
T_7 ;
    %wait E_000001ec34bca9e0;
    %load/vec4 v000001ec34cfedd0_0;
    %cmpi/e 3, 0, 2;
    %jmp/0xz  T_7.0, 4;
    %load/vec4 v000001ec34cff190_0;
    %store/vec4 v000001ec34cfe830_0, 0, 32;
    %jmp T_7.1;
T_7.0 ;
    %pushi/vec4 0, 0, 32;
    %store/vec4 v000001ec34cfe830_0, 0, 32;
    %load/vec4 v000001ec34cff190_0;
    %parti/s 3, 13, 5;
    %load/vec4 v000001ec34cff190_0;
    %parti/s 2, 0, 2;
    %concat/vec4; draw_concat_vec4
    %dup/vec4;
    %pushi/vec4 18, 0, 5;
    %cmp/u;
    %jmp/1 T_7.2, 6;
    %dup/vec4;
    %pushi/vec4 1, 0, 5;
    %cmp/u;
    %jmp/1 T_7.3, 6;
    %dup/vec4;
    %pushi/vec4 9, 0, 5;
    %cmp/u;
    %jmp/1 T_7.4, 6;
    %dup/vec4;
    %pushi/vec4 13, 0, 5;
    %cmp/u;
    %jmp/1 T_7.5, 6;
    %dup/vec4;
    %pushi/vec4 2, 0, 5;
    %cmp/u;
    %jmp/1 T_7.6, 6;
    %dup/vec4;
    %pushi/vec4 8, 0, 5;
    %cmp/u;
    %jmp/1 T_7.7, 6;
    %dup/vec4;
    %pushi/vec4 24, 0, 5;
    %cmp/u;
    %jmp/1 T_7.8, 6;
    %dup/vec4;
    %pushi/vec4 25, 0, 5;
    %cmp/u;
    %jmp/1 T_7.9, 6;
    %dup/vec4;
    %pushi/vec4 29, 0, 5;
    %cmp/u;
    %jmp/1 T_7.10, 6;
    %dup/vec4;
    %pushi/vec4 21, 0, 5;
    %cmp/u;
    %jmp/1 T_7.11, 6;
    %dup/vec4;
    %pushi/vec4 5, 0, 5;
    %cmp/u;
    %jmp/1 T_7.12, 6;
    %pushi/vec4 0, 0, 32;
    %store/vec4 v000001ec34cfe830_0, 0, 32;
    %jmp T_7.14;
T_7.2 ;
    %load/vec4 v000001ec34cff190_0;
    %parti/s 1, 12, 5;
    %cmpi/e 0, 0, 1;
    %jmp/0xz  T_7.15, 4;
    %load/vec4 v000001ec34cff190_0;
    %parti/s 5, 2, 3;
    %cmpi/e 0, 0, 5;
    %jmp/0xz  T_7.17, 4;
    %pushi/vec4 103, 0, 7;
    %ix/load 4, 0, 0;
    %flag_set/imm 4, 0;
    %store/vec4 v000001ec34cfe830_0, 4, 7;
    %pushi/vec4 0, 0, 5;
    %ix/load 4, 7, 0;
    %flag_set/imm 4, 0;
    %store/vec4 v000001ec34cfe830_0, 4, 5;
    %pushi/vec4 0, 0, 3;
    %ix/load 4, 12, 0;
    %flag_set/imm 4, 0;
    %store/vec4 v000001ec34cfe830_0, 4, 3;
    %load/vec4 v000001ec34cff190_0;
    %parti/s 5, 7, 4;
    %ix/load 4, 15, 0;
    %flag_set/imm 4, 0;
    %store/vec4 v000001ec34cfe830_0, 4, 5;
    %pushi/vec4 0, 0, 5;
    %ix/load 4, 20, 0;
    %flag_set/imm 4, 0;
    %store/vec4 v000001ec34cfe830_0, 4, 5;
    %pushi/vec4 0, 0, 7;
    %ix/load 4, 25, 0;
    %flag_set/imm 4, 0;
    %store/vec4 v000001ec34cfe830_0, 4, 7;
    %jmp T_7.18;
T_7.17 ;
    %pushi/vec4 51, 0, 7;
    %ix/load 4, 0, 0;
    %flag_set/imm 4, 0;
    %store/vec4 v000001ec34cfe830_0, 4, 7;
    %load/vec4 v000001ec34cff190_0;
    %parti/s 5, 7, 4;
    %ix/load 4, 7, 0;
    %flag_set/imm 4, 0;
    %store/vec4 v000001ec34cfe830_0, 4, 5;
    %pushi/vec4 0, 0, 3;
    %ix/load 4, 12, 0;
    %flag_set/imm 4, 0;
    %store/vec4 v000001ec34cfe830_0, 4, 3;
    %pushi/vec4 0, 0, 5;
    %ix/load 4, 15, 0;
    %flag_set/imm 4, 0;
    %store/vec4 v000001ec34cfe830_0, 4, 5;
    %load/vec4 v000001ec34cff190_0;
    %parti/s 5, 2, 3;
    %ix/load 4, 20, 0;
    %flag_set/imm 4, 0;
    %store/vec4 v000001ec34cfe830_0, 4, 5;
    %pushi/vec4 0, 0, 7;
    %ix/load 4, 25, 0;
    %flag_set/imm 4, 0;
    %store/vec4 v000001ec34cfe830_0, 4, 7;
T_7.18 ;
    %jmp T_7.16;
T_7.15 ;
    %load/vec4 v000001ec34cff190_0;
    %parti/s 5, 2, 3;
    %cmpi/e 0, 0, 5;
    %jmp/0xz  T_7.19, 4;
    %load/vec4 v000001ec34cff190_0;
    %parti/s 5, 7, 4;
    %cmpi/e 0, 0, 5;
    %jmp/0xz  T_7.21, 4;
    %pushi/vec4 1048691, 0, 32;
    %store/vec4 v000001ec34cfe830_0, 0, 32;
    %jmp T_7.22;
T_7.21 ;
    %pushi/vec4 103, 0, 7;
    %ix/load 4, 0, 0;
    %flag_set/imm 4, 0;
    %store/vec4 v000001ec34cfe830_0, 4, 7;
    %pushi/vec4 1, 0, 5;
    %ix/load 4, 7, 0;
    %flag_set/imm 4, 0;
    %store/vec4 v000001ec34cfe830_0, 4, 5;
    %pushi/vec4 0, 0, 3;
    %ix/load 4, 12, 0;
    %flag_set/imm 4, 0;
    %store/vec4 v000001ec34cfe830_0, 4, 3;
    %load/vec4 v000001ec34cff190_0;
    %parti/s 5, 7, 4;
    %ix/load 4, 15, 0;
    %flag_set/imm 4, 0;
    %store/vec4 v000001ec34cfe830_0, 4, 5;
    %pushi/vec4 0, 0, 5;
    %ix/load 4, 20, 0;
    %flag_set/imm 4, 0;
    %store/vec4 v000001ec34cfe830_0, 4, 5;
    %pushi/vec4 0, 0, 7;
    %ix/load 4, 25, 0;
    %flag_set/imm 4, 0;
    %store/vec4 v000001ec34cfe830_0, 4, 7;
T_7.22 ;
    %jmp T_7.20;
T_7.19 ;
    %pushi/vec4 51, 0, 7;
    %ix/load 4, 0, 0;
    %flag_set/imm 4, 0;
    %store/vec4 v000001ec34cfe830_0, 4, 7;
    %load/vec4 v000001ec34cff190_0;
    %parti/s 5, 7, 4;
    %ix/load 4, 7, 0;
    %flag_set/imm 4, 0;
    %store/vec4 v000001ec34cfe830_0, 4, 5;
    %pushi/vec4 0, 0, 3;
    %ix/load 4, 12, 0;
    %flag_set/imm 4, 0;
    %store/vec4 v000001ec34cfe830_0, 4, 3;
    %load/vec4 v000001ec34cff190_0;
    %parti/s 5, 7, 4;
    %ix/load 4, 15, 0;
    %flag_set/imm 4, 0;
    %store/vec4 v000001ec34cfe830_0, 4, 5;
    %load/vec4 v000001ec34cff190_0;
    %parti/s 5, 2, 3;
    %ix/load 4, 20, 0;
    %flag_set/imm 4, 0;
    %store/vec4 v000001ec34cfe830_0, 4, 5;
    %pushi/vec4 0, 0, 7;
    %ix/load 4, 25, 0;
    %flag_set/imm 4, 0;
    %store/vec4 v000001ec34cfe830_0, 4, 7;
T_7.20 ;
T_7.16 ;
    %jmp T_7.14;
T_7.3 ;
    %load/vec4 v000001ec34cff190_0;
    %parti/s 5, 7, 4;
    %cmpi/e 0, 0, 5;
    %flag_get/vec4 4;
    %jmp/0 T_7.25, 4;
    %load/vec4 v000001ec34cff190_0;
    %parti/s 1, 12, 5;
    %load/vec4 v000001ec34cff190_0;
    %parti/s 5, 2, 3;
    %concat/vec4; draw_concat_vec4
    %pushi/vec4 0, 0, 6;
    %cmp/e;
    %flag_get/vec4 4;
    %and;
T_7.25;
    %flag_set/vec4 8;
    %jmp/0xz  T_7.23, 8;
    %pushi/vec4 19, 0, 32;
    %store/vec4 v000001ec34cfe830_0, 0, 32;
    %jmp T_7.24;
T_7.23 ;
    %pushi/vec4 19, 0, 7;
    %ix/load 4, 0, 0;
    %flag_set/imm 4, 0;
    %store/vec4 v000001ec34cfe830_0, 4, 7;
    %load/vec4 v000001ec34cff190_0;
    %parti/s 5, 7, 4;
    %ix/load 4, 7, 0;
    %flag_set/imm 4, 0;
    %store/vec4 v000001ec34cfe830_0, 4, 5;
    %pushi/vec4 0, 0, 3;
    %ix/load 4, 12, 0;
    %flag_set/imm 4, 0;
    %store/vec4 v000001ec34cfe830_0, 4, 3;
    %load/vec4 v000001ec34cff190_0;
    %parti/s 5, 7, 4;
    %ix/load 4, 15, 0;
    %flag_set/imm 4, 0;
    %store/vec4 v000001ec34cfe830_0, 4, 5;
    %load/vec4 v000001ec34cff190_0;
    %parti/s 1, 12, 5;
    %replicate 6;
    %load/vec4 v000001ec34cff190_0;
    %parti/s 1, 12, 5;
    %concat/vec4; draw_concat_vec4
    %load/vec4 v000001ec34cff190_0;
    %parti/s 5, 2, 3;
    %concat/vec4; draw_concat_vec4
    %ix/load 4, 20, 0;
    %flag_set/imm 4, 0;
    %store/vec4 v000001ec34cfe830_0, 4, 12;
T_7.24 ;
    %jmp T_7.14;
T_7.4 ;
    %pushi/vec4 19, 0, 7;
    %ix/load 4, 0, 0;
    %flag_set/imm 4, 0;
    %store/vec4 v000001ec34cfe830_0, 4, 7;
    %load/vec4 v000001ec34cff190_0;
    %parti/s 5, 7, 4;
    %ix/load 4, 7, 0;
    %flag_set/imm 4, 0;
    %store/vec4 v000001ec34cfe830_0, 4, 5;
    %pushi/vec4 0, 0, 3;
    %ix/load 4, 12, 0;
    %flag_set/imm 4, 0;
    %store/vec4 v000001ec34cfe830_0, 4, 3;
    %pushi/vec4 0, 0, 5;
    %ix/load 4, 15, 0;
    %flag_set/imm 4, 0;
    %store/vec4 v000001ec34cfe830_0, 4, 5;
    %load/vec4 v000001ec34cff190_0;
    %parti/s 1, 12, 5;
    %replicate 6;
    %load/vec4 v000001ec34cff190_0;
    %parti/s 1, 12, 5;
    %concat/vec4; draw_concat_vec4
    %load/vec4 v000001ec34cff190_0;
    %parti/s 5, 2, 3;
    %concat/vec4; draw_concat_vec4
    %ix/load 4, 20, 0;
    %flag_set/imm 4, 0;
    %store/vec4 v000001ec34cfe830_0, 4, 12;
    %jmp T_7.14;
T_7.5 ;
    %load/vec4 v000001ec34cff190_0;
    %parti/s 5, 7, 4;
    %cmpi/e 2, 0, 5;
    %jmp/0xz  T_7.26, 4;
    %pushi/vec4 19, 0, 7;
    %ix/load 4, 0, 0;
    %flag_set/imm 4, 0;
    %store/vec4 v000001ec34cfe830_0, 4, 7;
    %pushi/vec4 2, 0, 5;
    %ix/load 4, 7, 0;
    %flag_set/imm 4, 0;
    %store/vec4 v000001ec34cfe830_0, 4, 5;
    %pushi/vec4 0, 0, 3;
    %ix/load 4, 12, 0;
    %flag_set/imm 4, 0;
    %store/vec4 v000001ec34cfe830_0, 4, 3;
    %pushi/vec4 2, 0, 5;
    %ix/load 4, 15, 0;
    %flag_set/imm 4, 0;
    %store/vec4 v000001ec34cfe830_0, 4, 5;
    %load/vec4 v000001ec34cff190_0;
    %parti/s 1, 12, 5;
    %replicate 2;
    %load/vec4 v000001ec34cff190_0;
    %parti/s 1, 12, 5;
    %concat/vec4; draw_concat_vec4
    %load/vec4 v000001ec34cff190_0;
    %parti/s 2, 3, 3;
    %concat/vec4; draw_concat_vec4
    %load/vec4 v000001ec34cff190_0;
    %parti/s 1, 5, 4;
    %concat/vec4; draw_concat_vec4
    %load/vec4 v000001ec34cff190_0;
    %parti/s 1, 2, 3;
    %concat/vec4; draw_concat_vec4
    %load/vec4 v000001ec34cff190_0;
    %parti/s 1, 6, 4;
    %concat/vec4; draw_concat_vec4
    %concati/vec4 0, 0, 4;
    %ix/load 4, 20, 0;
    %flag_set/imm 4, 0;
    %store/vec4 v000001ec34cfe830_0, 4, 12;
    %jmp T_7.27;
T_7.26 ;
    %pushi/vec4 55, 0, 7;
    %ix/load 4, 0, 0;
    %flag_set/imm 4, 0;
    %store/vec4 v000001ec34cfe830_0, 4, 7;
    %load/vec4 v000001ec34cff190_0;
    %parti/s 5, 7, 4;
    %ix/load 4, 7, 0;
    %flag_set/imm 4, 0;
    %store/vec4 v000001ec34cfe830_0, 4, 5;
    %pushi/vec4 0, 0, 3;
    %ix/load 4, 12, 0;
    %flag_set/imm 4, 0;
    %store/vec4 v000001ec34cfe830_0, 4, 3;
    %pushi/vec4 0, 0, 5;
    %ix/load 4, 15, 0;
    %flag_set/imm 4, 0;
    %store/vec4 v000001ec34cfe830_0, 4, 5;
    %pushi/vec4 0, 0, 5;
    %ix/load 4, 20, 0;
    %flag_set/imm 4, 0;
    %store/vec4 v000001ec34cfe830_0, 4, 5;
    %load/vec4 v000001ec34cff190_0;
    %parti/s 1, 12, 5;
    %replicate 14;
    %load/vec4 v000001ec34cff190_0;
    %parti/s 1, 12, 5;
    %concat/vec4; draw_concat_vec4
    %load/vec4 v000001ec34cff190_0;
    %parti/s 5, 2, 3;
    %concat/vec4; draw_concat_vec4
    %ix/load 4, 12, 0;
    %flag_set/imm 4, 0;
    %store/vec4 v000001ec34cfe830_0, 4, 20;
T_7.27 ;
    %jmp T_7.14;
T_7.6 ;
    %pushi/vec4 19, 0, 7;
    %ix/load 4, 0, 0;
    %flag_set/imm 4, 0;
    %store/vec4 v000001ec34cfe830_0, 4, 7;
    %load/vec4 v000001ec34cff190_0;
    %parti/s 5, 7, 4;
    %ix/load 4, 7, 0;
    %flag_set/imm 4, 0;
    %store/vec4 v000001ec34cfe830_0, 4, 5;
    %pushi/vec4 1, 0, 3;
    %ix/load 4, 12, 0;
    %flag_set/imm 4, 0;
    %store/vec4 v000001ec34cfe830_0, 4, 3;
    %load/vec4 v000001ec34cff190_0;
    %parti/s 5, 7, 4;
    %ix/load 4, 15, 0;
    %flag_set/imm 4, 0;
    %store/vec4 v000001ec34cfe830_0, 4, 5;
    %pushi/vec4 0, 0, 6;
    %load/vec4 v000001ec34cff190_0;
    %parti/s 1, 12, 5;
    %concat/vec4; draw_concat_vec4
    %load/vec4 v000001ec34cff190_0;
    %parti/s 5, 2, 3;
    %concat/vec4; draw_concat_vec4
    %ix/load 4, 20, 0;
    %flag_set/imm 4, 0;
    %store/vec4 v000001ec34cfe830_0, 4, 12;
    %jmp T_7.14;
T_7.7 ;
    %pushi/vec4 3, 0, 7;
    %ix/load 4, 0, 0;
    %flag_set/imm 4, 0;
    %store/vec4 v000001ec34cfe830_0, 4, 7;
    %pushi/vec4 1, 0, 2;
    %load/vec4 v000001ec34cff190_0;
    %parti/s 3, 2, 3;
    %concat/vec4; draw_concat_vec4
    %ix/load 4, 7, 0;
    %flag_set/imm 4, 0;
    %store/vec4 v000001ec34cfe830_0, 4, 5;
    %pushi/vec4 2, 0, 3;
    %ix/load 4, 12, 0;
    %flag_set/imm 4, 0;
    %store/vec4 v000001ec34cfe830_0, 4, 3;
    %pushi/vec4 1, 0, 2;
    %load/vec4 v000001ec34cff190_0;
    %parti/s 3, 7, 4;
    %concat/vec4; draw_concat_vec4
    %ix/load 4, 15, 0;
    %flag_set/imm 4, 0;
    %store/vec4 v000001ec34cfe830_0, 4, 5;
    %pushi/vec4 0, 0, 6;
    %load/vec4 v000001ec34cff190_0;
    %parti/s 1, 5, 4;
    %concat/vec4; draw_concat_vec4
    %load/vec4 v000001ec34cff190_0;
    %parti/s 3, 10, 5;
    %concat/vec4; draw_concat_vec4
    %load/vec4 v000001ec34cff190_0;
    %parti/s 1, 6, 4;
    %concat/vec4; draw_concat_vec4
    %concati/vec4 0, 0, 2;
    %pad/u 12;
    %ix/load 4, 20, 0;
    %flag_set/imm 4, 0;
    %store/vec4 v000001ec34cfe830_0, 4, 12;
    %jmp T_7.14;
T_7.8 ;
    %fork t_1, S_000001ec34c7e550;
    %jmp t_0;
    .scope S_000001ec34c7e550;
t_1 ;
    %pushi/vec4 0, 0, 6;
    %load/vec4 v000001ec34cff190_0;
    %parti/s 1, 5, 4;
    %concat/vec4; draw_concat_vec4
    %load/vec4 v000001ec34cff190_0;
    %parti/s 3, 10, 5;
    %concat/vec4; draw_concat_vec4
    %load/vec4 v000001ec34cff190_0;
    %parti/s 1, 6, 4;
    %concat/vec4; draw_concat_vec4
    %concati/vec4 0, 0, 2;
    %pad/u 12;
    %store/vec4 v000001ec34cff370_0, 0, 12;
    %pushi/vec4 35, 0, 7;
    %ix/load 4, 0, 0;
    %flag_set/imm 4, 0;
    %store/vec4 v000001ec34cfe830_0, 4, 7;
    %load/vec4 v000001ec34cff370_0;
    %parti/s 5, 0, 2;
    %ix/load 4, 7, 0;
    %flag_set/imm 4, 0;
    %store/vec4 v000001ec34cfe830_0, 4, 5;
    %pushi/vec4 2, 0, 3;
    %ix/load 4, 12, 0;
    %flag_set/imm 4, 0;
    %store/vec4 v000001ec34cfe830_0, 4, 3;
    %pushi/vec4 1, 0, 2;
    %load/vec4 v000001ec34cff190_0;
    %parti/s 3, 7, 4;
    %concat/vec4; draw_concat_vec4
    %ix/load 4, 15, 0;
    %flag_set/imm 4, 0;
    %store/vec4 v000001ec34cfe830_0, 4, 5;
    %pushi/vec4 1, 0, 2;
    %load/vec4 v000001ec34cff190_0;
    %parti/s 3, 2, 3;
    %concat/vec4; draw_concat_vec4
    %ix/load 4, 20, 0;
    %flag_set/imm 4, 0;
    %store/vec4 v000001ec34cfe830_0, 4, 5;
    %load/vec4 v000001ec34cff370_0;
    %parti/s 7, 5, 4;
    %ix/load 4, 25, 0;
    %flag_set/imm 4, 0;
    %store/vec4 v000001ec34cfe830_0, 4, 7;
    %end;
    .scope S_000001ec34c7eeb0;
t_0 %join;
    %jmp T_7.14;
T_7.9 ;
    %fork t_3, S_000001ec34c7f1d0;
    %jmp t_2;
    .scope S_000001ec34c7f1d0;
t_3 ;
    %load/vec4 v000001ec34cff190_0;
    %parti/s 1, 12, 5;
    %load/vec4 v000001ec34cff190_0;
    %parti/s 2, 5, 4;
    %concat/vec4; draw_concat_vec4
    %load/vec4 v000001ec34cff190_0;
    %parti/s 1, 2, 3;
    %concat/vec4; draw_concat_vec4
    %load/vec4 v000001ec34cff190_0;
    %parti/s 2, 10, 5;
    %concat/vec4; draw_concat_vec4
    %load/vec4 v000001ec34cff190_0;
    %parti/s 2, 3, 3;
    %concat/vec4; draw_concat_vec4
    %concati/vec4 0, 0, 1;
    %store/vec4 v000001ec34cfd700_0, 0, 9;
    %pushi/vec4 99, 0, 7;
    %ix/load 4, 0, 0;
    %flag_set/imm 4, 0;
    %store/vec4 v000001ec34cfe830_0, 4, 7;
    %load/vec4 v000001ec34cfd700_0;
    %parti/s 1, 1, 2;
    %ix/load 4, 7, 0;
    %flag_set/imm 4, 0;
    %store/vec4 v000001ec34cfe830_0, 4, 1;
    %load/vec4 v000001ec34cfd700_0;
    %parti/s 4, 1, 2;
    %ix/load 4, 8, 0;
    %flag_set/imm 4, 0;
    %store/vec4 v000001ec34cfe830_0, 4, 4;
    %pushi/vec4 0, 0, 3;
    %ix/load 4, 12, 0;
    %flag_set/imm 4, 0;
    %store/vec4 v000001ec34cfe830_0, 4, 3;
    %pushi/vec4 1, 0, 2;
    %load/vec4 v000001ec34cff190_0;
    %parti/s 3, 7, 4;
    %concat/vec4; draw_concat_vec4
    %ix/load 4, 15, 0;
    %flag_set/imm 4, 0;
    %store/vec4 v000001ec34cfe830_0, 4, 5;
    %pushi/vec4 0, 0, 5;
    %ix/load 4, 20, 0;
    %flag_set/imm 4, 0;
    %store/vec4 v000001ec34cfe830_0, 4, 5;
    %load/vec4 v000001ec34cfd700_0;
    %parti/s 2, 5, 4;
    %pad/u 6;
    %ix/load 4, 25, 0;
    %flag_set/imm 4, 0;
    %store/vec4 v000001ec34cfe830_0, 4, 6;
    %load/vec4 v000001ec34cfd700_0;
    %parti/s 1, 8, 5;
    %ix/load 4, 31, 0;
    %flag_set/imm 4, 0;
    %store/vec4 v000001ec34cfe830_0, 4, 1;
    %end;
    .scope S_000001ec34c7eeb0;
t_2 %join;
    %jmp T_7.14;
T_7.10 ;
    %fork t_5, S_000001ec34c7f360;
    %jmp t_4;
    .scope S_000001ec34c7f360;
t_5 ;
    %load/vec4 v000001ec34cff190_0;
    %parti/s 1, 12, 5;
    %load/vec4 v000001ec34cff190_0;
    %parti/s 2, 5, 4;
    %concat/vec4; draw_concat_vec4
    %load/vec4 v000001ec34cff190_0;
    %parti/s 1, 2, 3;
    %concat/vec4; draw_concat_vec4
    %load/vec4 v000001ec34cff190_0;
    %parti/s 2, 10, 5;
    %concat/vec4; draw_concat_vec4
    %load/vec4 v000001ec34cff190_0;
    %parti/s 2, 3, 3;
    %concat/vec4; draw_concat_vec4
    %concati/vec4 0, 0, 1;
    %store/vec4 v000001ec34cfd200_0, 0, 9;
    %pushi/vec4 99, 0, 7;
    %ix/load 4, 0, 0;
    %flag_set/imm 4, 0;
    %store/vec4 v000001ec34cfe830_0, 4, 7;
    %load/vec4 v000001ec34cfd200_0;
    %parti/s 1, 1, 2;
    %ix/load 4, 7, 0;
    %flag_set/imm 4, 0;
    %store/vec4 v000001ec34cfe830_0, 4, 1;
    %load/vec4 v000001ec34cfd200_0;
    %parti/s 4, 1, 2;
    %ix/load 4, 8, 0;
    %flag_set/imm 4, 0;
    %store/vec4 v000001ec34cfe830_0, 4, 4;
    %pushi/vec4 1, 0, 3;
    %ix/load 4, 12, 0;
    %flag_set/imm 4, 0;
    %store/vec4 v000001ec34cfe830_0, 4, 3;
    %pushi/vec4 1, 0, 2;
    %load/vec4 v000001ec34cff190_0;
    %parti/s 3, 7, 4;
    %concat/vec4; draw_concat_vec4
    %ix/load 4, 15, 0;
    %flag_set/imm 4, 0;
    %store/vec4 v000001ec34cfe830_0, 4, 5;
    %pushi/vec4 0, 0, 5;
    %ix/load 4, 20, 0;
    %flag_set/imm 4, 0;
    %store/vec4 v000001ec34cfe830_0, 4, 5;
    %load/vec4 v000001ec34cfd200_0;
    %parti/s 2, 5, 4;
    %pad/u 6;
    %ix/load 4, 25, 0;
    %flag_set/imm 4, 0;
    %store/vec4 v000001ec34cfe830_0, 4, 6;
    %load/vec4 v000001ec34cfd200_0;
    %parti/s 1, 8, 5;
    %ix/load 4, 31, 0;
    %flag_set/imm 4, 0;
    %store/vec4 v000001ec34cfe830_0, 4, 1;
    %end;
    .scope S_000001ec34c7eeb0;
t_4 %join;
    %jmp T_7.14;
T_7.11 ;
    %fork t_7, S_000001ec34c7e6e0;
    %jmp t_6;
    .scope S_000001ec34c7e6e0;
t_7 ;
    %load/vec4 v000001ec34cff190_0;
    %parti/s 1, 12, 5;
    %load/vec4 v000001ec34cff190_0;
    %parti/s 1, 8, 5;
    %concat/vec4; draw_concat_vec4
    %load/vec4 v000001ec34cff190_0;
    %parti/s 2, 9, 5;
    %concat/vec4; draw_concat_vec4
    %load/vec4 v000001ec34cff190_0;
    %parti/s 1, 6, 4;
    %concat/vec4; draw_concat_vec4
    %load/vec4 v000001ec34cff190_0;
    %parti/s 1, 7, 4;
    %concat/vec4; draw_concat_vec4
    %load/vec4 v000001ec34cff190_0;
    %parti/s 1, 2, 3;
    %concat/vec4; draw_concat_vec4
    %load/vec4 v000001ec34cff190_0;
    %parti/s 1, 11, 5;
    %concat/vec4; draw_concat_vec4
    %load/vec4 v000001ec34cff190_0;
    %parti/s 3, 3, 3;
    %concat/vec4; draw_concat_vec4
    %concati/vec4 0, 0, 1;
    %store/vec4 v000001ec34cfd480_0, 0, 12;
    %pushi/vec4 111, 0, 7;
    %ix/load 4, 0, 0;
    %flag_set/imm 4, 0;
    %store/vec4 v000001ec34cfe830_0, 4, 7;
    %pushi/vec4 0, 0, 5;
    %ix/load 4, 7, 0;
    %flag_set/imm 4, 0;
    %store/vec4 v000001ec34cfe830_0, 4, 5;
    %load/vec4 v000001ec34cfd480_0;
    %parti/s 1, 11, 5;
    %load/vec4 v000001ec34cfd480_0;
    %parti/s 8, 3, 3;
    %concat/vec4; draw_concat_vec4
    %pad/u 8;
    %ix/load 4, 12, 0;
    %flag_set/imm 4, 0;
    %store/vec4 v000001ec34cfe830_0, 4, 8;
    %load/vec4 v000001ec34cfd480_0;
    %parti/s 1, 2, 3;
    %ix/load 4, 20, 0;
    %flag_set/imm 4, 0;
    %store/vec4 v000001ec34cfe830_0, 4, 1;
    %load/vec4 v000001ec34cfd480_0;
    %parti/s 10, 2, 3;
    %ix/load 4, 21, 0;
    %flag_set/imm 4, 0;
    %store/vec4 v000001ec34cfe830_0, 4, 10;
    %load/vec4 v000001ec34cfd480_0;
    %parti/s 1, 11, 5;
    %ix/load 4, 31, 0;
    %flag_set/imm 4, 0;
    %store/vec4 v000001ec34cfe830_0, 4, 1;
    %end;
    .scope S_000001ec34c7eeb0;
t_6 %join;
    %jmp T_7.14;
T_7.12 ;
    %fork t_9, S_000001ec34c7e870;
    %jmp t_8;
    .scope S_000001ec34c7e870;
t_9 ;
    %load/vec4 v000001ec34cff190_0;
    %parti/s 1, 12, 5;
    %load/vec4 v000001ec34cff190_0;
    %parti/s 1, 8, 5;
    %concat/vec4; draw_concat_vec4
    %load/vec4 v000001ec34cff190_0;
    %parti/s 2, 9, 5;
    %concat/vec4; draw_concat_vec4
    %load/vec4 v000001ec34cff190_0;
    %parti/s 1, 6, 4;
    %concat/vec4; draw_concat_vec4
    %load/vec4 v000001ec34cff190_0;
    %parti/s 1, 7, 4;
    %concat/vec4; draw_concat_vec4
    %load/vec4 v000001ec34cff190_0;
    %parti/s 1, 2, 3;
    %concat/vec4; draw_concat_vec4
    %load/vec4 v000001ec34cff190_0;
    %parti/s 1, 11, 5;
    %concat/vec4; draw_concat_vec4
    %load/vec4 v000001ec34cff190_0;
    %parti/s 3, 3, 3;
    %concat/vec4; draw_concat_vec4
    %concati/vec4 0, 0, 1;
    %store/vec4 v000001ec34cff0f0_0, 0, 12;
    %pushi/vec4 111, 0, 7;
    %ix/load 4, 0, 0;
    %flag_set/imm 4, 0;
    %store/vec4 v000001ec34cfe830_0, 4, 7;
    %pushi/vec4 1, 0, 5;
    %ix/load 4, 7, 0;
    %flag_set/imm 4, 0;
    %store/vec4 v000001ec34cfe830_0, 4, 5;
    %load/vec4 v000001ec34cff0f0_0;
    %parti/s 1, 11, 5;
    %load/vec4 v000001ec34cff0f0_0;
    %parti/s 8, 3, 3;
    %concat/vec4; draw_concat_vec4
    %pad/u 8;
    %ix/load 4, 12, 0;
    %flag_set/imm 4, 0;
    %store/vec4 v000001ec34cfe830_0, 4, 8;
    %load/vec4 v000001ec34cff0f0_0;
    %parti/s 1, 2, 3;
    %ix/load 4, 20, 0;
    %flag_set/imm 4, 0;
    %store/vec4 v000001ec34cfe830_0, 4, 1;
    %load/vec4 v000001ec34cff0f0_0;
    %parti/s 10, 2, 3;
    %ix/load 4, 21, 0;
    %flag_set/imm 4, 0;
    %store/vec4 v000001ec34cfe830_0, 4, 10;
    %load/vec4 v000001ec34cff0f0_0;
    %parti/s 1, 11, 5;
    %ix/load 4, 31, 0;
    %flag_set/imm 4, 0;
    %store/vec4 v000001ec34cfe830_0, 4, 1;
    %end;
    .scope S_000001ec34c7eeb0;
t_8 %join;
    %jmp T_7.14;
T_7.14 ;
    %pop/vec4 1;
T_7.1 ;
    %load/vec4 v000001ec34cfe830_0;
    %parti/s 7, 0, 2;
    %store/vec4 v000001ec34cff910_0, 0, 7;
    %load/vec4 v000001ec34cfe830_0;
    %parti/s 5, 7, 4;
    %store/vec4 v000001ec34cfe790_0, 0, 5;
    %load/vec4 v000001ec34cfe830_0;
    %parti/s 3, 12, 5;
    %store/vec4 v000001ec34cfe8d0_0, 0, 3;
    %load/vec4 v000001ec34cfe830_0;
    %parti/s 5, 15, 5;
    %store/vec4 v000001ec34cff230_0, 0, 5;
    %load/vec4 v000001ec34cfe830_0;
    %parti/s 5, 20, 6;
    %store/vec4 v000001ec34cff2d0_0, 0, 5;
    %load/vec4 v000001ec34cfe830_0;
    %parti/s 7, 25, 6;
    %store/vec4 v000001ec34d003b0_0, 0, 7;
    %load/vec4 v000001ec34cfe830_0;
    %store/vec4 v000001ec34cfe6f0_0, 0, 32;
    %jmp T_7;
    .thread T_7, $push;
    .scope S_000001ec34c7ed20;
T_8 ;
    %wait E_000001ec34bca920;
    %pushi/vec4 0, 0, 1;
    %store/vec4 v000001ec34cfcc60_0, 0, 1;
    %pushi/vec4 0, 0, 1;
    %store/vec4 v000001ec34cfc940_0, 0, 1;
    %pushi/vec4 0, 0, 1;
    %store/vec4 v000001ec34cfcd00_0, 0, 1;
    %pushi/vec4 0, 0, 1;
    %store/vec4 v000001ec34cfc9e0_0, 0, 1;
    %pushi/vec4 0, 0, 1;
    %store/vec4 v000001ec34cfd980_0, 0, 1;
    %pushi/vec4 0, 0, 3;
    %store/vec4 v000001ec34cfde80_0, 0, 3;
    %pushi/vec4 0, 0, 1;
    %store/vec4 v000001ec34cfc8a0_0, 0, 1;
    %pushi/vec4 0, 0, 4;
    %store/vec4 v000001ec34cfd8e0_0, 0, 4;
    %pushi/vec4 0, 0, 1;
    %store/vec4 v000001ec34cfdde0_0, 0, 1;
    %pushi/vec4 0, 0, 1;
    %store/vec4 v000001ec34cfd160_0, 0, 1;
    %pushi/vec4 0, 0, 2;
    %store/vec4 v000001ec34cfcda0_0, 0, 2;
    %load/vec4 v000001ec34cfd520_0;
    %dup/vec4;
    %pushi/vec4 51, 0, 7;
    %cmp/u;
    %jmp/1 T_8.0, 6;
    %dup/vec4;
    %pushi/vec4 19, 0, 7;
    %cmp/u;
    %jmp/1 T_8.1, 6;
    %dup/vec4;
    %pushi/vec4 3, 0, 7;
    %cmp/u;
    %jmp/1 T_8.2, 6;
    %dup/vec4;
    %pushi/vec4 35, 0, 7;
    %cmp/u;
    %jmp/1 T_8.3, 6;
    %dup/vec4;
    %pushi/vec4 99, 0, 7;
    %cmp/u;
    %jmp/1 T_8.4, 6;
    %dup/vec4;
    %pushi/vec4 111, 0, 7;
    %cmp/u;
    %jmp/1 T_8.5, 6;
    %dup/vec4;
    %pushi/vec4 103, 0, 7;
    %cmp/u;
    %jmp/1 T_8.6, 6;
    %dup/vec4;
    %pushi/vec4 55, 0, 7;
    %cmp/u;
    %jmp/1 T_8.7, 6;
    %dup/vec4;
    %pushi/vec4 23, 0, 7;
    %cmp/u;
    %jmp/1 T_8.8, 6;
    %dup/vec4;
    %pushi/vec4 11, 0, 7;
    %cmp/u;
    %jmp/1 T_8.9, 6;
    %jmp T_8.10;
T_8.0 ;
    %pushi/vec4 1, 0, 1;
    %store/vec4 v000001ec34cfcc60_0, 0, 1;
    %pushi/vec4 3, 0, 4;
    %store/vec4 v000001ec34cfd8e0_0, 0, 4;
    %jmp T_8.10;
T_8.1 ;
    %pushi/vec4 1, 0, 1;
    %store/vec4 v000001ec34cfcc60_0, 0, 1;
    %pushi/vec4 1, 0, 1;
    %store/vec4 v000001ec34cfd980_0, 0, 1;
    %pushi/vec4 4, 0, 4;
    %store/vec4 v000001ec34cfd8e0_0, 0, 4;
    %jmp T_8.10;
T_8.2 ;
    %pushi/vec4 1, 0, 1;
    %store/vec4 v000001ec34cfcc60_0, 0, 1;
    %pushi/vec4 1, 0, 1;
    %store/vec4 v000001ec34cfc940_0, 0, 1;
    %pushi/vec4 1, 0, 1;
    %store/vec4 v000001ec34cfc9e0_0, 0, 1;
    %pushi/vec4 1, 0, 1;
    %store/vec4 v000001ec34cfd980_0, 0, 1;
    %pushi/vec4 0, 0, 4;
    %store/vec4 v000001ec34cfd8e0_0, 0, 4;
    %jmp T_8.10;
T_8.3 ;
    %pushi/vec4 1, 0, 1;
    %store/vec4 v000001ec34cfcd00_0, 0, 1;
    %pushi/vec4 1, 0, 1;
    %store/vec4 v000001ec34cfd980_0, 0, 1;
    %pushi/vec4 1, 0, 4;
    %store/vec4 v000001ec34cfd8e0_0, 0, 4;
    %jmp T_8.10;
T_8.4 ;
    %pushi/vec4 2, 0, 4;
    %store/vec4 v000001ec34cfd8e0_0, 0, 4;
    %load/vec4 v000001ec34cfd2a0_0;
    %dup/vec4;
    %pushi/vec4 0, 0, 3;
    %cmp/u;
    %jmp/1 T_8.11, 6;
    %dup/vec4;
    %pushi/vec4 1, 0, 3;
    %cmp/u;
    %jmp/1 T_8.12, 6;
    %dup/vec4;
    %pushi/vec4 4, 0, 3;
    %cmp/u;
    %jmp/1 T_8.13, 6;
    %dup/vec4;
    %pushi/vec4 5, 0, 3;
    %cmp/u;
    %jmp/1 T_8.14, 6;
    %pushi/vec4 0, 0, 3;
    %store/vec4 v000001ec34cfde80_0, 0, 3;
    %jmp T_8.16;
T_8.11 ;
    %pushi/vec4 1, 0, 3;
    %store/vec4 v000001ec34cfde80_0, 0, 3;
    %jmp T_8.16;
T_8.12 ;
    %pushi/vec4 2, 0, 3;
    %store/vec4 v000001ec34cfde80_0, 0, 3;
    %jmp T_8.16;
T_8.13 ;
    %pushi/vec4 3, 0, 3;
    %store/vec4 v000001ec34cfde80_0, 0, 3;
    %jmp T_8.16;
T_8.14 ;
    %pushi/vec4 4, 0, 3;
    %store/vec4 v000001ec34cfde80_0, 0, 3;
    %jmp T_8.16;
T_8.16 ;
    %pop/vec4 1;
    %jmp T_8.10;
T_8.5 ;
    %pushi/vec4 1, 0, 1;
    %store/vec4 v000001ec34cfcc60_0, 0, 1;
    %pushi/vec4 1, 0, 1;
    %store/vec4 v000001ec34cfd980_0, 0, 1;
    %pushi/vec4 1, 0, 1;
    %store/vec4 v000001ec34cfc8a0_0, 0, 1;
    %pushi/vec4 5, 0, 4;
    %store/vec4 v000001ec34cfd8e0_0, 0, 4;
    %pushi/vec4 1, 0, 1;
    %store/vec4 v000001ec34cfdde0_0, 0, 1;
    %jmp T_8.10;
T_8.6 ;
    %pushi/vec4 1, 0, 1;
    %store/vec4 v000001ec34cfcc60_0, 0, 1;
    %pushi/vec4 1, 0, 1;
    %store/vec4 v000001ec34cfd980_0, 0, 1;
    %pushi/vec4 1, 0, 1;
    %store/vec4 v000001ec34cfc8a0_0, 0, 1;
    %pushi/vec4 6, 0, 4;
    %store/vec4 v000001ec34cfd8e0_0, 0, 4;
    %pushi/vec4 1, 0, 1;
    %store/vec4 v000001ec34cfd160_0, 0, 1;
    %jmp T_8.10;
T_8.7 ;
    %pushi/vec4 1, 0, 1;
    %store/vec4 v000001ec34cfcc60_0, 0, 1;
    %pushi/vec4 1, 0, 1;
    %store/vec4 v000001ec34cfd980_0, 0, 1;
    %pushi/vec4 7, 0, 4;
    %store/vec4 v000001ec34cfd8e0_0, 0, 4;
    %jmp T_8.10;
T_8.8 ;
    %pushi/vec4 1, 0, 1;
    %store/vec4 v000001ec34cfcc60_0, 0, 1;
    %pushi/vec4 1, 0, 1;
    %store/vec4 v000001ec34cfd980_0, 0, 1;
    %pushi/vec4 8, 0, 4;
    %store/vec4 v000001ec34cfd8e0_0, 0, 4;
    %pushi/vec4 1, 0, 1;
    %store/vec4 v000001ec34cfdde0_0, 0, 1;
    %jmp T_8.10;
T_8.9 ;
    %load/vec4 v000001ec34cfd2a0_0;
    %dup/vec4;
    %pushi/vec4 0, 0, 3;
    %cmp/u;
    %jmp/1 T_8.17, 6;
    %dup/vec4;
    %pushi/vec4 1, 0, 3;
    %cmp/u;
    %jmp/1 T_8.18, 6;
    %jmp T_8.19;
T_8.17 ;
    %pushi/vec4 1, 0, 2;
    %store/vec4 v000001ec34cfcda0_0, 0, 2;
    %jmp T_8.19;
T_8.18 ;
    %pushi/vec4 2, 0, 2;
    %store/vec4 v000001ec34cfcda0_0, 0, 2;
    %pushi/vec4 1, 0, 1;
    %store/vec4 v000001ec34cfcc60_0, 0, 1;
    %pushi/vec4 0, 0, 1;
    %store/vec4 v000001ec34cfc940_0, 0, 1;
    %pushi/vec4 0, 0, 1;
    %store/vec4 v000001ec34cfcd00_0, 0, 1;
    %pushi/vec4 0, 0, 1;
    %store/vec4 v000001ec34cfc9e0_0, 0, 1;
    %pushi/vec4 0, 0, 1;
    %store/vec4 v000001ec34cfd980_0, 0, 1;
    %jmp T_8.19;
T_8.19 ;
    %pop/vec4 1;
    %jmp T_8.10;
T_8.10 ;
    %pop/vec4 1;
    %jmp T_8;
    .thread T_8, $push;
    .scope S_000001ec34d02ba0;
T_9 ;
    %wait E_000001ec34bca8e0;
    %load/vec4 v000001ec34d0ce60_0;
    %flag_set/vec4 8;
    %jmp/0xz  T_9.0, 8;
    %pushi/vec4 0, 0, 32;
    %store/vec4 v000001ec34d043f0_0, 0, 32;
T_9.2 ;
    %load/vec4 v000001ec34d043f0_0;
    %cmpi/s 32, 0, 32;
    %jmp/0xz T_9.3, 5;
    %pushi/vec4 0, 0, 32;
    %ix/getv/s 3, v000001ec34d043f0_0;
    %ix/load 4, 0, 0; Constant delay
    %assign/vec4/a/d v000001ec34d04a30, 0, 4;
    %load/vec4 v000001ec34d043f0_0;
    %addi 1, 0, 32;
    %store/vec4 v000001ec34d043f0_0, 0, 32;
    %jmp T_9.2;
T_9.3 ;
    %jmp T_9.1;
T_9.0 ;
    %load/vec4 v000001ec34d060b0_0;
    %flag_set/vec4 8;
    %jmp/0xz  T_9.4, 8;
    %load/vec4 v000001ec34d04490_0;
    %pad/u 32;
    %cmpi/ne 0, 0, 32;
    %jmp/0xz  T_9.6, 4;
    %load/vec4 v000001ec34d0c500_0;
    %load/vec4 v000001ec34d04490_0;
    %pad/u 7;
    %ix/vec4 3;
    %ix/load 4, 0, 0; Constant delay
    %assign/vec4/a/d v000001ec34d04a30, 0, 4;
T_9.6 ;
T_9.4 ;
T_9.1 ;
    %jmp T_9;
    .thread T_9;
    .scope S_000001ec34d02ba0;
T_10 ;
    %wait E_000001ec34bcb0a0;
    %load/vec4 v000001ec34d060b0_0;
    %flag_set/vec4 9;
    %flag_get/vec4 9;
    %jmp/0 T_10.2, 9;
    %load/vec4 v000001ec34d04490_0;
    %pad/u 32;
    %pushi/vec4 0, 0, 32;
    %cmp/ne;
    %flag_get/vec4 4;
    %and;
T_10.2;
    %flag_set/vec4 8;
    %jmp/0xz  T_10.0, 8;
    %load/vec4 v000001ec34d04490_0;
    %pad/u 7;
    %ix/vec4 4;
    %load/vec4a v000001ec34d04a30, 4;
    %vpi_call/w 29 44 "$display", "WRITE x%0d <= %h  OLD=%h", v000001ec34d04490_0, v000001ec34d0c500_0, S<0,vec4,u32> {1 0 0};
    %delay 1000, 0;
    %load/vec4 v000001ec34d04490_0;
    %pad/u 7;
    %ix/vec4 4;
    %load/vec4a v000001ec34d04a30, 4;
    %vpi_call/w 29 53 "$display", "AFTER x%0d = %h", v000001ec34d04490_0, S<0,vec4,u32> {1 0 0};
T_10.0 ;
    %jmp T_10;
    .thread T_10;
    .scope S_000001ec34d02ba0;
T_11 ;
    %wait E_000001ec34bcb0a0;
    %vpi_call/w 29 62 "$display", "x1=%0d x2=%0d x3=%0d x4=%0d x5=%0d x6=%0d x7=%0d x8=%0d x9=%0d x10=%0d x11=%0d x12=%0d x13=%0d", &A<v000001ec34d04a30, 1>, &A<v000001ec34d04a30, 2>, &A<v000001ec34d04a30, 3>, &A<v000001ec34d04a30, 4>, &A<v000001ec34d04a30, 5>, &A<v000001ec34d04a30, 6>, &A<v000001ec34d04a30, 7>, &A<v000001ec34d04a30, 8>, &A<v000001ec34d04a30, 9>, &A<v000001ec34d04a30, 10>, &A<v000001ec34d04a30, 11>, &A<v000001ec34d04a30, 12>, &A<v000001ec34d04a30, 13> {0 0 0};
    %jmp T_11;
    .thread T_11;
    .scope S_000001ec34d026f0;
T_12 ;
    %wait E_000001ec34bcc420;
    %load/vec4 v000001ec34d07e10_0;
    %dup/vec4;
    %pushi/vec4 19, 0, 7;
    %cmp/u;
    %jmp/1 T_12.0, 6;
    %dup/vec4;
    %pushi/vec4 3, 0, 7;
    %cmp/u;
    %jmp/1 T_12.1, 6;
    %dup/vec4;
    %pushi/vec4 103, 0, 7;
    %cmp/u;
    %jmp/1 T_12.2, 6;
    %dup/vec4;
    %pushi/vec4 35, 0, 7;
    %cmp/u;
    %jmp/1 T_12.3, 6;
    %dup/vec4;
    %pushi/vec4 99, 0, 7;
    %cmp/u;
    %jmp/1 T_12.4, 6;
    %dup/vec4;
    %pushi/vec4 55, 0, 7;
    %cmp/u;
    %jmp/1 T_12.5, 6;
    %dup/vec4;
    %pushi/vec4 23, 0, 7;
    %cmp/u;
    %jmp/1 T_12.6, 6;
    %dup/vec4;
    %pushi/vec4 111, 0, 7;
    %cmp/u;
    %jmp/1 T_12.7, 6;
    %pushi/vec4 0, 0, 32;
    %store/vec4 v000001ec34d07cd0_0, 0, 32;
    %jmp T_12.9;
T_12.0 ;
    %load/vec4 v000001ec34d07d70_0;
    %parti/s 1, 31, 6;
    %replicate 20;
    %load/vec4 v000001ec34d07d70_0;
    %parti/s 12, 20, 6;
    %concat/vec4; draw_concat_vec4
    %store/vec4 v000001ec34d07cd0_0, 0, 32;
    %jmp T_12.9;
T_12.1 ;
    %load/vec4 v000001ec34d07d70_0;
    %parti/s 1, 31, 6;
    %replicate 20;
    %load/vec4 v000001ec34d07d70_0;
    %parti/s 12, 20, 6;
    %concat/vec4; draw_concat_vec4
    %store/vec4 v000001ec34d07cd0_0, 0, 32;
    %jmp T_12.9;
T_12.2 ;
    %load/vec4 v000001ec34d07d70_0;
    %parti/s 1, 31, 6;
    %replicate 20;
    %load/vec4 v000001ec34d07d70_0;
    %parti/s 12, 20, 6;
    %concat/vec4; draw_concat_vec4
    %store/vec4 v000001ec34d07cd0_0, 0, 32;
    %jmp T_12.9;
T_12.3 ;
    %load/vec4 v000001ec34d07d70_0;
    %parti/s 1, 31, 6;
    %replicate 20;
    %load/vec4 v000001ec34d07d70_0;
    %parti/s 7, 25, 6;
    %concat/vec4; draw_concat_vec4
    %load/vec4 v000001ec34d07d70_0;
    %parti/s 5, 7, 4;
    %concat/vec4; draw_concat_vec4
    %store/vec4 v000001ec34d07cd0_0, 0, 32;
    %jmp T_12.9;
T_12.4 ;
    %load/vec4 v000001ec34d07d70_0;
    %parti/s 1, 31, 6;
    %replicate 20;
    %load/vec4 v000001ec34d07d70_0;
    %parti/s 1, 7, 4;
    %concat/vec4; draw_concat_vec4
    %load/vec4 v000001ec34d07d70_0;
    %parti/s 6, 25, 6;
    %concat/vec4; draw_concat_vec4
    %load/vec4 v000001ec34d07d70_0;
    %parti/s 4, 8, 5;
    %concat/vec4; draw_concat_vec4
    %concati/vec4 0, 0, 1;
    %store/vec4 v000001ec34d07cd0_0, 0, 32;
    %jmp T_12.9;
T_12.5 ;
    %load/vec4 v000001ec34d07d70_0;
    %parti/s 20, 12, 5;
    %concati/vec4 0, 0, 12;
    %store/vec4 v000001ec34d07cd0_0, 0, 32;
    %jmp T_12.9;
T_12.6 ;
    %load/vec4 v000001ec34d07d70_0;
    %parti/s 20, 12, 5;
    %concati/vec4 0, 0, 12;
    %store/vec4 v000001ec34d07cd0_0, 0, 32;
    %jmp T_12.9;
T_12.7 ;
    %load/vec4 v000001ec34d07d70_0;
    %parti/s 1, 31, 6;
    %replicate 12;
    %load/vec4 v000001ec34d07d70_0;
    %parti/s 8, 12, 5;
    %concat/vec4; draw_concat_vec4
    %load/vec4 v000001ec34d07d70_0;
    %parti/s 1, 20, 6;
    %concat/vec4; draw_concat_vec4
    %load/vec4 v000001ec34d07d70_0;
    %parti/s 10, 21, 6;
    %concat/vec4; draw_concat_vec4
    %concati/vec4 0, 0, 1;
    %store/vec4 v000001ec34d07cd0_0, 0, 32;
    %jmp T_12.9;
T_12.9 ;
    %pop/vec4 1;
    %jmp T_12;
    .thread T_12, $push;
    .scope S_000001ec34d023d0;
T_13 ;
    %wait E_000001ec34bca8e0;
    %load/vec4 v000001ec34d06e70_0;
    %flag_set/vec4 8;
    %jmp/1 T_13.2, 8;
    %load/vec4 v000001ec34d015d0_0;
    %flag_set/vec4 9;
    %flag_or 8, 9;
T_13.2;
    %jmp/0xz  T_13.0, 8;
    %pushi/vec4 0, 0, 32;
    %assign/vec4 v000001ec34d01210_0, 0;
    %pushi/vec4 0, 0, 32;
    %assign/vec4 v000001ec34d079b0_0, 0;
    %pushi/vec4 0, 0, 32;
    %assign/vec4 v000001ec34d072d0_0, 0;
    %pushi/vec4 0, 0, 32;
    %assign/vec4 v000001ec34d01a30_0, 0;
    %pushi/vec4 0, 0, 5;
    %assign/vec4 v000001ec34d07690_0, 0;
    %pushi/vec4 0, 0, 5;
    %assign/vec4 v000001ec34d07230_0, 0;
    %pushi/vec4 0, 0, 5;
    %assign/vec4 v000001ec34d01ad0_0, 0;
    %pushi/vec4 0, 0, 3;
    %assign/vec4 v000001ec34d01030_0, 0;
    %pushi/vec4 0, 0, 7;
    %assign/vec4 v000001ec34d01710_0, 0;
    %pushi/vec4 0, 0, 1;
    %assign/vec4 v000001ec34d01170_0, 0;
    %pushi/vec4 0, 0, 1;
    %assign/vec4 v000001ec34d01530_0, 0;
    %pushi/vec4 0, 0, 1;
    %assign/vec4 v000001ec34d00d10_0, 0;
    %pushi/vec4 0, 0, 1;
    %assign/vec4 v000001ec34d00c70_0, 0;
    %pushi/vec4 0, 0, 1;
    %assign/vec4 v000001ec34d01df0_0, 0;
    %pushi/vec4 0, 0, 1;
    %assign/vec4 v000001ec34d01d50_0, 0;
    %pushi/vec4 0, 0, 1;
    %assign/vec4 v000001ec34d00f90_0, 0;
    %pushi/vec4 0, 0, 1;
    %assign/vec4 v000001ec34cfe510_0, 0;
    %pushi/vec4 0, 0, 3;
    %assign/vec4 v000001ec34d01b70_0, 0;
    %pushi/vec4 0, 0, 4;
    %assign/vec4 v000001ec34cfe1f0_0, 0;
    %pushi/vec4 0, 0, 2;
    %assign/vec4 v000001ec34d01350_0, 0;
    %pushi/vec4 0, 0, 1;
    %assign/vec4 v000001ec34d01490_0, 0;
    %pushi/vec4 0, 0, 32;
    %assign/vec4 v000001ec34d00e50_0, 0;
    %pushi/vec4 0, 0, 1;
    %assign/vec4 v000001ec34d00950_0, 0;
    %jmp T_13.1;
T_13.0 ;
    %load/vec4 v000001ec34d017b0_0;
    %flag_set/vec4 8;
    %jmp/0xz  T_13.3, 8;
    %load/vec4 v000001ec34d01210_0;
    %assign/vec4 v000001ec34d01210_0, 0;
    %load/vec4 v000001ec34d079b0_0;
    %assign/vec4 v000001ec34d079b0_0, 0;
    %load/vec4 v000001ec34d072d0_0;
    %assign/vec4 v000001ec34d072d0_0, 0;
    %load/vec4 v000001ec34d01a30_0;
    %assign/vec4 v000001ec34d01a30_0, 0;
    %load/vec4 v000001ec34d07690_0;
    %assign/vec4 v000001ec34d07690_0, 0;
    %load/vec4 v000001ec34d07230_0;
    %assign/vec4 v000001ec34d07230_0, 0;
    %load/vec4 v000001ec34d01ad0_0;
    %assign/vec4 v000001ec34d01ad0_0, 0;
    %load/vec4 v000001ec34d01030_0;
    %assign/vec4 v000001ec34d01030_0, 0;
    %load/vec4 v000001ec34d01710_0;
    %assign/vec4 v000001ec34d01710_0, 0;
    %load/vec4 v000001ec34d01170_0;
    %assign/vec4 v000001ec34d01170_0, 0;
    %load/vec4 v000001ec34d01530_0;
    %assign/vec4 v000001ec34d01530_0, 0;
    %load/vec4 v000001ec34d00d10_0;
    %assign/vec4 v000001ec34d00d10_0, 0;
    %load/vec4 v000001ec34d00c70_0;
    %assign/vec4 v000001ec34d00c70_0, 0;
    %load/vec4 v000001ec34d01df0_0;
    %assign/vec4 v000001ec34d01df0_0, 0;
    %load/vec4 v000001ec34d01d50_0;
    %assign/vec4 v000001ec34d01d50_0, 0;
    %load/vec4 v000001ec34d00f90_0;
    %assign/vec4 v000001ec34d00f90_0, 0;
    %load/vec4 v000001ec34cfe510_0;
    %assign/vec4 v000001ec34cfe510_0, 0;
    %load/vec4 v000001ec34d01b70_0;
    %assign/vec4 v000001ec34d01b70_0, 0;
    %load/vec4 v000001ec34cfe1f0_0;
    %assign/vec4 v000001ec34cfe1f0_0, 0;
    %load/vec4 v000001ec34d01490_0;
    %assign/vec4 v000001ec34d01490_0, 0;
    %load/vec4 v000001ec34d00e50_0;
    %assign/vec4 v000001ec34d00e50_0, 0;
    %load/vec4 v000001ec34d00950_0;
    %assign/vec4 v000001ec34d00950_0, 0;
    %load/vec4 v000001ec34d01350_0;
    %assign/vec4 v000001ec34d01350_0, 0;
    %jmp T_13.4;
T_13.3 ;
    %load/vec4 v000001ec34d07370_0;
    %flag_set/vec4 8;
    %jmp/0xz  T_13.5, 8;
    %pushi/vec4 0, 0, 32;
    %assign/vec4 v000001ec34d01210_0, 0;
    %pushi/vec4 0, 0, 32;
    %assign/vec4 v000001ec34d079b0_0, 0;
    %pushi/vec4 0, 0, 32;
    %assign/vec4 v000001ec34d072d0_0, 0;
    %pushi/vec4 0, 0, 32;
    %assign/vec4 v000001ec34d01a30_0, 0;
    %pushi/vec4 0, 0, 5;
    %assign/vec4 v000001ec34d07690_0, 0;
    %pushi/vec4 0, 0, 5;
    %assign/vec4 v000001ec34d07230_0, 0;
    %pushi/vec4 0, 0, 5;
    %assign/vec4 v000001ec34d01ad0_0, 0;
    %pushi/vec4 0, 0, 3;
    %assign/vec4 v000001ec34d01030_0, 0;
    %pushi/vec4 0, 0, 7;
    %assign/vec4 v000001ec34d01710_0, 0;
    %pushi/vec4 0, 0, 1;
    %assign/vec4 v000001ec34d01170_0, 0;
    %pushi/vec4 0, 0, 1;
    %assign/vec4 v000001ec34d01530_0, 0;
    %pushi/vec4 0, 0, 1;
    %assign/vec4 v000001ec34d00d10_0, 0;
    %pushi/vec4 0, 0, 1;
    %assign/vec4 v000001ec34d00c70_0, 0;
    %pushi/vec4 0, 0, 1;
    %assign/vec4 v000001ec34d01d50_0, 0;
    %pushi/vec4 0, 0, 1;
    %assign/vec4 v000001ec34d00f90_0, 0;
    %pushi/vec4 0, 0, 3;
    %assign/vec4 v000001ec34d01b70_0, 0;
    %pushi/vec4 0, 0, 1;
    %assign/vec4 v000001ec34d01df0_0, 0;
    %pushi/vec4 0, 0, 1;
    %assign/vec4 v000001ec34cfe510_0, 0;
    %pushi/vec4 0, 0, 4;
    %assign/vec4 v000001ec34cfe1f0_0, 0;
    %pushi/vec4 0, 0, 1;
    %assign/vec4 v000001ec34d01490_0, 0;
    %pushi/vec4 0, 0, 32;
    %assign/vec4 v000001ec34d00e50_0, 0;
    %pushi/vec4 0, 0, 1;
    %assign/vec4 v000001ec34d00950_0, 0;
    %pushi/vec4 0, 0, 2;
    %assign/vec4 v000001ec34d01350_0, 0;
    %jmp T_13.6;
T_13.5 ;
    %load/vec4 v000001ec34d010d0_0;
    %assign/vec4 v000001ec34d01210_0, 0;
    %load/vec4 v000001ec34d06bf0_0;
    %assign/vec4 v000001ec34d079b0_0, 0;
    %load/vec4 v000001ec34d06b50_0;
    %assign/vec4 v000001ec34d072d0_0, 0;
    %load/vec4 v000001ec34d00db0_0;
    %assign/vec4 v000001ec34d01a30_0, 0;
    %load/vec4 v000001ec34d07050_0;
    %assign/vec4 v000001ec34d07690_0, 0;
    %load/vec4 v000001ec34d06c90_0;
    %assign/vec4 v000001ec34d07230_0, 0;
    %load/vec4 v000001ec34d01850_0;
    %assign/vec4 v000001ec34d01ad0_0, 0;
    %load/vec4 v000001ec34d009f0_0;
    %assign/vec4 v000001ec34d01030_0, 0;
    %load/vec4 v000001ec34d00a90_0;
    %assign/vec4 v000001ec34d01710_0, 0;
    %load/vec4 v000001ec34d00ef0_0;
    %assign/vec4 v000001ec34d01170_0, 0;
    %load/vec4 v000001ec34d01670_0;
    %assign/vec4 v000001ec34d01530_0, 0;
    %load/vec4 v000001ec34d01f30_0;
    %assign/vec4 v000001ec34d00d10_0, 0;
    %load/vec4 v000001ec34d01990_0;
    %assign/vec4 v000001ec34d00c70_0, 0;
    %load/vec4 v000001ec34d01c10_0;
    %assign/vec4 v000001ec34d01df0_0, 0;
    %load/vec4 v000001ec34d018f0_0;
    %assign/vec4 v000001ec34d01d50_0, 0;
    %load/vec4 v000001ec34d01cb0_0;
    %assign/vec4 v000001ec34d00f90_0, 0;
    %load/vec4 v000001ec34cfe3d0_0;
    %assign/vec4 v000001ec34cfe510_0, 0;
    %load/vec4 v000001ec34d008b0_0;
    %assign/vec4 v000001ec34d01b70_0, 0;
    %load/vec4 v000001ec34cfe150_0;
    %assign/vec4 v000001ec34cfe1f0_0, 0;
    %load/vec4 v000001ec34d012b0_0;
    %assign/vec4 v000001ec34d01490_0, 0;
    %load/vec4 v000001ec34d00b30_0;
    %assign/vec4 v000001ec34d00e50_0, 0;
    %load/vec4 v000001ec34d01e90_0;
    %assign/vec4 v000001ec34d00950_0, 0;
    %load/vec4 v000001ec34d00bd0_0;
    %assign/vec4 v000001ec34d01350_0, 0;
T_13.6 ;
T_13.4 ;
T_13.1 ;
    %jmp T_13;
    .thread T_13;
    .scope S_000001ec349e4b90;
T_14 ;
    %wait E_000001ec34bcb160;
    %load/vec4 v000001ec34cfc4e0_0;
    %dup/vec4;
    %pushi/vec4 0, 0, 4;
    %cmp/u;
    %jmp/1 T_14.0, 6;
    %dup/vec4;
    %pushi/vec4 1, 0, 4;
    %cmp/u;
    %jmp/1 T_14.1, 6;
    %dup/vec4;
    %pushi/vec4 2, 0, 4;
    %cmp/u;
    %jmp/1 T_14.2, 6;
    %dup/vec4;
    %pushi/vec4 3, 0, 4;
    %cmp/u;
    %jmp/1 T_14.3, 6;
    %dup/vec4;
    %pushi/vec4 4, 0, 4;
    %cmp/u;
    %jmp/1 T_14.4, 6;
    %dup/vec4;
    %pushi/vec4 5, 0, 4;
    %cmp/u;
    %jmp/1 T_14.5, 6;
    %dup/vec4;
    %pushi/vec4 6, 0, 4;
    %cmp/u;
    %jmp/1 T_14.6, 6;
    %dup/vec4;
    %pushi/vec4 7, 0, 4;
    %cmp/u;
    %jmp/1 T_14.7, 6;
    %dup/vec4;
    %pushi/vec4 8, 0, 4;
    %cmp/u;
    %jmp/1 T_14.8, 6;
    %pushi/vec4 0, 0, 4;
    %store/vec4 v000001ec34cfa780_0, 0, 4;
    %jmp T_14.10;
T_14.0 ;
    %pushi/vec4 0, 0, 4;
    %store/vec4 v000001ec34cfa780_0, 0, 4;
    %jmp T_14.10;
T_14.1 ;
    %pushi/vec4 0, 0, 4;
    %store/vec4 v000001ec34cfa780_0, 0, 4;
    %jmp T_14.10;
T_14.2 ;
    %load/vec4 v000001ec34cfa0a0_0;
    %dup/vec4;
    %pushi/vec4 0, 0, 3;
    %cmp/u;
    %jmp/1 T_14.11, 6;
    %dup/vec4;
    %pushi/vec4 1, 0, 3;
    %cmp/u;
    %jmp/1 T_14.12, 6;
    %dup/vec4;
    %pushi/vec4 4, 0, 3;
    %cmp/u;
    %jmp/1 T_14.13, 6;
    %dup/vec4;
    %pushi/vec4 5, 0, 3;
    %cmp/u;
    %jmp/1 T_14.14, 6;
    %pushi/vec4 1, 0, 4;
    %store/vec4 v000001ec34cfa780_0, 0, 4;
    %jmp T_14.16;
T_14.11 ;
    %pushi/vec4 1, 0, 4;
    %store/vec4 v000001ec34cfa780_0, 0, 4;
    %jmp T_14.16;
T_14.12 ;
    %pushi/vec4 1, 0, 4;
    %store/vec4 v000001ec34cfa780_0, 0, 4;
    %jmp T_14.16;
T_14.13 ;
    %pushi/vec4 5, 0, 4;
    %store/vec4 v000001ec34cfa780_0, 0, 4;
    %jmp T_14.16;
T_14.14 ;
    %pushi/vec4 5, 0, 4;
    %store/vec4 v000001ec34cfa780_0, 0, 4;
    %jmp T_14.16;
T_14.16 ;
    %pop/vec4 1;
    %jmp T_14.10;
T_14.3 ;
    %load/vec4 v000001ec34cfaa00_0;
    %cmpi/e 1, 0, 7;
    %jmp/0xz  T_14.17, 4;
    %load/vec4 v000001ec34cfa0a0_0;
    %dup/vec4;
    %pushi/vec4 0, 0, 3;
    %cmp/u;
    %jmp/1 T_14.19, 6;
    %dup/vec4;
    %pushi/vec4 4, 0, 3;
    %cmp/u;
    %jmp/1 T_14.20, 6;
    %pushi/vec4 0, 0, 4;
    %store/vec4 v000001ec34cfa780_0, 0, 4;
    %jmp T_14.22;
T_14.19 ;
    %pushi/vec4 10, 0, 4;
    %store/vec4 v000001ec34cfa780_0, 0, 4;
    %jmp T_14.22;
T_14.20 ;
    %pushi/vec4 11, 0, 4;
    %store/vec4 v000001ec34cfa780_0, 0, 4;
    %jmp T_14.22;
T_14.22 ;
    %pop/vec4 1;
    %jmp T_14.18;
T_14.17 ;
    %load/vec4 v000001ec34cfa0a0_0;
    %dup/vec4;
    %pushi/vec4 0, 0, 3;
    %cmp/u;
    %jmp/1 T_14.23, 6;
    %dup/vec4;
    %pushi/vec4 1, 0, 3;
    %cmp/u;
    %jmp/1 T_14.24, 6;
    %dup/vec4;
    %pushi/vec4 2, 0, 3;
    %cmp/u;
    %jmp/1 T_14.25, 6;
    %dup/vec4;
    %pushi/vec4 4, 0, 3;
    %cmp/u;
    %jmp/1 T_14.26, 6;
    %dup/vec4;
    %pushi/vec4 5, 0, 3;
    %cmp/u;
    %jmp/1 T_14.27, 6;
    %dup/vec4;
    %pushi/vec4 6, 0, 3;
    %cmp/u;
    %jmp/1 T_14.28, 6;
    %dup/vec4;
    %pushi/vec4 7, 0, 3;
    %cmp/u;
    %jmp/1 T_14.29, 6;
    %pushi/vec4 0, 0, 4;
    %store/vec4 v000001ec34cfa780_0, 0, 4;
    %jmp T_14.31;
T_14.23 ;
    %load/vec4 v000001ec34cfaa00_0;
    %cmpi/e 32, 0, 7;
    %jmp/0xz  T_14.32, 4;
    %pushi/vec4 1, 0, 4;
    %store/vec4 v000001ec34cfa780_0, 0, 4;
    %jmp T_14.33;
T_14.32 ;
    %pushi/vec4 0, 0, 4;
    %store/vec4 v000001ec34cfa780_0, 0, 4;
T_14.33 ;
    %jmp T_14.31;
T_14.24 ;
    %pushi/vec4 6, 0, 4;
    %store/vec4 v000001ec34cfa780_0, 0, 4;
    %jmp T_14.31;
T_14.25 ;
    %pushi/vec4 5, 0, 4;
    %store/vec4 v000001ec34cfa780_0, 0, 4;
    %jmp T_14.31;
T_14.26 ;
    %pushi/vec4 4, 0, 4;
    %store/vec4 v000001ec34cfa780_0, 0, 4;
    %jmp T_14.31;
T_14.27 ;
    %load/vec4 v000001ec34cfaa00_0;
    %cmpi/e 32, 0, 7;
    %jmp/0xz  T_14.34, 4;
    %pushi/vec4 8, 0, 4;
    %store/vec4 v000001ec34cfa780_0, 0, 4;
    %jmp T_14.35;
T_14.34 ;
    %pushi/vec4 7, 0, 4;
    %store/vec4 v000001ec34cfa780_0, 0, 4;
T_14.35 ;
    %jmp T_14.31;
T_14.28 ;
    %pushi/vec4 3, 0, 4;
    %store/vec4 v000001ec34cfa780_0, 0, 4;
    %jmp T_14.31;
T_14.29 ;
    %pushi/vec4 2, 0, 4;
    %store/vec4 v000001ec34cfa780_0, 0, 4;
    %jmp T_14.31;
T_14.31 ;
    %pop/vec4 1;
T_14.18 ;
    %jmp T_14.10;
T_14.4 ;
    %load/vec4 v000001ec34cfa0a0_0;
    %dup/vec4;
    %pushi/vec4 0, 0, 3;
    %cmp/u;
    %jmp/1 T_14.36, 6;
    %dup/vec4;
    %pushi/vec4 1, 0, 3;
    %cmp/u;
    %jmp/1 T_14.37, 6;
    %dup/vec4;
    %pushi/vec4 2, 0, 3;
    %cmp/u;
    %jmp/1 T_14.38, 6;
    %dup/vec4;
    %pushi/vec4 4, 0, 3;
    %cmp/u;
    %jmp/1 T_14.39, 6;
    %dup/vec4;
    %pushi/vec4 5, 0, 3;
    %cmp/u;
    %jmp/1 T_14.40, 6;
    %dup/vec4;
    %pushi/vec4 6, 0, 3;
    %cmp/u;
    %jmp/1 T_14.41, 6;
    %dup/vec4;
    %pushi/vec4 7, 0, 3;
    %cmp/u;
    %jmp/1 T_14.42, 6;
    %pushi/vec4 0, 0, 4;
    %store/vec4 v000001ec34cfa780_0, 0, 4;
    %jmp T_14.44;
T_14.36 ;
    %pushi/vec4 0, 0, 4;
    %store/vec4 v000001ec34cfa780_0, 0, 4;
    %jmp T_14.44;
T_14.37 ;
    %pushi/vec4 6, 0, 4;
    %store/vec4 v000001ec34cfa780_0, 0, 4;
    %jmp T_14.44;
T_14.38 ;
    %pushi/vec4 5, 0, 4;
    %store/vec4 v000001ec34cfa780_0, 0, 4;
    %jmp T_14.44;
T_14.39 ;
    %pushi/vec4 4, 0, 4;
    %store/vec4 v000001ec34cfa780_0, 0, 4;
    %jmp T_14.44;
T_14.40 ;
    %load/vec4 v000001ec34cfaa00_0;
    %cmpi/e 32, 0, 7;
    %jmp/0xz  T_14.45, 4;
    %pushi/vec4 8, 0, 4;
    %store/vec4 v000001ec34cfa780_0, 0, 4;
    %jmp T_14.46;
T_14.45 ;
    %pushi/vec4 7, 0, 4;
    %store/vec4 v000001ec34cfa780_0, 0, 4;
T_14.46 ;
    %jmp T_14.44;
T_14.41 ;
    %pushi/vec4 3, 0, 4;
    %store/vec4 v000001ec34cfa780_0, 0, 4;
    %jmp T_14.44;
T_14.42 ;
    %pushi/vec4 2, 0, 4;
    %store/vec4 v000001ec34cfa780_0, 0, 4;
    %jmp T_14.44;
T_14.44 ;
    %pop/vec4 1;
    %jmp T_14.10;
T_14.5 ;
    %pushi/vec4 0, 0, 4;
    %store/vec4 v000001ec34cfa780_0, 0, 4;
    %jmp T_14.10;
T_14.6 ;
    %pushi/vec4 0, 0, 4;
    %store/vec4 v000001ec34cfa780_0, 0, 4;
    %jmp T_14.10;
T_14.7 ;
    %pushi/vec4 9, 0, 4;
    %store/vec4 v000001ec34cfa780_0, 0, 4;
    %jmp T_14.10;
T_14.8 ;
    %pushi/vec4 0, 0, 4;
    %store/vec4 v000001ec34cfa780_0, 0, 4;
    %jmp T_14.10;
T_14.10 ;
    %pop/vec4 1;
    %jmp T_14;
    .thread T_14, $push;
    .scope S_000001ec34c7eb90;
T_15 ;
    %wait E_000001ec34bca6e0;
    %load/vec4 v000001ec34cfb540_0;
    %dup/vec4;
    %pushi/vec4 0, 0, 4;
    %cmp/u;
    %jmp/1 T_15.0, 6;
    %dup/vec4;
    %pushi/vec4 1, 0, 4;
    %cmp/u;
    %jmp/1 T_15.1, 6;
    %dup/vec4;
    %pushi/vec4 2, 0, 4;
    %cmp/u;
    %jmp/1 T_15.2, 6;
    %dup/vec4;
    %pushi/vec4 3, 0, 4;
    %cmp/u;
    %jmp/1 T_15.3, 6;
    %dup/vec4;
    %pushi/vec4 4, 0, 4;
    %cmp/u;
    %jmp/1 T_15.4, 6;
    %dup/vec4;
    %pushi/vec4 5, 0, 4;
    %cmp/u;
    %jmp/1 T_15.5, 6;
    %dup/vec4;
    %pushi/vec4 6, 0, 4;
    %cmp/u;
    %jmp/1 T_15.6, 6;
    %dup/vec4;
    %pushi/vec4 7, 0, 4;
    %cmp/u;
    %jmp/1 T_15.7, 6;
    %dup/vec4;
    %pushi/vec4 8, 0, 4;
    %cmp/u;
    %jmp/1 T_15.8, 6;
    %dup/vec4;
    %pushi/vec4 9, 0, 4;
    %cmp/u;
    %jmp/1 T_15.9, 6;
    %dup/vec4;
    %pushi/vec4 10, 0, 4;
    %cmp/u;
    %jmp/1 T_15.10, 6;
    %dup/vec4;
    %pushi/vec4 11, 0, 4;
    %cmp/u;
    %jmp/1 T_15.11, 6;
    %pushi/vec4 0, 0, 32;
    %store/vec4 v000001ec34cfa280_0, 0, 32;
    %jmp T_15.13;
T_15.0 ;
    %load/vec4 v000001ec34cfa320_0;
    %load/vec4 v000001ec34cfafa0_0;
    %add;
    %store/vec4 v000001ec34cfa280_0, 0, 32;
    %jmp T_15.13;
T_15.1 ;
    %load/vec4 v000001ec34cfa320_0;
    %load/vec4 v000001ec34cfafa0_0;
    %sub;
    %store/vec4 v000001ec34cfa280_0, 0, 32;
    %jmp T_15.13;
T_15.2 ;
    %load/vec4 v000001ec34cfa320_0;
    %load/vec4 v000001ec34cfafa0_0;
    %and;
    %store/vec4 v000001ec34cfa280_0, 0, 32;
    %jmp T_15.13;
T_15.3 ;
    %load/vec4 v000001ec34cfa320_0;
    %load/vec4 v000001ec34cfafa0_0;
    %or;
    %store/vec4 v000001ec34cfa280_0, 0, 32;
    %jmp T_15.13;
T_15.4 ;
    %load/vec4 v000001ec34cfa320_0;
    %load/vec4 v000001ec34cfafa0_0;
    %xor;
    %store/vec4 v000001ec34cfa280_0, 0, 32;
    %jmp T_15.13;
T_15.5 ;
    %load/vec4 v000001ec34cfa320_0;
    %load/vec4 v000001ec34cfafa0_0;
    %cmp/s;
    %flag_mov 8, 5;
    %jmp/0 T_15.14, 8;
    %pushi/vec4 1, 0, 32;
    %jmp/1 T_15.15, 8;
T_15.14 ; End of true expr.
    %pushi/vec4 0, 0, 32;
    %jmp/0 T_15.15, 8;
 ; End of false expr.
    %blend;
T_15.15;
    %store/vec4 v000001ec34cfa280_0, 0, 32;
    %jmp T_15.13;
T_15.6 ;
    %load/vec4 v000001ec34cfa320_0;
    %load/vec4 v000001ec34cfafa0_0;
    %parti/s 5, 0, 2;
    %ix/vec4 4;
    %shiftl 4;
    %store/vec4 v000001ec34cfa280_0, 0, 32;
    %jmp T_15.13;
T_15.7 ;
    %load/vec4 v000001ec34cfa320_0;
    %load/vec4 v000001ec34cfafa0_0;
    %parti/s 5, 0, 2;
    %ix/vec4 4;
    %shiftr 4;
    %store/vec4 v000001ec34cfa280_0, 0, 32;
    %jmp T_15.13;
T_15.8 ;
    %load/vec4 v000001ec34cfa320_0;
    %load/vec4 v000001ec34cfafa0_0;
    %parti/s 5, 0, 2;
    %ix/vec4 4;
    %shiftr/s 4;
    %store/vec4 v000001ec34cfa280_0, 0, 32;
    %jmp T_15.13;
T_15.9 ;
    %load/vec4 v000001ec34cfafa0_0;
    %store/vec4 v000001ec34cfa280_0, 0, 32;
    %jmp T_15.13;
T_15.10 ;
    %load/vec4 v000001ec34cfa320_0;
    %load/vec4 v000001ec34cfafa0_0;
    %mul;
    %store/vec4 v000001ec34cfa280_0, 0, 32;
    %jmp T_15.13;
T_15.11 ;
    %load/vec4 v000001ec34cfafa0_0;
    %cmpi/e 0, 0, 32;
    %flag_mov 8, 4;
    %jmp/0 T_15.16, 8;
    %pushi/vec4 0, 0, 32;
    %jmp/1 T_15.17, 8;
T_15.16 ; End of true expr.
    %load/vec4 v000001ec34cfa320_0;
    %load/vec4 v000001ec34cfafa0_0;
    %div;
    %jmp/0 T_15.17, 8;
 ; End of false expr.
    %blend;
T_15.17;
    %store/vec4 v000001ec34cfa280_0, 0, 32;
    %jmp T_15.13;
T_15.13 ;
    %pop/vec4 1;
    %jmp T_15;
    .thread T_15, $push;
    .scope S_000001ec34c7ea00;
T_16 ;
    %wait E_000001ec34bca8e0;
    %load/vec4 v000001ec34d00810_0;
    %flag_set/vec4 8;
    %jmp/0xz  T_16.0, 8;
    %pushi/vec4 0, 0, 32;
    %assign/vec4 v000001ec34cfff50_0, 0;
    %pushi/vec4 0, 0, 32;
    %assign/vec4 v000001ec34cfec90_0, 0;
    %pushi/vec4 0, 0, 5;
    %assign/vec4 v000001ec34cfe470_0, 0;
    %pushi/vec4 0, 0, 1;
    %assign/vec4 v000001ec34cff4b0_0, 0;
    %pushi/vec4 0, 0, 1;
    %assign/vec4 v000001ec34cfebf0_0, 0;
    %pushi/vec4 0, 0, 1;
    %assign/vec4 v000001ec34cfed30_0, 0;
    %pushi/vec4 0, 0, 1;
    %assign/vec4 v000001ec34cff410_0, 0;
    %pushi/vec4 0, 0, 32;
    %assign/vec4 v000001ec34cfe5b0_0, 0;
    %pushi/vec4 0, 0, 1;
    %assign/vec4 v000001ec34d00130_0, 0;
    %pushi/vec4 0, 0, 2;
    %assign/vec4 v000001ec34cfea10_0, 0;
    %pushi/vec4 0, 0, 32;
    %assign/vec4 v000001ec34d00770_0, 0;
    %pushi/vec4 0, 0, 32;
    %assign/vec4 v000001ec34cff550_0, 0;
    %jmp T_16.1;
T_16.0 ;
    %load/vec4 v000001ec34cfee70_0;
    %flag_set/vec4 8;
    %jmp/0xz  T_16.2, 8;
    %load/vec4 v000001ec34cfff50_0;
    %assign/vec4 v000001ec34cfff50_0, 0;
    %load/vec4 v000001ec34cfec90_0;
    %assign/vec4 v000001ec34cfec90_0, 0;
    %load/vec4 v000001ec34cfe470_0;
    %assign/vec4 v000001ec34cfe470_0, 0;
    %load/vec4 v000001ec34cff4b0_0;
    %assign/vec4 v000001ec34cff4b0_0, 0;
    %load/vec4 v000001ec34cfebf0_0;
    %assign/vec4 v000001ec34cfebf0_0, 0;
    %load/vec4 v000001ec34cfed30_0;
    %assign/vec4 v000001ec34cfed30_0, 0;
    %load/vec4 v000001ec34cff410_0;
    %assign/vec4 v000001ec34cff410_0, 0;
    %load/vec4 v000001ec34cfe5b0_0;
    %assign/vec4 v000001ec34cfe5b0_0, 0;
    %load/vec4 v000001ec34d00130_0;
    %assign/vec4 v000001ec34d00130_0, 0;
    %load/vec4 v000001ec34cfea10_0;
    %assign/vec4 v000001ec34cfea10_0, 0;
    %load/vec4 v000001ec34d00770_0;
    %assign/vec4 v000001ec34d00770_0, 0;
    %load/vec4 v000001ec34cff550_0;
    %assign/vec4 v000001ec34cff550_0, 0;
    %jmp T_16.3;
T_16.2 ;
    %load/vec4 v000001ec34cfefb0_0;
    %assign/vec4 v000001ec34cfff50_0, 0;
    %load/vec4 v000001ec34cffc30_0;
    %assign/vec4 v000001ec34cfec90_0, 0;
    %load/vec4 v000001ec34cfeb50_0;
    %assign/vec4 v000001ec34cfe470_0, 0;
    %load/vec4 v000001ec34d006d0_0;
    %assign/vec4 v000001ec34cff4b0_0, 0;
    %load/vec4 v000001ec34cfe970_0;
    %assign/vec4 v000001ec34cfebf0_0, 0;
    %load/vec4 v000001ec34d00450_0;
    %assign/vec4 v000001ec34cfed30_0, 0;
    %load/vec4 v000001ec34cffeb0_0;
    %assign/vec4 v000001ec34cff410_0, 0;
    %load/vec4 v000001ec34cfeab0_0;
    %assign/vec4 v000001ec34cfe5b0_0, 0;
    %load/vec4 v000001ec34cff730_0;
    %assign/vec4 v000001ec34d00130_0, 0;
    %load/vec4 v000001ec34cfe650_0;
    %assign/vec4 v000001ec34cfea10_0, 0;
    %load/vec4 v000001ec34cff5f0_0;
    %assign/vec4 v000001ec34d00770_0, 0;
    %load/vec4 v000001ec34cfe290_0;
    %assign/vec4 v000001ec34cff550_0, 0;
T_16.3 ;
T_16.1 ;
    %jmp T_16;
    .thread T_16;
    .scope S_000001ec34d03e60;
T_17 ;
    %wait E_000001ec34bca8e0;
    %load/vec4 v000001ec34d05f70_0;
    %flag_set/vec4 8;
    %jmp/0xz  T_17.0, 8;
    %pushi/vec4 0, 0, 32;
    %assign/vec4 v000001ec34d05b10_0, 0;
    %pushi/vec4 0, 0, 32;
    %assign/vec4 v000001ec34d05a70_0, 0;
    %pushi/vec4 0, 0, 5;
    %assign/vec4 v000001ec34d05110_0, 0;
    %pushi/vec4 0, 0, 1;
    %assign/vec4 v000001ec34d05e30_0, 0;
    %pushi/vec4 0, 0, 1;
    %assign/vec4 v000001ec34d059d0_0, 0;
    %pushi/vec4 0, 0, 1;
    %assign/vec4 v000001ec34d04ad0_0, 0;
    %pushi/vec4 0, 0, 32;
    %assign/vec4 v000001ec34d04c10_0, 0;
    %pushi/vec4 0, 0, 2;
    %assign/vec4 v000001ec34d04530_0, 0;
    %pushi/vec4 0, 0, 32;
    %assign/vec4 v000001ec34d05390_0, 0;
    %jmp T_17.1;
T_17.0 ;
    %load/vec4 v000001ec34d04850_0;
    %flag_set/vec4 8;
    %jmp/0xz  T_17.2, 8;
    %load/vec4 v000001ec34d05b10_0;
    %assign/vec4 v000001ec34d05b10_0, 0;
    %load/vec4 v000001ec34d05a70_0;
    %assign/vec4 v000001ec34d05a70_0, 0;
    %load/vec4 v000001ec34d05110_0;
    %assign/vec4 v000001ec34d05110_0, 0;
    %load/vec4 v000001ec34d05e30_0;
    %assign/vec4 v000001ec34d05e30_0, 0;
    %load/vec4 v000001ec34d059d0_0;
    %assign/vec4 v000001ec34d059d0_0, 0;
    %load/vec4 v000001ec34d04c10_0;
    %assign/vec4 v000001ec34d04c10_0, 0;
    %load/vec4 v000001ec34d04ad0_0;
    %assign/vec4 v000001ec34d04ad0_0, 0;
    %load/vec4 v000001ec34d04530_0;
    %assign/vec4 v000001ec34d04530_0, 0;
    %load/vec4 v000001ec34d05390_0;
    %assign/vec4 v000001ec34d05390_0, 0;
    %jmp T_17.3;
T_17.2 ;
    %load/vec4 v000001ec34d04b70_0;
    %assign/vec4 v000001ec34d05b10_0, 0;
    %load/vec4 v000001ec34d06330_0;
    %assign/vec4 v000001ec34d05a70_0, 0;
    %load/vec4 v000001ec34d04e90_0;
    %assign/vec4 v000001ec34d05110_0, 0;
    %load/vec4 v000001ec34d047b0_0;
    %assign/vec4 v000001ec34d05e30_0, 0;
    %load/vec4 v000001ec34d06650_0;
    %assign/vec4 v000001ec34d059d0_0, 0;
    %load/vec4 v000001ec34d06790_0;
    %assign/vec4 v000001ec34d04c10_0, 0;
    %load/vec4 v000001ec34d04350_0;
    %assign/vec4 v000001ec34d04ad0_0, 0;
    %load/vec4 v000001ec34d066f0_0;
    %assign/vec4 v000001ec34d04530_0, 0;
    %load/vec4 v000001ec34d05ed0_0;
    %assign/vec4 v000001ec34d05390_0, 0;
T_17.3 ;
T_17.1 ;
    %jmp T_17;
    .thread T_17;
    .scope S_000001ec34d02a10;
T_18 ;
    %wait E_000001ec34bcb9a0;
    %pushi/vec4 0, 0, 2;
    %store/vec4 v000001ec34cfef10_0, 0, 2;
    %pushi/vec4 0, 0, 2;
    %store/vec4 v000001ec34d00630_0, 0, 2;
    %load/vec4 v000001ec34cff690_0;
    %flag_set/vec4 10;
    %flag_get/vec4 10;
    %jmp/0 T_18.3, 10;
    %load/vec4 v000001ec34cff7d0_0;
    %pad/u 32;
    %pushi/vec4 0, 0, 32;
    %cmp/ne;
    %flag_get/vec4 4;
    %and;
T_18.3;
    %flag_set/vec4 9;
    %flag_get/vec4 9;
    %jmp/0 T_18.2, 9;
    %load/vec4 v000001ec34cff7d0_0;
    %load/vec4 v000001ec34cffd70_0;
    %cmp/e;
    %flag_get/vec4 4;
    %and;
T_18.2;
    %flag_set/vec4 8;
    %jmp/0xz  T_18.0, 8;
    %pushi/vec4 2, 0, 2;
    %store/vec4 v000001ec34cfef10_0, 0, 2;
T_18.0 ;
    %load/vec4 v000001ec34cff690_0;
    %flag_set/vec4 10;
    %flag_get/vec4 10;
    %jmp/0 T_18.7, 10;
    %load/vec4 v000001ec34cff7d0_0;
    %pad/u 32;
    %pushi/vec4 0, 0, 32;
    %cmp/ne;
    %flag_get/vec4 4;
    %and;
T_18.7;
    %flag_set/vec4 9;
    %flag_get/vec4 9;
    %jmp/0 T_18.6, 9;
    %load/vec4 v000001ec34cff7d0_0;
    %load/vec4 v000001ec34cff9b0_0;
    %cmp/e;
    %flag_get/vec4 4;
    %and;
T_18.6;
    %flag_set/vec4 8;
    %jmp/0xz  T_18.4, 8;
    %pushi/vec4 2, 0, 2;
    %store/vec4 v000001ec34d00630_0, 0, 2;
T_18.4 ;
    %load/vec4 v000001ec34cff870_0;
    %flag_set/vec4 11;
    %flag_get/vec4 11;
    %jmp/0 T_18.12, 11;
    %load/vec4 v000001ec34cffa50_0;
    %pad/u 32;
    %pushi/vec4 0, 0, 32;
    %cmp/ne;
    %flag_get/vec4 4;
    %and;
T_18.12;
    %flag_set/vec4 10;
    %flag_get/vec4 10;
    %jmp/0 T_18.11, 10;
    %load/vec4 v000001ec34cff690_0;
    %flag_set/vec4 11;
    %flag_get/vec4 11;
    %jmp/0 T_18.14, 11;
    %load/vec4 v000001ec34cff7d0_0;
    %pad/u 32;
    %pushi/vec4 0, 0, 32;
    %cmp/ne;
    %flag_get/vec4 4;
    %and;
T_18.14;
    %flag_set/vec4 10;
    %flag_get/vec4 10;
    %jmp/0 T_18.13, 10;
    %load/vec4 v000001ec34cff7d0_0;
    %load/vec4 v000001ec34cffd70_0;
    %cmp/e;
    %flag_get/vec4 4;
    %and;
T_18.13;
    %nor/r;
    %and;
T_18.11;
    %flag_set/vec4 9;
    %flag_get/vec4 9;
    %jmp/0 T_18.10, 9;
    %load/vec4 v000001ec34cffa50_0;
    %load/vec4 v000001ec34cffd70_0;
    %cmp/e;
    %flag_get/vec4 4;
    %and;
T_18.10;
    %flag_set/vec4 8;
    %jmp/0xz  T_18.8, 8;
    %pushi/vec4 1, 0, 2;
    %store/vec4 v000001ec34cfef10_0, 0, 2;
T_18.8 ;
    %load/vec4 v000001ec34cff870_0;
    %flag_set/vec4 11;
    %flag_get/vec4 11;
    %jmp/0 T_18.19, 11;
    %load/vec4 v000001ec34cffa50_0;
    %pad/u 32;
    %pushi/vec4 0, 0, 32;
    %cmp/ne;
    %flag_get/vec4 4;
    %and;
T_18.19;
    %flag_set/vec4 10;
    %flag_get/vec4 10;
    %jmp/0 T_18.18, 10;
    %load/vec4 v000001ec34cff690_0;
    %flag_set/vec4 11;
    %flag_get/vec4 11;
    %jmp/0 T_18.21, 11;
    %load/vec4 v000001ec34cff7d0_0;
    %pad/u 32;
    %pushi/vec4 0, 0, 32;
    %cmp/ne;
    %flag_get/vec4 4;
    %and;
T_18.21;
    %flag_set/vec4 10;
    %flag_get/vec4 10;
    %jmp/0 T_18.20, 10;
    %load/vec4 v000001ec34cff7d0_0;
    %load/vec4 v000001ec34cff9b0_0;
    %cmp/e;
    %flag_get/vec4 4;
    %and;
T_18.20;
    %nor/r;
    %and;
T_18.18;
    %flag_set/vec4 9;
    %flag_get/vec4 9;
    %jmp/0 T_18.17, 9;
    %load/vec4 v000001ec34cffa50_0;
    %load/vec4 v000001ec34cff9b0_0;
    %cmp/e;
    %flag_get/vec4 4;
    %and;
T_18.17;
    %flag_set/vec4 8;
    %jmp/0xz  T_18.15, 8;
    %pushi/vec4 1, 0, 2;
    %store/vec4 v000001ec34d00630_0, 0, 2;
T_18.15 ;
    %jmp T_18;
    .thread T_18, $push;
    .scope S_000001ec349beb00;
T_19 ;
    %wait E_000001ec34bcb0a0;
    %vpi_call/w 14 788 "$display", "PC=%h Op=%b RD=%d RegWrite=%b WB=%h SysRead=%h", v000001ec34d0ebc0_0, v000001ec34d099e0_0, v000001ec34d09f80_0, v000001ec34d08b80_0, v000001ec34d08d60_0, v000001ec34d08540_0 {0 0 0};
    %jmp T_19;
    .thread T_19;
    .scope S_000001ec349beb00;
T_20 ;
    %wait E_000001ec34bcb0a0;
    %vpi_call/w 14 800 "$display", "--------------------------------" {0 0 0};
    %vpi_call/w 14 801 "$display", "current_pc          = %h", v000001ec34d0ebc0_0 {0 0 0};
    %vpi_call/w 14 802 "$display", "next_pc             = %h", v000001ec34d08720_0 {0 0 0};
    %vpi_call/w 14 803 "$display", "pc_increment        = %h", v000001ec34d09a80_0 {0 0 0};
    %vpi_call/w 14 804 "$display", "bp_prediction_taken = %b", v000001ec34d0df40_0 {0 0 0};
    %vpi_call/w 14 805 "$display", "bp_prediction_flush = %b", v000001ec34d0dae0_0 {0 0 0};
    %vpi_call/w 14 806 "$display", "global_stall        = %b", v000001ec34d0e800_0 {0 0 0};
    %vpi_call/w 14 807 "$display", "instr_code           = %h", v000001ec34d0a200_0 {0 0 0};
    %vpi_call/w 14 808 "$display", "compressed           = %b", v000001ec34d0e260_0 {0 0 0};
    %vpi_call/w 14 809 "$display", "pc_increment         = %h", v000001ec34d09a80_0 {0 0 0};
    %vpi_call/w 14 810 "$display", "current_pc           = %h", v000001ec34d0ebc0_0 {0 0 0};
    %jmp T_20;
    .thread T_20;
    .scope S_000001ec34d02d30;
T_21 ;
    %vpi_call/w 31 8 "$readmemh", "systolic_array/matrixA.mem", v000001ec34d09e40 {0 0 0};
    %end;
    .thread T_21;
    .scope S_000001ec34d031e0;
T_22 ;
    %vpi_call/w 32 8 "$readmemh", "systolic_array/matrixB.mem", v000001ec34d0a840 {0 0 0};
    %end;
    .thread T_22;
    .scope S_000001ec34d03500;
T_23 ;
    %wait E_000001ec34bca8e0;
    %load/vec4 v000001ec34d17030_0;
    %flag_set/vec4 8;
    %jmp/0xz  T_23.0, 8;
    %pushi/vec4 0, 0, 32;
    %store/vec4 v000001ec34d08ae0_0, 0, 32;
T_23.2 ;
    %load/vec4 v000001ec34d08ae0_0;
    %cmpi/s 16, 0, 32;
    %jmp/0xz T_23.3, 5;
    %pushi/vec4 0, 0, 18;
    %ix/getv/s 3, v000001ec34d08ae0_0;
    %ix/load 4, 0, 0; Constant delay
    %assign/vec4/a/d v000001ec34d15190, 0, 4;
    ; show_stmt_assign_vector: Get l-value for compressed += operand
    %load/vec4 v000001ec34d08ae0_0;
    %pushi/vec4 1, 0, 32;
    %add;
    %store/vec4 v000001ec34d08ae0_0, 0, 32;
    %jmp T_23.2;
T_23.3 ;
    %jmp T_23.1;
T_23.0 ;
    %load/vec4 v000001ec34d08900_0;
    %flag_set/vec4 8;
    %jmp/0xz  T_23.4, 8;
    %load/vec4 v000001ec34d09bc0_0;
    %ix/load 3, 0, 0;
    %flag_set/imm 4, 0;
    %ix/load 4, 0, 0; Constant delay
    %assign/vec4/a/d v000001ec34d15190, 0, 4;
    %load/vec4 v000001ec34d080e0_0;
    %ix/load 3, 1, 0;
    %flag_set/imm 4, 0;
    %ix/load 4, 0, 0; Constant delay
    %assign/vec4/a/d v000001ec34d15190, 0, 4;
    %load/vec4 v000001ec34d093a0_0;
    %ix/load 3, 2, 0;
    %flag_set/imm 4, 0;
    %ix/load 4, 0, 0; Constant delay
    %assign/vec4/a/d v000001ec34d15190, 0, 4;
    %load/vec4 v000001ec34d0a020_0;
    %ix/load 3, 3, 0;
    %flag_set/imm 4, 0;
    %ix/load 4, 0, 0; Constant delay
    %assign/vec4/a/d v000001ec34d15190, 0, 4;
    %load/vec4 v000001ec34d0a0c0_0;
    %ix/load 3, 4, 0;
    %flag_set/imm 4, 0;
    %ix/load 4, 0, 0; Constant delay
    %assign/vec4/a/d v000001ec34d15190, 0, 4;
    %load/vec4 v000001ec34d094e0_0;
    %ix/load 3, 5, 0;
    %flag_set/imm 4, 0;
    %ix/load 4, 0, 0; Constant delay
    %assign/vec4/a/d v000001ec34d15190, 0, 4;
    %load/vec4 v000001ec34d09800_0;
    %ix/load 3, 6, 0;
    %flag_set/imm 4, 0;
    %ix/load 4, 0, 0; Constant delay
    %assign/vec4/a/d v000001ec34d15190, 0, 4;
    %load/vec4 v000001ec34d0a160_0;
    %ix/load 3, 7, 0;
    %flag_set/imm 4, 0;
    %ix/load 4, 0, 0; Constant delay
    %assign/vec4/a/d v000001ec34d15190, 0, 4;
    %load/vec4 v000001ec34d0a340_0;
    %ix/load 3, 8, 0;
    %flag_set/imm 4, 0;
    %ix/load 4, 0, 0; Constant delay
    %assign/vec4/a/d v000001ec34d15190, 0, 4;
    %load/vec4 v000001ec34d08220_0;
    %ix/load 3, 9, 0;
    %flag_set/imm 4, 0;
    %ix/load 4, 0, 0; Constant delay
    %assign/vec4/a/d v000001ec34d15190, 0, 4;
    %load/vec4 v000001ec34d0a3e0_0;
    %ix/load 3, 10, 0;
    %flag_set/imm 4, 0;
    %ix/load 4, 0, 0; Constant delay
    %assign/vec4/a/d v000001ec34d15190, 0, 4;
    %load/vec4 v000001ec34d0a480_0;
    %ix/load 3, 11, 0;
    %flag_set/imm 4, 0;
    %ix/load 4, 0, 0; Constant delay
    %assign/vec4/a/d v000001ec34d15190, 0, 4;
    %load/vec4 v000001ec34d0a520_0;
    %ix/load 3, 12, 0;
    %flag_set/imm 4, 0;
    %ix/load 4, 0, 0; Constant delay
    %assign/vec4/a/d v000001ec34d15190, 0, 4;
    %load/vec4 v000001ec34d082c0_0;
    %ix/load 3, 13, 0;
    %flag_set/imm 4, 0;
    %ix/load 4, 0, 0; Constant delay
    %assign/vec4/a/d v000001ec34d15190, 0, 4;
    %load/vec4 v000001ec34d08360_0;
    %ix/load 3, 14, 0;
    %flag_set/imm 4, 0;
    %ix/load 4, 0, 0; Constant delay
    %assign/vec4/a/d v000001ec34d15190, 0, 4;
    %load/vec4 v000001ec34d08400_0;
    %ix/load 3, 15, 0;
    %flag_set/imm 4, 0;
    %ix/load 4, 0, 0; Constant delay
    %assign/vec4/a/d v000001ec34d15190, 0, 4;
T_23.4 ;
T_23.1 ;
    %jmp T_23;
    .thread T_23;
    .scope S_000001ec34d03820;
T_24 ;
    %wait E_000001ec34bca8e0;
    %load/vec4 v000001ec34d16270_0;
    %flag_set/vec4 8;
    %jmp/0xz  T_24.0, 8;
    %pushi/vec4 0, 0, 8;
    %assign/vec4 v000001ec34d169f0_0, 0;
    %pushi/vec4 0, 0, 8;
    %assign/vec4 v000001ec34d150f0_0, 0;
    %pushi/vec4 0, 0, 18;
    %assign/vec4 v000001ec34d170d0_0, 0;
    %jmp T_24.1;
T_24.0 ;
    %load/vec4 v000001ec34d172b0_0;
    %assign/vec4 v000001ec34d169f0_0, 0;
    %load/vec4 v000001ec34d16b30_0;
    %assign/vec4 v000001ec34d150f0_0, 0;
    %load/vec4 v000001ec34d170d0_0;
    %load/vec4 v000001ec34d172b0_0;
    %pad/u 18;
    %load/vec4 v000001ec34d16b30_0;
    %pad/u 18;
    %mul;
    %add;
    %assign/vec4 v000001ec34d170d0_0, 0;
T_24.1 ;
    %jmp T_24;
    .thread T_24;
    .scope S_000001ec34d02240;
T_25 ;
    %wait E_000001ec34bca8e0;
    %load/vec4 v000001ec34d15b90_0;
    %flag_set/vec4 8;
    %jmp/0xz  T_25.0, 8;
    %pushi/vec4 0, 0, 8;
    %assign/vec4 v000001ec34d16a90_0, 0;
    %pushi/vec4 0, 0, 8;
    %assign/vec4 v000001ec34d16d10_0, 0;
    %pushi/vec4 0, 0, 18;
    %assign/vec4 v000001ec34d17350_0, 0;
    %jmp T_25.1;
T_25.0 ;
    %load/vec4 v000001ec34d15f50_0;
    %assign/vec4 v000001ec34d16a90_0, 0;
    %load/vec4 v000001ec34d16bd0_0;
    %assign/vec4 v000001ec34d16d10_0, 0;
    %load/vec4 v000001ec34d17350_0;
    %load/vec4 v000001ec34d15f50_0;
    %pad/u 18;
    %load/vec4 v000001ec34d16bd0_0;
    %pad/u 18;
    %mul;
    %add;
    %assign/vec4 v000001ec34d17350_0, 0;
T_25.1 ;
    %jmp T_25;
    .thread T_25;
    .scope S_000001ec34d02560;
T_26 ;
    %wait E_000001ec34bca8e0;
    %load/vec4 v000001ec34d166d0_0;
    %flag_set/vec4 8;
    %jmp/0xz  T_26.0, 8;
    %pushi/vec4 0, 0, 8;
    %assign/vec4 v000001ec34d157d0_0, 0;
    %pushi/vec4 0, 0, 8;
    %assign/vec4 v000001ec34d15cd0_0, 0;
    %pushi/vec4 0, 0, 18;
    %assign/vec4 v000001ec34d15870_0, 0;
    %jmp T_26.1;
T_26.0 ;
    %load/vec4 v000001ec34d15c30_0;
    %assign/vec4 v000001ec34d157d0_0, 0;
    %load/vec4 v000001ec34d15550_0;
    %assign/vec4 v000001ec34d15cd0_0, 0;
    %load/vec4 v000001ec34d15870_0;
    %load/vec4 v000001ec34d15c30_0;
    %pad/u 18;
    %load/vec4 v000001ec34d15550_0;
    %pad/u 18;
    %mul;
    %add;
    %assign/vec4 v000001ec34d15870_0, 0;
T_26.1 ;
    %jmp T_26;
    .thread T_26;
    .scope S_000001ec34d03cd0;
T_27 ;
    %wait E_000001ec34bca8e0;
    %load/vec4 v000001ec34d163b0_0;
    %flag_set/vec4 8;
    %jmp/0xz  T_27.0, 8;
    %pushi/vec4 0, 0, 8;
    %assign/vec4 v000001ec34d155f0_0, 0;
    %pushi/vec4 0, 0, 8;
    %assign/vec4 v000001ec34d161d0_0, 0;
    %pushi/vec4 0, 0, 18;
    %assign/vec4 v000001ec34d15d70_0, 0;
    %jmp T_27.1;
T_27.0 ;
    %load/vec4 v000001ec34d16310_0;
    %assign/vec4 v000001ec34d155f0_0, 0;
    %load/vec4 v000001ec34d16950_0;
    %assign/vec4 v000001ec34d161d0_0, 0;
    %load/vec4 v000001ec34d15d70_0;
    %load/vec4 v000001ec34d16310_0;
    %pad/u 18;
    %load/vec4 v000001ec34d16950_0;
    %pad/u 18;
    %mul;
    %add;
    %assign/vec4 v000001ec34d15d70_0, 0;
T_27.1 ;
    %jmp T_27;
    .thread T_27;
    .scope S_000001ec34d020b0;
T_28 ;
    %wait E_000001ec34bca8e0;
    %load/vec4 v000001ec34d164f0_0;
    %flag_set/vec4 8;
    %jmp/0xz  T_28.0, 8;
    %pushi/vec4 0, 0, 8;
    %assign/vec4 v000001ec34d17210_0, 0;
    %pushi/vec4 0, 0, 8;
    %assign/vec4 v000001ec34d16f90_0, 0;
    %pushi/vec4 0, 0, 18;
    %assign/vec4 v000001ec34d17710_0, 0;
    %jmp T_28.1;
T_28.0 ;
    %load/vec4 v000001ec34d17170_0;
    %assign/vec4 v000001ec34d17210_0, 0;
    %load/vec4 v000001ec34d16ef0_0;
    %assign/vec4 v000001ec34d16f90_0, 0;
    %load/vec4 v000001ec34d17710_0;
    %load/vec4 v000001ec34d17170_0;
    %pad/u 18;
    %load/vec4 v000001ec34d16ef0_0;
    %pad/u 18;
    %mul;
    %add;
    %assign/vec4 v000001ec34d17710_0, 0;
T_28.1 ;
    %jmp T_28;
    .thread T_28;
    .scope S_000001ec34d18d70;
T_29 ;
    %wait E_000001ec34bca8e0;
    %load/vec4 v000001ec34d17530_0;
    %flag_set/vec4 8;
    %jmp/0xz  T_29.0, 8;
    %pushi/vec4 0, 0, 8;
    %assign/vec4 v000001ec34d16590_0, 0;
    %pushi/vec4 0, 0, 8;
    %assign/vec4 v000001ec34d16db0_0, 0;
    %pushi/vec4 0, 0, 18;
    %assign/vec4 v000001ec34d15730_0, 0;
    %jmp T_29.1;
T_29.0 ;
    %load/vec4 v000001ec34d15ff0_0;
    %assign/vec4 v000001ec34d16590_0, 0;
    %load/vec4 v000001ec34d15690_0;
    %assign/vec4 v000001ec34d16db0_0, 0;
    %load/vec4 v000001ec34d15730_0;
    %load/vec4 v000001ec34d15ff0_0;
    %pad/u 18;
    %load/vec4 v000001ec34d15690_0;
    %pad/u 18;
    %mul;
    %add;
    %assign/vec4 v000001ec34d15730_0, 0;
T_29.1 ;
    %jmp T_29;
    .thread T_29;
    .scope S_000001ec34d193b0;
T_30 ;
    %wait E_000001ec34bca8e0;
    %load/vec4 v000001ec34d177b0_0;
    %flag_set/vec4 8;
    %jmp/0xz  T_30.0, 8;
    %pushi/vec4 0, 0, 8;
    %assign/vec4 v000001ec34d15eb0_0, 0;
    %pushi/vec4 0, 0, 8;
    %assign/vec4 v000001ec34d15910_0, 0;
    %pushi/vec4 0, 0, 18;
    %assign/vec4 v000001ec34d17670_0, 0;
    %jmp T_30.1;
T_30.0 ;
    %load/vec4 v000001ec34d175d0_0;
    %assign/vec4 v000001ec34d15eb0_0, 0;
    %load/vec4 v000001ec34d16090_0;
    %assign/vec4 v000001ec34d15910_0, 0;
    %load/vec4 v000001ec34d17670_0;
    %load/vec4 v000001ec34d175d0_0;
    %pad/u 18;
    %load/vec4 v000001ec34d16090_0;
    %pad/u 18;
    %mul;
    %add;
    %assign/vec4 v000001ec34d17670_0, 0;
T_30.1 ;
    %jmp T_30;
    .thread T_30;
    .scope S_000001ec34d19860;
T_31 ;
    %wait E_000001ec34bca8e0;
    %load/vec4 v000001ec34d16810_0;
    %flag_set/vec4 8;
    %jmp/0xz  T_31.0, 8;
    %pushi/vec4 0, 0, 8;
    %assign/vec4 v000001ec34d154b0_0, 0;
    %pushi/vec4 0, 0, 8;
    %assign/vec4 v000001ec34d17850_0, 0;
    %pushi/vec4 0, 0, 18;
    %assign/vec4 v000001ec34d16770_0, 0;
    %jmp T_31.1;
T_31.0 ;
    %load/vec4 v000001ec34d16630_0;
    %assign/vec4 v000001ec34d154b0_0, 0;
    %load/vec4 v000001ec34d159b0_0;
    %assign/vec4 v000001ec34d17850_0, 0;
    %load/vec4 v000001ec34d16770_0;
    %load/vec4 v000001ec34d16630_0;
    %pad/u 18;
    %load/vec4 v000001ec34d159b0_0;
    %pad/u 18;
    %mul;
    %add;
    %assign/vec4 v000001ec34d16770_0, 0;
T_31.1 ;
    %jmp T_31;
    .thread T_31;
    .scope S_000001ec34d188c0;
T_32 ;
    %wait E_000001ec34bca8e0;
    %load/vec4 v000001ec34d17fd0_0;
    %flag_set/vec4 8;
    %jmp/0xz  T_32.0, 8;
    %pushi/vec4 0, 0, 8;
    %assign/vec4 v000001ec34d152d0_0, 0;
    %pushi/vec4 0, 0, 8;
    %assign/vec4 v000001ec34d15410_0, 0;
    %pushi/vec4 0, 0, 18;
    %assign/vec4 v000001ec34d17b70_0, 0;
    %jmp T_32.1;
T_32.0 ;
    %load/vec4 v000001ec34d168b0_0;
    %assign/vec4 v000001ec34d152d0_0, 0;
    %load/vec4 v000001ec34d15a50_0;
    %assign/vec4 v000001ec34d15410_0, 0;
    %load/vec4 v000001ec34d17b70_0;
    %load/vec4 v000001ec34d168b0_0;
    %pad/u 18;
    %load/vec4 v000001ec34d15a50_0;
    %pad/u 18;
    %mul;
    %add;
    %assign/vec4 v000001ec34d17b70_0, 0;
T_32.1 ;
    %jmp T_32;
    .thread T_32;
    .scope S_000001ec34d180f0;
T_33 ;
    %wait E_000001ec34bca8e0;
    %load/vec4 v000001ec34d17d50_0;
    %flag_set/vec4 8;
    %jmp/0xz  T_33.0, 8;
    %pushi/vec4 0, 0, 8;
    %assign/vec4 v000001ec34d178f0_0, 0;
    %pushi/vec4 0, 0, 8;
    %assign/vec4 v000001ec34d17ad0_0, 0;
    %pushi/vec4 0, 0, 18;
    %assign/vec4 v000001ec34d17c10_0, 0;
    %jmp T_33.1;
T_33.0 ;
    %load/vec4 v000001ec34d17cb0_0;
    %assign/vec4 v000001ec34d178f0_0, 0;
    %load/vec4 v000001ec34d17990_0;
    %assign/vec4 v000001ec34d17ad0_0, 0;
    %load/vec4 v000001ec34d17c10_0;
    %load/vec4 v000001ec34d17cb0_0;
    %pad/u 18;
    %load/vec4 v000001ec34d17990_0;
    %pad/u 18;
    %mul;
    %add;
    %assign/vec4 v000001ec34d17c10_0, 0;
T_33.1 ;
    %jmp T_33;
    .thread T_33;
    .scope S_000001ec34d18280;
T_34 ;
    %wait E_000001ec34bca8e0;
    %load/vec4 v000001ec34d10eb0_0;
    %flag_set/vec4 8;
    %jmp/0xz  T_34.0, 8;
    %pushi/vec4 0, 0, 8;
    %assign/vec4 v000001ec34d17e90_0, 0;
    %pushi/vec4 0, 0, 8;
    %assign/vec4 v000001ec34d10550_0, 0;
    %pushi/vec4 0, 0, 18;
    %assign/vec4 v000001ec34d10b90_0, 0;
    %jmp T_34.1;
T_34.0 ;
    %load/vec4 v000001ec34d17df0_0;
    %assign/vec4 v000001ec34d17e90_0, 0;
    %load/vec4 v000001ec34d10af0_0;
    %assign/vec4 v000001ec34d10550_0, 0;
    %load/vec4 v000001ec34d10b90_0;
    %load/vec4 v000001ec34d17df0_0;
    %pad/u 18;
    %load/vec4 v000001ec34d10af0_0;
    %pad/u 18;
    %mul;
    %add;
    %assign/vec4 v000001ec34d10b90_0, 0;
T_34.1 ;
    %jmp T_34;
    .thread T_34;
    .scope S_000001ec34d18f00;
T_35 ;
    %wait E_000001ec34bca8e0;
    %load/vec4 v000001ec34d10e10_0;
    %flag_set/vec4 8;
    %jmp/0xz  T_35.0, 8;
    %pushi/vec4 0, 0, 8;
    %assign/vec4 v000001ec34d116d0_0, 0;
    %pushi/vec4 0, 0, 8;
    %assign/vec4 v000001ec34d10230_0, 0;
    %pushi/vec4 0, 0, 18;
    %assign/vec4 v000001ec34d11310_0, 0;
    %jmp T_35.1;
T_35.0 ;
    %load/vec4 v000001ec34d11f90_0;
    %assign/vec4 v000001ec34d116d0_0, 0;
    %load/vec4 v000001ec34d10730_0;
    %assign/vec4 v000001ec34d10230_0, 0;
    %load/vec4 v000001ec34d11310_0;
    %load/vec4 v000001ec34d11f90_0;
    %pad/u 18;
    %load/vec4 v000001ec34d10730_0;
    %pad/u 18;
    %mul;
    %add;
    %assign/vec4 v000001ec34d11310_0, 0;
T_35.1 ;
    %jmp T_35;
    .thread T_35;
    .scope S_000001ec34d19090;
T_36 ;
    %wait E_000001ec34bca8e0;
    %load/vec4 v000001ec34d10690_0;
    %flag_set/vec4 8;
    %jmp/0xz  T_36.0, 8;
    %pushi/vec4 0, 0, 8;
    %assign/vec4 v000001ec34d11270_0, 0;
    %pushi/vec4 0, 0, 8;
    %assign/vec4 v000001ec34d105f0_0, 0;
    %pushi/vec4 0, 0, 18;
    %assign/vec4 v000001ec34d100f0_0, 0;
    %jmp T_36.1;
T_36.0 ;
    %load/vec4 v000001ec34d111d0_0;
    %assign/vec4 v000001ec34d11270_0, 0;
    %load/vec4 v000001ec34d11e50_0;
    %assign/vec4 v000001ec34d105f0_0, 0;
    %load/vec4 v000001ec34d100f0_0;
    %load/vec4 v000001ec34d111d0_0;
    %pad/u 18;
    %load/vec4 v000001ec34d11e50_0;
    %pad/u 18;
    %mul;
    %add;
    %assign/vec4 v000001ec34d100f0_0, 0;
T_36.1 ;
    %jmp T_36;
    .thread T_36;
    .scope S_000001ec34d19220;
T_37 ;
    %wait E_000001ec34bca8e0;
    %load/vec4 v000001ec34d102d0_0;
    %flag_set/vec4 8;
    %jmp/0xz  T_37.0, 8;
    %pushi/vec4 0, 0, 8;
    %assign/vec4 v000001ec34d12710_0, 0;
    %pushi/vec4 0, 0, 8;
    %assign/vec4 v000001ec34d12350_0, 0;
    %pushi/vec4 0, 0, 18;
    %assign/vec4 v000001ec34d11d10_0, 0;
    %jmp T_37.1;
T_37.0 ;
    %load/vec4 v000001ec34d10d70_0;
    %assign/vec4 v000001ec34d12710_0, 0;
    %load/vec4 v000001ec34d11590_0;
    %assign/vec4 v000001ec34d12350_0, 0;
    %load/vec4 v000001ec34d11d10_0;
    %load/vec4 v000001ec34d10d70_0;
    %pad/u 18;
    %load/vec4 v000001ec34d11590_0;
    %pad/u 18;
    %mul;
    %add;
    %assign/vec4 v000001ec34d11d10_0, 0;
T_37.1 ;
    %jmp T_37;
    .thread T_37;
    .scope S_000001ec34d18730;
T_38 ;
    %wait E_000001ec34bca8e0;
    %load/vec4 v000001ec34d11ef0_0;
    %flag_set/vec4 8;
    %jmp/0xz  T_38.0, 8;
    %pushi/vec4 0, 0, 8;
    %assign/vec4 v000001ec34d11b30_0, 0;
    %pushi/vec4 0, 0, 8;
    %assign/vec4 v000001ec34d10f50_0, 0;
    %pushi/vec4 0, 0, 18;
    %assign/vec4 v000001ec34d109b0_0, 0;
    %jmp T_38.1;
T_38.0 ;
    %load/vec4 v000001ec34d10190_0;
    %assign/vec4 v000001ec34d11b30_0, 0;
    %load/vec4 v000001ec34d127b0_0;
    %assign/vec4 v000001ec34d10f50_0, 0;
    %load/vec4 v000001ec34d109b0_0;
    %load/vec4 v000001ec34d10190_0;
    %pad/u 18;
    %load/vec4 v000001ec34d127b0_0;
    %pad/u 18;
    %mul;
    %add;
    %assign/vec4 v000001ec34d109b0_0, 0;
T_38.1 ;
    %jmp T_38;
    .thread T_38;
    .scope S_000001ec34d18be0;
T_39 ;
    %wait E_000001ec34bca8e0;
    %load/vec4 v000001ec34d11c70_0;
    %flag_set/vec4 8;
    %jmp/0xz  T_39.0, 8;
    %pushi/vec4 0, 0, 8;
    %assign/vec4 v000001ec34d11450_0, 0;
    %pushi/vec4 0, 0, 8;
    %assign/vec4 v000001ec34d11630_0, 0;
    %pushi/vec4 0, 0, 18;
    %assign/vec4 v000001ec34d12030_0, 0;
    %jmp T_39.1;
T_39.0 ;
    %load/vec4 v000001ec34d113b0_0;
    %assign/vec4 v000001ec34d11450_0, 0;
    %load/vec4 v000001ec34d11950_0;
    %assign/vec4 v000001ec34d11630_0, 0;
    %load/vec4 v000001ec34d12030_0;
    %load/vec4 v000001ec34d113b0_0;
    %pad/u 18;
    %load/vec4 v000001ec34d11950_0;
    %pad/u 18;
    %mul;
    %add;
    %assign/vec4 v000001ec34d12030_0, 0;
T_39.1 ;
    %jmp T_39;
    .thread T_39;
    .scope S_000001ec34d03050;
T_40 ;
    %wait E_000001ec34bca8e0;
    %load/vec4 v000001ec34d1a7f0_0;
    %flag_set/vec4 8;
    %jmp/0xz  T_40.0, 8;
    %pushi/vec4 0, 0, 1;
    %assign/vec4 v000001ec34d13930_0, 0;
    %jmp T_40.1;
T_40.0 ;
    %load/vec4 v000001ec34d13890_0;
    %assign/vec4 v000001ec34d13930_0, 0;
T_40.1 ;
    %jmp T_40;
    .thread T_40;
    .scope S_000001ec34d03050;
T_41 ;
    %wait E_000001ec34bca8e0;
    %load/vec4 v000001ec34d1a7f0_0;
    %flag_set/vec4 8;
    %jmp/0xz  T_41.0, 8;
    %pushi/vec4 0, 0, 2;
    %assign/vec4 v000001ec34d1be70_0, 0;
    %jmp T_41.1;
T_41.0 ;
    %load/vec4 v000001ec34d1c7d0_0;
    %assign/vec4 v000001ec34d1be70_0, 0;
T_41.1 ;
    %jmp T_41;
    .thread T_41;
    .scope S_000001ec34d03050;
T_42 ;
    %wait E_000001ec34bcd3a0;
    %load/vec4 v000001ec34d1be70_0;
    %store/vec4 v000001ec34d1c7d0_0, 0, 2;
    %load/vec4 v000001ec34d1be70_0;
    %dup/vec4;
    %pushi/vec4 0, 0, 2;
    %cmp/u;
    %jmp/1 T_42.0, 6;
    %dup/vec4;
    %pushi/vec4 1, 0, 2;
    %cmp/u;
    %jmp/1 T_42.1, 6;
    %dup/vec4;
    %pushi/vec4 2, 0, 2;
    %cmp/u;
    %jmp/1 T_42.2, 6;
    %dup/vec4;
    %pushi/vec4 3, 0, 2;
    %cmp/u;
    %jmp/1 T_42.3, 6;
    %jmp T_42.4;
T_42.0 ;
    %load/vec4 v000001ec34d1af70_0;
    %flag_set/vec4 8;
    %jmp/0xz  T_42.5, 8;
    %pushi/vec4 1, 0, 2;
    %store/vec4 v000001ec34d1c7d0_0, 0, 2;
T_42.5 ;
    %jmp T_42.4;
T_42.1 ;
    %pushi/vec4 2, 0, 2;
    %store/vec4 v000001ec34d1c7d0_0, 0, 2;
    %jmp T_42.4;
T_42.2 ;
    %load/vec4 v000001ec34d1c0f0_0;
    %cmpi/e 10, 0, 4;
    %jmp/0xz  T_42.7, 4;
    %pushi/vec4 3, 0, 2;
    %store/vec4 v000001ec34d1c7d0_0, 0, 2;
T_42.7 ;
    %jmp T_42.4;
T_42.3 ;
    %pushi/vec4 0, 0, 2;
    %store/vec4 v000001ec34d1c7d0_0, 0, 2;
    %jmp T_42.4;
T_42.4 ;
    %pop/vec4 1;
    %jmp T_42;
    .thread T_42, $push;
    .scope S_000001ec34d03050;
T_43 ;
    %wait E_000001ec34bca8e0;
    %fork t_11, S_000001ec34d03370;
    %jmp t_10;
    .scope S_000001ec34d03370;
t_11 ;
    %load/vec4 v000001ec34d1a7f0_0;
    %flag_set/vec4 8;
    %jmp/0xz  T_43.0, 8;
    %pushi/vec4 0, 0, 4;
    %assign/vec4 v000001ec34d1c0f0_0, 0;
    %pushi/vec4 0, 0, 1;
    %assign/vec4 v000001ec34d1ba10_0, 0;
    %pushi/vec4 0, 0, 8;
    %assign/vec4 v000001ec34d15050_0, 0;
    %pushi/vec4 0, 0, 8;
    %assign/vec4 v000001ec34d14a10_0, 0;
    %pushi/vec4 0, 0, 8;
    %assign/vec4 v000001ec34d14e70_0, 0;
    %pushi/vec4 0, 0, 8;
    %assign/vec4 v000001ec34d13f70_0, 0;
    %pushi/vec4 0, 0, 8;
    %assign/vec4 v000001ec34d12ad0_0, 0;
    %pushi/vec4 0, 0, 8;
    %assign/vec4 v000001ec34d13d90_0, 0;
    %pushi/vec4 0, 0, 8;
    %assign/vec4 v000001ec34d13110_0, 0;
    %pushi/vec4 0, 0, 8;
    %assign/vec4 v000001ec34d131b0_0, 0;
    %pushi/vec4 0, 0, 32;
    %store/vec4 v000001ec34d09580_0, 0, 32;
T_43.2 ;
    %load/vec4 v000001ec34d09580_0;
    %cmpi/s 16, 0, 32;
    %jmp/0xz T_43.3, 5;
    %pushi/vec4 0, 0, 8;
    %ix/getv/s 3, v000001ec34d09580_0;
    %ix/load 4, 0, 0; Constant delay
    %assign/vec4/a/d v000001ec34d14510, 0, 4;
    %pushi/vec4 0, 0, 8;
    %ix/getv/s 3, v000001ec34d09580_0;
    %ix/load 4, 0, 0; Constant delay
    %assign/vec4/a/d v000001ec34d146f0, 0, 4;
    %load/vec4 v000001ec34d09580_0;
    %addi 1, 0, 32;
    %store/vec4 v000001ec34d09580_0, 0, 32;
    %jmp T_43.2;
T_43.3 ;
    %jmp T_43.1;
T_43.0 ;
    %pushi/vec4 0, 0, 1;
    %assign/vec4 v000001ec34d1ba10_0, 0;
    %load/vec4 v000001ec34d1be70_0;
    %dup/vec4;
    %pushi/vec4 0, 0, 2;
    %cmp/u;
    %jmp/1 T_43.4, 6;
    %dup/vec4;
    %pushi/vec4 1, 0, 2;
    %cmp/u;
    %jmp/1 T_43.5, 6;
    %dup/vec4;
    %pushi/vec4 2, 0, 2;
    %cmp/u;
    %jmp/1 T_43.6, 6;
    %dup/vec4;
    %pushi/vec4 3, 0, 2;
    %cmp/u;
    %jmp/1 T_43.7, 6;
    %jmp T_43.8;
T_43.4 ;
    %pushi/vec4 0, 0, 4;
    %assign/vec4 v000001ec34d1c0f0_0, 0;
    %pushi/vec4 0, 0, 8;
    %assign/vec4 v000001ec34d15050_0, 0;
    %pushi/vec4 0, 0, 8;
    %assign/vec4 v000001ec34d14a10_0, 0;
    %pushi/vec4 0, 0, 8;
    %assign/vec4 v000001ec34d14e70_0, 0;
    %pushi/vec4 0, 0, 8;
    %assign/vec4 v000001ec34d13f70_0, 0;
    %pushi/vec4 0, 0, 8;
    %assign/vec4 v000001ec34d12ad0_0, 0;
    %pushi/vec4 0, 0, 8;
    %assign/vec4 v000001ec34d13d90_0, 0;
    %pushi/vec4 0, 0, 8;
    %assign/vec4 v000001ec34d13110_0, 0;
    %pushi/vec4 0, 0, 8;
    %assign/vec4 v000001ec34d131b0_0, 0;
    %jmp T_43.8;
T_43.5 ;
    %pushi/vec4 0, 0, 4;
    %assign/vec4 v000001ec34d1c0f0_0, 0;
    %pushi/vec4 0, 0, 32;
    %store/vec4 v000001ec34d09580_0, 0, 32;
T_43.9 ;
    %load/vec4 v000001ec34d09580_0;
    %cmpi/s 16, 0, 32;
    %jmp/0xz T_43.10, 5;
    %load/vec4 v000001ec34d1b290_0;
    %load/vec4 v000001ec34d09580_0;
    %muli 8, 0, 32;
    %part/s 8;
    %ix/getv/s 3, v000001ec34d09580_0;
    %ix/load 4, 0, 0; Constant delay
    %assign/vec4/a/d v000001ec34d14510, 0, 4;
    %load/vec4 v000001ec34d1bd30_0;
    %load/vec4 v000001ec34d09580_0;
    %muli 8, 0, 32;
    %part/s 8;
    %ix/getv/s 3, v000001ec34d09580_0;
    %ix/load 4, 0, 0; Constant delay
    %assign/vec4/a/d v000001ec34d146f0, 0, 4;
    %load/vec4 v000001ec34d09580_0;
    %addi 1, 0, 32;
    %store/vec4 v000001ec34d09580_0, 0, 32;
    %jmp T_43.9;
T_43.10 ;
    %jmp T_43.8;
T_43.6 ;
    %load/vec4 v000001ec34d1c0f0_0;
    %addi 1, 0, 4;
    %assign/vec4 v000001ec34d1c0f0_0, 0;
    %load/vec4 v000001ec34d1c0f0_0;
    %dup/vec4;
    %pushi/vec4 0, 0, 4;
    %cmp/u;
    %jmp/1 T_43.11, 6;
    %dup/vec4;
    %pushi/vec4 1, 0, 4;
    %cmp/u;
    %jmp/1 T_43.12, 6;
    %dup/vec4;
    %pushi/vec4 2, 0, 4;
    %cmp/u;
    %jmp/1 T_43.13, 6;
    %dup/vec4;
    %pushi/vec4 3, 0, 4;
    %cmp/u;
    %jmp/1 T_43.14, 6;
    %dup/vec4;
    %pushi/vec4 4, 0, 4;
    %cmp/u;
    %jmp/1 T_43.15, 6;
    %dup/vec4;
    %pushi/vec4 5, 0, 4;
    %cmp/u;
    %jmp/1 T_43.16, 6;
    %dup/vec4;
    %pushi/vec4 6, 0, 4;
    %cmp/u;
    %jmp/1 T_43.17, 6;
    %dup/vec4;
    %pushi/vec4 7, 0, 4;
    %cmp/u;
    %jmp/1 T_43.18, 6;
    %pushi/vec4 0, 0, 8;
    %assign/vec4 v000001ec34d15050_0, 0;
    %pushi/vec4 0, 0, 8;
    %assign/vec4 v000001ec34d14a10_0, 0;
    %pushi/vec4 0, 0, 8;
    %assign/vec4 v000001ec34d14e70_0, 0;
    %pushi/vec4 0, 0, 8;
    %assign/vec4 v000001ec34d13f70_0, 0;
    %pushi/vec4 0, 0, 8;
    %assign/vec4 v000001ec34d12ad0_0, 0;
    %pushi/vec4 0, 0, 8;
    %assign/vec4 v000001ec34d13d90_0, 0;
    %pushi/vec4 0, 0, 8;
    %assign/vec4 v000001ec34d13110_0, 0;
    %pushi/vec4 0, 0, 8;
    %assign/vec4 v000001ec34d131b0_0, 0;
    %jmp T_43.20;
T_43.11 ;
    %pushi/vec4 0, 0, 8;
    %assign/vec4 v000001ec34d15050_0, 0;
    %pushi/vec4 0, 0, 8;
    %assign/vec4 v000001ec34d14a10_0, 0;
    %pushi/vec4 0, 0, 8;
    %assign/vec4 v000001ec34d14e70_0, 0;
    %pushi/vec4 0, 0, 8;
    %assign/vec4 v000001ec34d13f70_0, 0;
    %pushi/vec4 0, 0, 8;
    %assign/vec4 v000001ec34d12ad0_0, 0;
    %pushi/vec4 0, 0, 8;
    %assign/vec4 v000001ec34d13d90_0, 0;
    %pushi/vec4 0, 0, 8;
    %assign/vec4 v000001ec34d13110_0, 0;
    %pushi/vec4 0, 0, 8;
    %assign/vec4 v000001ec34d131b0_0, 0;
    %jmp T_43.20;
T_43.12 ;
    %ix/load 4, 0, 0;
    %flag_set/imm 4, 0;
    %load/vec4a v000001ec34d14510, 4;
    %assign/vec4 v000001ec34d15050_0, 0;
    %pushi/vec4 0, 0, 8;
    %assign/vec4 v000001ec34d14a10_0, 0;
    %pushi/vec4 0, 0, 8;
    %assign/vec4 v000001ec34d14e70_0, 0;
    %pushi/vec4 0, 0, 8;
    %assign/vec4 v000001ec34d13f70_0, 0;
    %ix/load 4, 0, 0;
    %flag_set/imm 4, 0;
    %load/vec4a v000001ec34d146f0, 4;
    %assign/vec4 v000001ec34d12ad0_0, 0;
    %pushi/vec4 0, 0, 8;
    %assign/vec4 v000001ec34d13d90_0, 0;
    %pushi/vec4 0, 0, 8;
    %assign/vec4 v000001ec34d13110_0, 0;
    %pushi/vec4 0, 0, 8;
    %assign/vec4 v000001ec34d131b0_0, 0;
    %jmp T_43.20;
T_43.13 ;
    %ix/load 4, 1, 0;
    %flag_set/imm 4, 0;
    %load/vec4a v000001ec34d14510, 4;
    %assign/vec4 v000001ec34d15050_0, 0;
    %ix/load 4, 4, 0;
    %flag_set/imm 4, 0;
    %load/vec4a v000001ec34d14510, 4;
    %assign/vec4 v000001ec34d14a10_0, 0;
    %pushi/vec4 0, 0, 8;
    %assign/vec4 v000001ec34d14e70_0, 0;
    %pushi/vec4 0, 0, 8;
    %assign/vec4 v000001ec34d13f70_0, 0;
    %ix/load 4, 4, 0;
    %flag_set/imm 4, 0;
    %load/vec4a v000001ec34d146f0, 4;
    %assign/vec4 v000001ec34d12ad0_0, 0;
    %ix/load 4, 1, 0;
    %flag_set/imm 4, 0;
    %load/vec4a v000001ec34d146f0, 4;
    %assign/vec4 v000001ec34d13d90_0, 0;
    %pushi/vec4 0, 0, 8;
    %assign/vec4 v000001ec34d13110_0, 0;
    %pushi/vec4 0, 0, 8;
    %assign/vec4 v000001ec34d131b0_0, 0;
    %jmp T_43.20;
T_43.14 ;
    %ix/load 4, 2, 0;
    %flag_set/imm 4, 0;
    %load/vec4a v000001ec34d14510, 4;
    %assign/vec4 v000001ec34d15050_0, 0;
    %ix/load 4, 5, 0;
    %flag_set/imm 4, 0;
    %load/vec4a v000001ec34d14510, 4;
    %assign/vec4 v000001ec34d14a10_0, 0;
    %ix/load 4, 8, 0;
    %flag_set/imm 4, 0;
    %load/vec4a v000001ec34d14510, 4;
    %assign/vec4 v000001ec34d14e70_0, 0;
    %pushi/vec4 0, 0, 8;
    %assign/vec4 v000001ec34d13f70_0, 0;
    %ix/load 4, 8, 0;
    %flag_set/imm 4, 0;
    %load/vec4a v000001ec34d146f0, 4;
    %assign/vec4 v000001ec34d12ad0_0, 0;
    %ix/load 4, 5, 0;
    %flag_set/imm 4, 0;
    %load/vec4a v000001ec34d146f0, 4;
    %assign/vec4 v000001ec34d13d90_0, 0;
    %ix/load 4, 2, 0;
    %flag_set/imm 4, 0;
    %load/vec4a v000001ec34d146f0, 4;
    %assign/vec4 v000001ec34d13110_0, 0;
    %pushi/vec4 0, 0, 8;
    %assign/vec4 v000001ec34d131b0_0, 0;
    %jmp T_43.20;
T_43.15 ;
    %ix/load 4, 3, 0;
    %flag_set/imm 4, 0;
    %load/vec4a v000001ec34d14510, 4;
    %assign/vec4 v000001ec34d15050_0, 0;
    %ix/load 4, 6, 0;
    %flag_set/imm 4, 0;
    %load/vec4a v000001ec34d14510, 4;
    %assign/vec4 v000001ec34d14a10_0, 0;
    %ix/load 4, 9, 0;
    %flag_set/imm 4, 0;
    %load/vec4a v000001ec34d14510, 4;
    %assign/vec4 v000001ec34d14e70_0, 0;
    %ix/load 4, 12, 0;
    %flag_set/imm 4, 0;
    %load/vec4a v000001ec34d14510, 4;
    %assign/vec4 v000001ec34d13f70_0, 0;
    %ix/load 4, 12, 0;
    %flag_set/imm 4, 0;
    %load/vec4a v000001ec34d146f0, 4;
    %assign/vec4 v000001ec34d12ad0_0, 0;
    %ix/load 4, 9, 0;
    %flag_set/imm 4, 0;
    %load/vec4a v000001ec34d146f0, 4;
    %assign/vec4 v000001ec34d13d90_0, 0;
    %ix/load 4, 6, 0;
    %flag_set/imm 4, 0;
    %load/vec4a v000001ec34d146f0, 4;
    %assign/vec4 v000001ec34d13110_0, 0;
    %ix/load 4, 3, 0;
    %flag_set/imm 4, 0;
    %load/vec4a v000001ec34d146f0, 4;
    %assign/vec4 v000001ec34d131b0_0, 0;
    %jmp T_43.20;
T_43.16 ;
    %pushi/vec4 0, 0, 8;
    %assign/vec4 v000001ec34d15050_0, 0;
    %ix/load 4, 7, 0;
    %flag_set/imm 4, 0;
    %load/vec4a v000001ec34d14510, 4;
    %assign/vec4 v000001ec34d14a10_0, 0;
    %ix/load 4, 10, 0;
    %flag_set/imm 4, 0;
    %load/vec4a v000001ec34d14510, 4;
    %assign/vec4 v000001ec34d14e70_0, 0;
    %ix/load 4, 13, 0;
    %flag_set/imm 4, 0;
    %load/vec4a v000001ec34d14510, 4;
    %assign/vec4 v000001ec34d13f70_0, 0;
    %pushi/vec4 0, 0, 8;
    %assign/vec4 v000001ec34d12ad0_0, 0;
    %ix/load 4, 13, 0;
    %flag_set/imm 4, 0;
    %load/vec4a v000001ec34d146f0, 4;
    %assign/vec4 v000001ec34d13d90_0, 0;
    %ix/load 4, 10, 0;
    %flag_set/imm 4, 0;
    %load/vec4a v000001ec34d146f0, 4;
    %assign/vec4 v000001ec34d13110_0, 0;
    %ix/load 4, 7, 0;
    %flag_set/imm 4, 0;
    %load/vec4a v000001ec34d146f0, 4;
    %assign/vec4 v000001ec34d131b0_0, 0;
    %jmp T_43.20;
T_43.17 ;
    %pushi/vec4 0, 0, 8;
    %assign/vec4 v000001ec34d15050_0, 0;
    %pushi/vec4 0, 0, 8;
    %assign/vec4 v000001ec34d14a10_0, 0;
    %ix/load 4, 11, 0;
    %flag_set/imm 4, 0;
    %load/vec4a v000001ec34d14510, 4;
    %assign/vec4 v000001ec34d14e70_0, 0;
    %ix/load 4, 14, 0;
    %flag_set/imm 4, 0;
    %load/vec4a v000001ec34d14510, 4;
    %assign/vec4 v000001ec34d13f70_0, 0;
    %pushi/vec4 0, 0, 8;
    %assign/vec4 v000001ec34d12ad0_0, 0;
    %pushi/vec4 0, 0, 8;
    %assign/vec4 v000001ec34d13d90_0, 0;
    %ix/load 4, 14, 0;
    %flag_set/imm 4, 0;
    %load/vec4a v000001ec34d146f0, 4;
    %assign/vec4 v000001ec34d13110_0, 0;
    %ix/load 4, 11, 0;
    %flag_set/imm 4, 0;
    %load/vec4a v000001ec34d146f0, 4;
    %assign/vec4 v000001ec34d131b0_0, 0;
    %jmp T_43.20;
T_43.18 ;
    %pushi/vec4 0, 0, 8;
    %assign/vec4 v000001ec34d15050_0, 0;
    %pushi/vec4 0, 0, 8;
    %assign/vec4 v000001ec34d14a10_0, 0;
    %pushi/vec4 0, 0, 8;
    %assign/vec4 v000001ec34d14e70_0, 0;
    %ix/load 4, 15, 0;
    %flag_set/imm 4, 0;
    %load/vec4a v000001ec34d14510, 4;
    %assign/vec4 v000001ec34d13f70_0, 0;
    %pushi/vec4 0, 0, 8;
    %assign/vec4 v000001ec34d12ad0_0, 0;
    %pushi/vec4 0, 0, 8;
    %assign/vec4 v000001ec34d13d90_0, 0;
    %pushi/vec4 0, 0, 8;
    %assign/vec4 v000001ec34d13110_0, 0;
    %ix/load 4, 15, 0;
    %flag_set/imm 4, 0;
    %load/vec4a v000001ec34d146f0, 4;
    %assign/vec4 v000001ec34d131b0_0, 0;
    %jmp T_43.20;
T_43.20 ;
    %pop/vec4 1;
    %jmp T_43.8;
T_43.7 ;
    %pushi/vec4 1, 0, 1;
    %assign/vec4 v000001ec34d1ba10_0, 0;
    %pushi/vec4 0, 0, 8;
    %assign/vec4 v000001ec34d15050_0, 0;
    %pushi/vec4 0, 0, 8;
    %assign/vec4 v000001ec34d14a10_0, 0;
    %pushi/vec4 0, 0, 8;
    %assign/vec4 v000001ec34d14e70_0, 0;
    %pushi/vec4 0, 0, 8;
    %assign/vec4 v000001ec34d13f70_0, 0;
    %pushi/vec4 0, 0, 8;
    %assign/vec4 v000001ec34d12ad0_0, 0;
    %pushi/vec4 0, 0, 8;
    %assign/vec4 v000001ec34d13d90_0, 0;
    %pushi/vec4 0, 0, 8;
    %assign/vec4 v000001ec34d13110_0, 0;
    %pushi/vec4 0, 0, 8;
    %assign/vec4 v000001ec34d131b0_0, 0;
    %jmp T_43.8;
T_43.8 ;
    %pop/vec4 1;
T_43.1 ;
    %end;
    .scope S_000001ec34d03050;
t_10 %join;
    %jmp T_43;
    .thread T_43;
    .scope S_000001ec3493c680;
T_44 ;
    %wait E_000001ec34bcac60;
    %load/vec4 v000001ec34bf36f0_0;
    %pad/u 7;
    %ix/vec4 4;
    %load/vec4a v000001ec34b7e7f0, 4;
    %parti/s 1, 79, 8;
    %flag_set/vec4 8;
    %jmp/0xz  T_44.0, 8;
    %load/vec4 v000001ec34bf3a10_0;
    %load/vec4 v000001ec34bf36f0_0;
    %pad/u 7;
    %ix/vec4 4;
    %load/vec4a v000001ec34b7e7f0, 4;
    %parti/s 32, 15, 5;
    %sub;
    %store/vec4 v000001ec34bf2b10_0, 0, 32;
    %load/vec4 v000001ec34bf2b10_0;
    %parti/s 12, 0, 2;
    %store/vec4 v000001ec34bf3470_0, 0, 12;
    %load/vec4 v000001ec34bf3470_0;
    %load/vec4 v000001ec34bf36f0_0;
    %pad/u 7;
    %ix/vec4 4;
    %load/vec4a v000001ec34b7e7f0, 4;
    %parti/s 12, 3, 3;
    %cmp/e;
    %flag_get/vec4 4;
    %store/vec4 v000001ec34b7f650_0, 0, 1;
    %load/vec4 v000001ec34bf36f0_0;
    %pad/u 7;
    %ix/vec4 4;
    %load/vec4a v000001ec34b7e7f0, 4;
    %parti/s 1, 14, 5;
    %replicate 20;
    %load/vec4 v000001ec34bf36f0_0;
    %pad/u 7;
    %ix/vec4 4;
    %load/vec4a v000001ec34b7e7f0, 4;
    %parti/s 12, 3, 3;
    %concat/vec4; draw_concat_vec4
    %store/vec4 v000001ec34b7f330_0, 0, 32;
    %jmp T_44.1;
T_44.0 ;
    %pushi/vec4 0, 0, 32;
    %store/vec4 v000001ec34bf2b10_0, 0, 32;
    %pushi/vec4 0, 0, 12;
    %store/vec4 v000001ec34bf3470_0, 0, 12;
    %pushi/vec4 0, 0, 1;
    %store/vec4 v000001ec34b7f650_0, 0, 1;
    %pushi/vec4 0, 0, 32;
    %store/vec4 v000001ec34b7f330_0, 0, 32;
T_44.1 ;
    %load/vec4 v000001ec34bf3a10_0;
    %load/vec4 v000001ec34b7f330_0;
    %add;
    %store/vec4 v000001ec34bf3bf0_0, 0, 32;
    %jmp T_44;
    .thread T_44, $push;
    .scope S_000001ec3493c680;
T_45 ;
    %wait E_000001ec34bca8e0;
    %load/vec4 v000001ec34b7f150_0;
    %flag_set/vec4 8;
    %jmp/0xz  T_45.0, 8;
    %pushi/vec4 0, 0, 32;
    %store/vec4 v000001ec34bf2c50_0, 0, 32;
T_45.2 ;
    %load/vec4 v000001ec34bf2c50_0;
    %cmpi/s 32, 0, 32;
    %jmp/0xz T_45.3, 5;
    %pushi/vec4 0, 0, 80;
    %ix/getv/s 3, v000001ec34bf2c50_0;
    %ix/load 4, 0, 0; Constant delay
    %assign/vec4/a/d v000001ec34b7e7f0, 0, 4;
    %load/vec4 v000001ec34bf2c50_0;
    %addi 1, 0, 32;
    %store/vec4 v000001ec34bf2c50_0, 0, 32;
    %jmp T_45.2;
T_45.3 ;
    %pushi/vec4 0, 0, 1;
    %assign/vec4 v000001ec34bf3f10_0, 0;
    %pushi/vec4 0, 0, 32;
    %assign/vec4 v000001ec34bf3dd0_0, 0;
    %pushi/vec4 0, 0, 2;
    %assign/vec4 v000001ec34b7ea70_0, 0;
    %jmp T_45.1;
T_45.0 ;
    %load/vec4 v000001ec34b7fa10_0;
    %flag_set/vec4 8;
    %jmp/0xz  T_45.4, 8;
    %pushi/vec4 0, 0, 1;
    %assign/vec4 v000001ec34bf3f10_0, 0;
T_45.4 ;
    %load/vec4 v000001ec34bf3c90_0;
    %flag_set/vec4 9;
    %flag_get/vec4 9;
    %jmp/0 T_45.8, 9;
    %load/vec4 v000001ec34bf3790_0;
    %and;
T_45.8;
    %flag_set/vec4 8;
    %jmp/0xz  T_45.6, 8;
    %vpi_call/w 10 941 "$display", "\012******** NEW MEMORY ACCESS ********" {0 0 0};
    %vpi_call/w 10 942 "$display", "Time=%0t", $time {0 0 0};
    %load/vec4 v000001ec34bf36f0_0;
    %pad/u 7;
    %ix/vec4 4;
    %load/vec4a v000001ec34b7e7f0, 4;
    %parti/s 1, 79, 8;
    %cmpi/e 0, 0, 1;
    %jmp/0xz  T_45.9, 4;
    %pushi/vec4 1, 0, 1;
    %load/vec4 v000001ec34bf36f0_0;
    %pad/u 7;
    %ix/vec4 3;
    %ix/load 4, 79, 0; part off
    %ix/load 5, 0, 0; Constant delay
    %assign/vec4/a/d v000001ec34b7e7f0, 4, 5;
    %load/vec4 v000001ec34bf2cf0_0;
    %load/vec4 v000001ec34bf36f0_0;
    %pad/u 7;
    %ix/vec4 3;
    %ix/load 4, 47, 0; part off
    %ix/load 5, 0, 0; Constant delay
    %assign/vec4/a/d v000001ec34b7e7f0, 4, 5;
    %load/vec4 v000001ec34bf3a10_0;
    %load/vec4 v000001ec34bf36f0_0;
    %pad/u 7;
    %ix/vec4 3;
    %ix/load 4, 15, 0; part off
    %ix/load 5, 0, 0; Constant delay
    %assign/vec4/a/d v000001ec34b7e7f0, 4, 5;
    %pushi/vec4 0, 0, 12;
    %load/vec4 v000001ec34bf36f0_0;
    %pad/u 7;
    %ix/vec4 3;
    %ix/load 4, 3, 0; part off
    %ix/load 5, 0, 0; Constant delay
    %assign/vec4/a/d v000001ec34b7e7f0, 4, 5;
    %pushi/vec4 0, 0, 2;
    %load/vec4 v000001ec34bf36f0_0;
    %pad/u 7;
    %ix/vec4 3;
    %ix/load 4, 1, 0; part off
    %ix/load 5, 0, 0; Constant delay
    %assign/vec4/a/d v000001ec34b7e7f0, 4, 5;
    %jmp T_45.10;
T_45.9 ;
    %load/vec4 v000001ec34bf36f0_0;
    %pad/u 7;
    %ix/vec4 4;
    %load/vec4a v000001ec34b7e7f0, 4;
    %parti/s 32, 47, 7;
    %load/vec4 v000001ec34bf2cf0_0;
    %cmp/ne;
    %jmp/0xz  T_45.11, 4;
    %load/vec4 v000001ec34bf36f0_0;
    %pad/u 7;
    %ix/vec4 4;
    %load/vec4a v000001ec34b7e7f0, 4;
    %parti/s 2, 1, 2;
    %cmpi/e 0, 0, 2;
    %jmp/0xz  T_45.13, 4;
    %load/vec4 v000001ec34bf2cf0_0;
    %load/vec4 v000001ec34bf36f0_0;
    %pad/u 7;
    %ix/vec4 3;
    %ix/load 4, 47, 0; part off
    %ix/load 5, 0, 0; Constant delay
    %assign/vec4/a/d v000001ec34b7e7f0, 4, 5;
    %load/vec4 v000001ec34bf3a10_0;
    %load/vec4 v000001ec34bf36f0_0;
    %pad/u 7;
    %ix/vec4 3;
    %ix/load 4, 15, 0; part off
    %ix/load 5, 0, 0; Constant delay
    %assign/vec4/a/d v000001ec34b7e7f0, 4, 5;
    %pushi/vec4 0, 0, 12;
    %load/vec4 v000001ec34bf36f0_0;
    %pad/u 7;
    %ix/vec4 3;
    %ix/load 4, 3, 0; part off
    %ix/load 5, 0, 0; Constant delay
    %assign/vec4/a/d v000001ec34b7e7f0, 4, 5;
    %pushi/vec4 0, 0, 2;
    %load/vec4 v000001ec34bf36f0_0;
    %pad/u 7;
    %ix/vec4 3;
    %ix/load 4, 1, 0; part off
    %ix/load 5, 0, 0; Constant delay
    %assign/vec4/a/d v000001ec34b7e7f0, 4, 5;
    %jmp T_45.14;
T_45.13 ;
    %load/vec4 v000001ec34bf36f0_0;
    %pad/u 7;
    %ix/vec4 4;
    %load/vec4a v000001ec34b7e7f0, 4;
    %parti/s 2, 1, 2;
    %subi 1, 0, 2;
    %load/vec4 v000001ec34bf36f0_0;
    %pad/u 7;
    %ix/vec4 3;
    %ix/load 4, 1, 0; part off
    %ix/load 5, 0, 0; Constant delay
    %assign/vec4/a/d v000001ec34b7e7f0, 4, 5;
T_45.14 ;
    %jmp T_45.12;
T_45.11 ;
    %load/vec4 v000001ec34b7f650_0;
    %flag_set/vec4 8;
    %jmp/0xz  T_45.15, 8;
    %load/vec4 v000001ec34bf36f0_0;
    %pad/u 7;
    %ix/vec4 4;
    %load/vec4a v000001ec34b7e7f0, 4;
    %parti/s 2, 1, 2;
    %store/vec4 v000001ec34b7ea70_0, 0, 2;
    %load/vec4 v000001ec34b7ea70_0;
    %cmpi/ne 3, 0, 2;
    %jmp/0xz  T_45.17, 4;
    %load/vec4 v000001ec34b7ea70_0;
    %addi 1, 0, 2;
    %store/vec4 v000001ec34b7ea70_0, 0, 2;
T_45.17 ;
    %load/vec4 v000001ec34b7ea70_0;
    %load/vec4 v000001ec34bf36f0_0;
    %pad/u 7;
    %ix/vec4 3;
    %ix/load 4, 1, 0; part off
    %ix/load 5, 0, 0; Constant delay
    %assign/vec4/a/d v000001ec34b7e7f0, 4, 5;
    %load/vec4 v000001ec34b7ea70_0;
    %cmpi/u 2, 0, 2;
    %flag_inv 5; GE is !LT
    %flag_get/vec4 5;
    %jmp/0 T_45.22, 5;
    %load/vec4 v000001ec34bf3470_0;
    %pushi/vec4 0, 0, 12;
    %cmp/ne;
    %flag_get/vec4 4;
    %and;
T_45.22;
    %flag_set/vec4 9;
    %flag_get/vec4 9;
    %jmp/0 T_45.21, 9;
    %load/vec4 v000001ec34bf3f10_0;
    %nor/r;
    %and;
T_45.21;
    %flag_set/vec4 8;
    %jmp/0xz  T_45.19, 8;
    %pushi/vec4 1, 0, 1;
    %assign/vec4 v000001ec34bf3f10_0, 0;
    %load/vec4 v000001ec34bf3bf0_0;
    %assign/vec4 v000001ec34bf3dd0_0, 0;
T_45.19 ;
    %jmp T_45.16;
T_45.15 ;
    %load/vec4 v000001ec34bf36f0_0;
    %pad/u 7;
    %ix/vec4 4;
    %load/vec4a v000001ec34b7e7f0, 4;
    %parti/s 2, 1, 2;
    %cmpi/e 0, 0, 2;
    %jmp/0xz  T_45.23, 4;
    %load/vec4 v000001ec34bf3470_0;
    %load/vec4 v000001ec34bf36f0_0;
    %pad/u 7;
    %ix/vec4 3;
    %ix/load 4, 3, 0; part off
    %ix/load 5, 0, 0; Constant delay
    %assign/vec4/a/d v000001ec34b7e7f0, 4, 5;
    %jmp T_45.24;
T_45.23 ;
    %load/vec4 v000001ec34bf36f0_0;
    %pad/u 7;
    %ix/vec4 4;
    %load/vec4a v000001ec34b7e7f0, 4;
    %parti/s 2, 1, 2;
    %subi 1, 0, 2;
    %load/vec4 v000001ec34bf36f0_0;
    %pad/u 7;
    %ix/vec4 3;
    %ix/load 4, 1, 0; part off
    %ix/load 5, 0, 0; Constant delay
    %assign/vec4/a/d v000001ec34b7e7f0, 4, 5;
T_45.24 ;
T_45.16 ;
T_45.12 ;
T_45.10 ;
    %load/vec4 v000001ec34bf3a10_0;
    %load/vec4 v000001ec34bf36f0_0;
    %pad/u 7;
    %ix/vec4 3;
    %ix/load 4, 15, 0; part off
    %ix/load 5, 0, 0; Constant delay
    %assign/vec4/a/d v000001ec34b7e7f0, 4, 5;
    %vpi_call/w 10 995 "$display", "\012==============================" {0 0 0};
    %vpi_call/w 10 996 "$display", "Time              = %0t", $time {0 0 0};
    %vpi_call/w 10 998 "$display", "PC                = %h", v000001ec34bf2cf0_0 {0 0 0};
    %vpi_call/w 10 999 "$display", "Index             = %0d", v000001ec34bf36f0_0 {0 0 0};
    %vpi_call/w 10 1001 "$display", "Memory Address    = %0d (%h)", v000001ec34bf3a10_0, v000001ec34bf3a10_0 {0 0 0};
    %load/vec4 v000001ec34bf36f0_0;
    %pad/u 7;
    %ix/vec4 4;
    %load/vec4a v000001ec34b7e7f0, 4;
    %parti/s 32, 15, 5;
    %load/vec4 v000001ec34bf36f0_0;
    %pad/u 7;
    %ix/vec4 4;
    %load/vec4a v000001ec34b7e7f0, 4;
    %parti/s 32, 15, 5;
    %vpi_call/w 10 1003 "$display", "Stored Address    = %0d (%h)", S<1,vec4,u32>, S<0,vec4,u32> {2 0 0};
    %vpi_call/w 10 1007 "$display", "Addr Diff         = %0d (%h)", v000001ec34bf2b10_0, v000001ec34bf2b10_0 {0 0 0};
    %load/vec4 v000001ec34bf3470_0;
    %vpi_call/w 10 1011 "$display", "New Stride        = %0d", S<0,vec4,s12> {1 0 0};
    %load/vec4 v000001ec34bf36f0_0;
    %pad/u 7;
    %ix/vec4 4;
    %load/vec4a v000001ec34b7e7f0, 4;
    %parti/s 12, 3, 3;
    %vpi_call/w 10 1014 "$display", "Stored Stride     = %0d", S<0,vec4,s12> {1 0 0};
    %vpi_call/w 10 1017 "$display", "Stride Match      = %b", v000001ec34b7f650_0 {0 0 0};
    %load/vec4 v000001ec34bf36f0_0;
    %pad/u 7;
    %ix/vec4 4;
    %load/vec4a v000001ec34b7e7f0, 4;
    %parti/s 2, 1, 2;
    %vpi_call/w 10 1019 "$display", "Current Conf      = %0d", S<0,vec4,u2> {1 0 0};
    %vpi_call/w 10 1022 "$display", "Updated Conf      = %0d", v000001ec34b7ea70_0 {0 0 0};
    %vpi_call/w 10 1024 "$display", "Next Prediction   = %0d (%h)", v000001ec34bf3bf0_0, v000001ec34bf3bf0_0 {0 0 0};
    %vpi_call/w 10 1028 "$display", "Pending Valid     = %b", v000001ec34bf3f10_0 {0 0 0};
    %vpi_call/w 10 1029 "$display", "Pending Address   = %0d (%h)", v000001ec34bf3dd0_0, v000001ec34bf3dd0_0 {0 0 0};
    %vpi_call/w 10 1033 "$display", "==============================" {0 0 0};
T_45.6 ;
T_45.1 ;
    %jmp T_45;
    .thread T_45;
    .scope S_000001ec3490f960;
T_46 ;
    %wait E_000001ec34bca8e0;
    %load/vec4 v000001ec34bf26b0_0;
    %flag_set/vec4 8;
    %jmp/0xz  T_46.0, 8;
    %pushi/vec4 0, 0, 32;
    %store/vec4 v000001ec34bf3650_0, 0, 32;
T_46.2 ;
    %load/vec4 v000001ec34bf3650_0;
    %cmpi/s 256, 0, 32;
    %jmp/0xz T_46.3, 5;
    %pushi/vec4 0, 0, 56;
    %ix/getv/s 3, v000001ec34bf3650_0;
    %ix/load 4, 0, 0; Constant delay
    %assign/vec4/a/d v000001ec34bf2890, 0, 4;
    %pushi/vec4 0, 0, 56;
    %ix/getv/s 3, v000001ec34bf3650_0;
    %ix/load 4, 0, 0; Constant delay
    %assign/vec4/a/d v000001ec34bf2750, 0, 4;
    ; show_stmt_assign_vector: Get l-value for compressed += operand
    %load/vec4 v000001ec34bf3650_0;
    %pushi/vec4 1, 0, 32;
    %add;
    %store/vec4 v000001ec34bf3650_0, 0, 32;
    %jmp T_46.2;
T_46.3 ;
    %jmp T_46.1;
T_46.0 ;
    %load/vec4 v000001ec34bf2390_0;
    %flag_set/vec4 8;
    %jmp/0xz  T_46.4, 8;
    %load/vec4 v000001ec34bf2d90_0;
    %load/vec4 v000001ec34bf3e70_0;
    %pad/u 10;
    %ix/vec4 3;
    %ix/load 4, 0, 0; Constant delay
    %assign/vec4/a/d v000001ec34bf2890, 0, 4;
T_46.4 ;
    %load/vec4 v000001ec34bf3ab0_0;
    %flag_set/vec4 8;
    %jmp/0xz  T_46.6, 8;
    %load/vec4 v000001ec34bf3d30_0;
    %load/vec4 v000001ec34bf3e70_0;
    %pad/u 10;
    %ix/vec4 3;
    %ix/load 4, 0, 0; Constant delay
    %assign/vec4/a/d v000001ec34bf2750, 0, 4;
T_46.6 ;
T_46.1 ;
    %jmp T_46;
    .thread T_46;
    .scope S_000001ec3490f960;
T_47 ;
    %wait E_000001ec34bcb0a0;
    %load/vec4 v000001ec34bf2390_0;
    %flag_set/vec4 8;
    %jmp/0xz  T_47.0, 8;
    %vpi_call/w 8 53 "$display", "[CACHE WRITE] t=%0t WAY0 index=%h line=%h", $time, v000001ec34bf3e70_0, v000001ec34bf2d90_0 {0 0 0};
T_47.0 ;
    %load/vec4 v000001ec34bf3ab0_0;
    %flag_set/vec4 8;
    %jmp/0xz  T_47.2, 8;
    %vpi_call/w 8 62 "$display", "[CACHE WRITE] t=%0t WAY1 index=%h line=%h", $time, v000001ec34bf3e70_0, v000001ec34bf3d30_0 {0 0 0};
T_47.2 ;
    %jmp T_47;
    .thread T_47;
    .scope S_000001ec3490faf0;
T_48 ;
    %wait E_000001ec34bca8e0;
    %load/vec4 v000001ec34bf2250_0;
    %flag_set/vec4 8;
    %jmp/0xz  T_48.0, 8;
    %pushi/vec4 0, 0, 32;
    %store/vec4 v000001ec34bf2ed0_0, 0, 32;
T_48.2 ;
    %load/vec4 v000001ec34bf2ed0_0;
    %cmpi/s 256, 0, 32;
    %jmp/0xz T_48.3, 5;
    %pushi/vec4 0, 0, 1;
    %ix/getv/s 3, v000001ec34bf2ed0_0;
    %ix/load 4, 0, 0; Constant delay
    %assign/vec4/a/d v000001ec34bf2430, 0, 4;
    ; show_stmt_assign_vector: Get l-value for compressed += operand
    %load/vec4 v000001ec34bf2ed0_0;
    %pushi/vec4 1, 0, 32;
    %add;
    %store/vec4 v000001ec34bf2ed0_0, 0, 32;
    %jmp T_48.2;
T_48.3 ;
    %jmp T_48.1;
T_48.0 ;
    %load/vec4 v000001ec34bf3510_0;
    %flag_set/vec4 8;
    %jmp/0xz  T_48.4, 8;
    %load/vec4 v000001ec34bf2a70_0;
    %load/vec4 v000001ec34bf29d0_0;
    %pad/u 10;
    %ix/vec4 3;
    %ix/load 4, 0, 0; Constant delay
    %assign/vec4/a/d v000001ec34bf2430, 0, 4;
T_48.4 ;
T_48.1 ;
    %jmp T_48;
    .thread T_48;
    .scope S_000001ec349a0e50;
T_49 ;
    %wait E_000001ec34bca8e0;
    %load/vec4 v000001ec34c92740_0;
    %flag_set/vec4 8;
    %jmp/0xz  T_49.0, 8;
    %pushi/vec4 0, 0, 1;
    %assign/vec4 v000001ec34c93960_0, 0;
    %jmp T_49.1;
T_49.0 ;
    %load/vec4 v000001ec34b7ff10_0;
    %flag_set/vec4 9;
    %flag_get/vec4 9;
    %jmp/1 T_49.4, 9;
    %load/vec4 v000001ec34bbbe40_0;
    %or;
T_49.4;
    %nor/r;
    %flag_set/vec4 8;
    %jmp/0xz  T_49.2, 8;
    %pushi/vec4 0, 0, 1;
    %assign/vec4 v000001ec34c93960_0, 0;
    %jmp T_49.3;
T_49.2 ;
    %load/vec4 v000001ec34b7ff10_0;
    %flag_set/vec4 9;
    %jmp/1 T_49.8, 9;
    %load/vec4 v000001ec34bbbe40_0;
    %flag_set/vec4 10;
    %flag_or 9, 10;
T_49.8;
    %flag_get/vec4 9;
    %jmp/0 T_49.7, 9;
    %load/vec4 v000001ec34c93a00_0;
    %pushi/vec4 0, 0, 2;
    %cmp/e;
    %flag_get/vec4 4;
    %and;
T_49.7;
    %flag_set/vec4 8;
    %jmp/0xz  T_49.5, 8;
    %pushi/vec4 1, 0, 1;
    %assign/vec4 v000001ec34c93960_0, 0;
T_49.5 ;
T_49.3 ;
T_49.1 ;
    %jmp T_49;
    .thread T_49;
    .scope S_000001ec349a0e50;
T_50 ;
    %wait E_000001ec34bcb0a0;
    %load/vec4 v000001ec34c927e0_0;
    %flag_set/vec4 8;
    %jmp/0xz  T_50.0, 8;
    %vpi_call/w 7 1653 "$display", "[TRAIN EVENT] Time: %0t | Addr: %h", $time, v000001ec34cde370_0 {0 0 0};
T_50.0 ;
    %jmp T_50;
    .thread T_50;
    .scope S_000001ec349a0e50;
T_51 ;
    %wait E_000001ec34bca8e0;
    %load/vec4 v000001ec34c92740_0;
    %flag_set/vec4 8;
    %jmp/0xz  T_51.0, 8;
    %pushi/vec4 0, 0, 2;
    %assign/vec4 v000001ec34c93a00_0, 0;
    %jmp T_51.1;
T_51.0 ;
    %load/vec4 v000001ec34c92920_0;
    %assign/vec4 v000001ec34c93a00_0, 0;
T_51.1 ;
    %jmp T_51;
    .thread T_51;
    .scope S_000001ec349a0e50;
T_52 ;
    %wait E_000001ec34bca8e0;
    %load/vec4 v000001ec34c92740_0;
    %flag_set/vec4 8;
    %jmp/0xz  T_52.0, 8;
    %pushi/vec4 0, 0, 32;
    %assign/vec4 v000001ec34c93c80_0, 0;
    %pushi/vec4 0, 0, 32;
    %assign/vec4 v000001ec34c929c0_0, 0;
    %pushi/vec4 0, 0, 1;
    %assign/vec4 v000001ec34c92060_0, 0;
    %pushi/vec4 0, 0, 1;
    %assign/vec4 v000001ec34c92ce0_0, 0;
    %pushi/vec4 0, 0, 32;
    %assign/vec4 v000001ec34c93f00_0, 0;
    %pushi/vec4 0, 0, 1;
    %assign/vec4 v000001ec34c92d80_0, 0;
    %pushi/vec4 0, 0, 1;
    %assign/vec4 v000001ec34c92b00_0, 0;
    %jmp T_52.1;
T_52.0 ;
    %pushi/vec4 0, 0, 1;
    %assign/vec4 v000001ec34c92b00_0, 0;
    %load/vec4 v000001ec34c93a00_0;
    %cmpi/e 2, 0, 2;
    %flag_get/vec4 4;
    %jmp/0 T_52.5, 4;
    %load/vec4 v000001ec34c93640_0;
    %and;
T_52.5;
    %flag_set/vec4 9;
    %flag_get/vec4 9;
    %jmp/0 T_52.4, 9;
    %load/vec4 v000001ec34c92d80_0;
    %and;
T_52.4;
    %flag_set/vec4 8;
    %jmp/0xz  T_52.2, 8;
    %pushi/vec4 1, 0, 1;
    %assign/vec4 v000001ec34c92b00_0, 0;
T_52.2 ;
    %load/vec4 v000001ec34c93640_0;
    %flag_set/vec4 8;
    %jmp/0xz  T_52.6, 8;
    %load/vec4 v000001ec34c93820_0;
    %assign/vec4 v000001ec34c93f00_0, 0;
T_52.6 ;
    %load/vec4 v000001ec34c93a00_0;
    %cmpi/e 3, 0, 2;
    %jmp/0xz  T_52.8, 4;
    %pushi/vec4 0, 0, 1;
    %assign/vec4 v000001ec34c92060_0, 0;
    %pushi/vec4 0, 0, 1;
    %assign/vec4 v000001ec34c92ce0_0, 0;
    %pushi/vec4 0, 0, 1;
    %assign/vec4 v000001ec34c92d80_0, 0;
    %jmp T_52.9;
T_52.8 ;
    %load/vec4 v000001ec34c93a00_0;
    %cmpi/e 0, 0, 2;
    %jmp/0xz  T_52.10, 4;
    %load/vec4 v000001ec34c92f60_0;
    %flag_set/vec4 8;
    %jmp/0xz  T_52.12, 8;
    %load/vec4 v000001ec34cde370_0;
    %assign/vec4 v000001ec34c93c80_0, 0;
    %load/vec4 v000001ec34ce2730_0;
    %assign/vec4 v000001ec34c929c0_0, 0;
    %load/vec4 v000001ec34b7ff10_0;
    %assign/vec4 v000001ec34c92060_0, 0;
    %load/vec4 v000001ec34bbbe40_0;
    %assign/vec4 v000001ec34c92ce0_0, 0;
    %pushi/vec4 0, 0, 1;
    %assign/vec4 v000001ec34c92d80_0, 0;
    %jmp T_52.13;
T_52.12 ;
    %load/vec4 v000001ec34c936e0_0;
    %flag_set/vec4 8;
    %jmp/0xz  T_52.14, 8;
    %load/vec4 v000001ec34cde410_0;
    %assign/vec4 v000001ec34c93c80_0, 0;
    %pushi/vec4 0, 0, 32;
    %assign/vec4 v000001ec34c929c0_0, 0;
    %pushi/vec4 1, 0, 1;
    %assign/vec4 v000001ec34c92060_0, 0;
    %pushi/vec4 0, 0, 1;
    %assign/vec4 v000001ec34c92ce0_0, 0;
    %pushi/vec4 1, 0, 1;
    %assign/vec4 v000001ec34c92d80_0, 0;
T_52.14 ;
T_52.13 ;
T_52.10 ;
T_52.9 ;
T_52.1 ;
    %jmp T_52;
    .thread T_52;
    .scope S_000001ec349a0e50;
T_53 ;
    %wait E_000001ec34bcafa0;
    %load/vec4 v000001ec34c93a00_0;
    %store/vec4 v000001ec34c92920_0, 0, 2;
    %load/vec4 v000001ec34c93a00_0;
    %dup/vec4;
    %pushi/vec4 0, 0, 2;
    %cmp/u;
    %jmp/1 T_53.0, 6;
    %dup/vec4;
    %pushi/vec4 1, 0, 2;
    %cmp/u;
    %jmp/1 T_53.1, 6;
    %dup/vec4;
    %pushi/vec4 2, 0, 2;
    %cmp/u;
    %jmp/1 T_53.2, 6;
    %dup/vec4;
    %pushi/vec4 3, 0, 2;
    %cmp/u;
    %jmp/1 T_53.3, 6;
    %pushi/vec4 0, 0, 2;
    %store/vec4 v000001ec34c92920_0, 0, 2;
    %jmp T_53.5;
T_53.0 ;
    %load/vec4 v000001ec34c92f60_0;
    %flag_set/vec4 8;
    %jmp/0xz  T_53.6, 8;
    %load/vec4 v000001ec34c93140_0;
    %flag_set/vec4 8;
    %jmp/1 T_53.10, 8;
    %load/vec4 v000001ec34c92e20_0;
    %flag_set/vec4 9;
    %flag_or 8, 9;
T_53.10;
    %jmp/0xz  T_53.8, 8;
    %pushi/vec4 1, 0, 2;
    %store/vec4 v000001ec34c92920_0, 0, 2;
    %jmp T_53.9;
T_53.8 ;
    %pushi/vec4 2, 0, 2;
    %store/vec4 v000001ec34c92920_0, 0, 2;
T_53.9 ;
    %jmp T_53.7;
T_53.6 ;
    %load/vec4 v000001ec34c936e0_0;
    %flag_set/vec4 8;
    %jmp/0xz  T_53.11, 8;
    %pushi/vec4 2, 0, 2;
    %store/vec4 v000001ec34c92920_0, 0, 2;
T_53.11 ;
T_53.7 ;
    %jmp T_53.5;
T_53.1 ;
    %load/vec4 v000001ec34c93640_0;
    %flag_set/vec4 8;
    %jmp/0xz  T_53.13, 8;
    %pushi/vec4 2, 0, 2;
    %store/vec4 v000001ec34c92920_0, 0, 2;
T_53.13 ;
    %jmp T_53.5;
T_53.2 ;
    %load/vec4 v000001ec34c93640_0;
    %flag_set/vec4 8;
    %jmp/0xz  T_53.15, 8;
    %pushi/vec4 3, 0, 2;
    %store/vec4 v000001ec34c92920_0, 0, 2;
T_53.15 ;
    %jmp T_53.5;
T_53.3 ;
    %pushi/vec4 0, 0, 2;
    %store/vec4 v000001ec34c92920_0, 0, 2;
    %jmp T_53.5;
T_53.5 ;
    %pop/vec4 1;
    %jmp T_53;
    .thread T_53, $push;
    .scope S_000001ec349a0e50;
T_54 ;
    %wait E_000001ec34bca4a0;
    %load/vec4 v000001ec34c92d80_0;
    %flag_set/vec4 9;
    %flag_get/vec4 9;
    %jmp/0 T_54.2, 9;
    %load/vec4 v000001ec34c93a00_0;
    %pushi/vec4 0, 0, 2;
    %cmp/ne;
    %flag_get/vec4 4;
    %and;
T_54.2;
    %flag_set/vec4 8;
    %jmp/0xz  T_54.0, 8;
    %pushi/vec4 0, 0, 32;
    %store/vec4 v000001ec34c92240_0, 0, 32;
    %jmp T_54.1;
T_54.0 ;
    %load/vec4 v000001ec34c93460_0;
    %flag_set/vec4 8;
    %jmp/0xz  T_54.3, 8;
    %load/vec4 v000001ec34c93500_0;
    %store/vec4 v000001ec34c92240_0, 0, 32;
    %jmp T_54.4;
T_54.3 ;
    %load/vec4 v000001ec34c93000_0;
    %flag_set/vec4 8;
    %jmp/0xz  T_54.5, 8;
    %load/vec4 v000001ec34c93b40_0;
    %store/vec4 v000001ec34c92240_0, 0, 32;
    %jmp T_54.6;
T_54.5 ;
    %pushi/vec4 0, 0, 32;
    %store/vec4 v000001ec34c92240_0, 0, 32;
T_54.6 ;
T_54.4 ;
T_54.1 ;
    %jmp T_54;
    .thread T_54, $push;
    .scope S_000001ec349a0e50;
T_55 ;
    %wait E_000001ec34bcaba0;
    %pushi/vec4 0, 0, 1;
    %store/vec4 v000001ec34cde910_0, 0, 1;
    %pushi/vec4 0, 0, 1;
    %store/vec4 v000001ec34c935a0_0, 0, 1;
    %pushi/vec4 0, 0, 32;
    %store/vec4 v000001ec34cde9b0_0, 0, 32;
    %pushi/vec4 0, 0, 32;
    %store/vec4 v000001ec34cdeaf0_0, 0, 32;
    %pushi/vec4 0, 0, 4;
    %store/vec4 v000001ec34c92380_0, 0, 4;
    %load/vec4 v000001ec34c93a00_0;
    %dup/vec4;
    %pushi/vec4 1, 0, 2;
    %cmp/u;
    %jmp/1 T_55.0, 6;
    %dup/vec4;
    %pushi/vec4 2, 0, 2;
    %cmp/u;
    %jmp/1 T_55.1, 6;
    %jmp T_55.2;
T_55.0 ;
    %pushi/vec4 1, 0, 1;
    %store/vec4 v000001ec34c935a0_0, 0, 1;
    %pushi/vec4 15, 0, 4;
    %store/vec4 v000001ec34c92380_0, 0, 4;
    %load/vec4 v000001ec34c93140_0;
    %flag_set/vec4 8;
    %jmp/0xz  T_55.3, 8;
    %load/vec4 v000001ec34c921a0_0;
    %store/vec4 v000001ec34cde9b0_0, 0, 32;
    %load/vec4 v000001ec34c93500_0;
    %store/vec4 v000001ec34cdeaf0_0, 0, 32;
    %jmp T_55.4;
T_55.3 ;
    %load/vec4 v000001ec34c92560_0;
    %store/vec4 v000001ec34cde9b0_0, 0, 32;
    %load/vec4 v000001ec34c93b40_0;
    %store/vec4 v000001ec34cdeaf0_0, 0, 32;
T_55.4 ;
    %jmp T_55.2;
T_55.1 ;
    %pushi/vec4 1, 0, 1;
    %store/vec4 v000001ec34cde910_0, 0, 1;
    %load/vec4 v000001ec34c93c80_0;
    %store/vec4 v000001ec34cde9b0_0, 0, 32;
    %jmp T_55.2;
T_55.2 ;
    %pop/vec4 1;
    %jmp T_55;
    .thread T_55, $push;
    .scope S_000001ec349a0e50;
T_56 ;
    %wait E_000001ec34bcb0a0;
    %load/vec4 v000001ec34c931e0_0;
    %flag_set/vec4 9;
    %flag_get/vec4 9;
    %jmp/0 T_56.2, 9;
    %load/vec4 v000001ec34c93a00_0;
    %pushi/vec4 0, 0, 2;
    %cmp/e;
    %flag_get/vec4 4;
    %and;
T_56.2;
    %flag_set/vec4 8;
    %jmp/0xz  T_56.0, 8;
    %vpi_call/w 7 1953 "$display", "[HITCHECK] t=%0t addr=%h index=%0d compare_tag=%h | valid0=%b tag0=%h | valid1=%b tag1=%h | cache_hit=%b (miss=%b)", $time, v000001ec34cde370_0, v000001ec34c93320_0, v000001ec34c93aa0_0, v000001ec34c92ba0_0, v000001ec34c922e0_0, v000001ec34c92c40_0, v000001ec34c926a0_0, v000001ec34cde870_0, v000001ec34c92f60_0 {0 0 0};
T_56.0 ;
    %jmp T_56;
    .thread T_56;
    .scope S_000001ec349a0e50;
T_57 ;
    %wait E_000001ec34bcb0a0;
    %load/vec4 v000001ec34c936e0_0;
    %flag_set/vec4 8;
    %jmp/0xz  T_57.0, 8;
    %vpi_call/w 7 1964 "$display", "[PREFETCH REQUEST] %h", v000001ec34c930a0_0 {0 0 0};
T_57.0 ;
    %load/vec4 v000001ec34c92b00_0;
    %flag_set/vec4 8;
    %jmp/0xz  T_57.2, 8;
    %vpi_call/w 7 1967 "$display", "[PREFETCH ACCEPTED]" {0 0 0};
T_57.2 ;
    %jmp T_57;
    .thread T_57;
    .scope S_000001ec3493c810;
T_58 ;
    %wait E_000001ec34bca8e0;
    %load/vec4 v000001ec34ce1510_0;
    %flag_set/vec4 8;
    %jmp/0xz  T_58.0, 8;
    %pushi/vec4 0, 0, 3;
    %assign/vec4 v000001ec34ce0390_0, 0;
    %jmp T_58.1;
T_58.0 ;
    %load/vec4 v000001ec34ce0c50_0;
    %assign/vec4 v000001ec34ce0390_0, 0;
T_58.1 ;
    %jmp T_58;
    .thread T_58;
    .scope S_000001ec3493c810;
T_59 ;
    %wait E_000001ec34bca8e0;
    %load/vec4 v000001ec34ce1510_0;
    %flag_set/vec4 8;
    %jmp/0xz  T_59.0, 8;
    %pushi/vec4 0, 0, 32;
    %assign/vec4 v000001ec34ce1f10_0, 0;
    %pushi/vec4 0, 0, 32;
    %assign/vec4 v000001ec34ce2550_0, 0;
    %pushi/vec4 0, 0, 4;
    %assign/vec4 v000001ec34ce1fb0_0, 0;
    %jmp T_59.1;
T_59.0 ;
    %load/vec4 v000001ec34ce0390_0;
    %cmpi/e 0, 0, 3;
    %jmp/0xz  T_59.2, 4;
    %load/vec4 v000001ec34ce0110_0;
    %flag_set/vec4 8;
    %jmp/0xz  T_59.4, 8;
    %load/vec4 v000001ec34ce22d0_0;
    %assign/vec4 v000001ec34ce1f10_0, 0;
    %jmp T_59.5;
T_59.4 ;
    %load/vec4 v000001ec34ce1330_0;
    %flag_set/vec4 8;
    %jmp/0xz  T_59.6, 8;
    %load/vec4 v000001ec34ce22d0_0;
    %assign/vec4 v000001ec34ce1f10_0, 0;
    %load/vec4 v000001ec34ce1d30_0;
    %assign/vec4 v000001ec34ce2550_0, 0;
    %load/vec4 v000001ec34ce0250_0;
    %assign/vec4 v000001ec34ce1fb0_0, 0;
T_59.6 ;
T_59.5 ;
T_59.2 ;
T_59.1 ;
    %jmp T_59;
    .thread T_59;
    .scope S_000001ec3493c810;
T_60 ;
    %wait E_000001ec34bcb0e0;
    %load/vec4 v000001ec34ce0390_0;
    %store/vec4 v000001ec34ce0c50_0, 0, 3;
    %load/vec4 v000001ec34ce0390_0;
    %pushi/vec4 0, 0, 3;
    %cmp/ne;
    %flag_get/vec4 4;
    %store/vec4 v000001ec34ce2370_0, 0, 1;
    %pushi/vec4 0, 0, 1;
    %store/vec4 v000001ec34ce2190_0, 0, 1;
    %pushi/vec4 0, 0, 1;
    %store/vec4 v000001ec34ce1650_0, 0, 1;
    %pushi/vec4 0, 0, 32;
    %store/vec4 v000001ec34ce1790_0, 0, 32;
    %pushi/vec4 0, 0, 32;
    %store/vec4 v000001ec34ce02f0_0, 0, 32;
    %pushi/vec4 0, 0, 1;
    %store/vec4 v000001ec34ce0b10_0, 0, 1;
    %pushi/vec4 0, 0, 1;
    %store/vec4 v000001ec34ce13d0_0, 0, 1;
    %pushi/vec4 0, 0, 32;
    %store/vec4 v000001ec34ce25f0_0, 0, 32;
    %pushi/vec4 0, 0, 1;
    %store/vec4 v000001ec34ce2410_0, 0, 1;
    %pushi/vec4 0, 0, 32;
    %store/vec4 v000001ec34ce0890_0, 0, 32;
    %pushi/vec4 0, 0, 4;
    %store/vec4 v000001ec34ce1e70_0, 0, 4;
    %pushi/vec4 0, 0, 1;
    %store/vec4 v000001ec34ce24b0_0, 0, 1;
    %pushi/vec4 0, 0, 1;
    %store/vec4 v000001ec34ce1dd0_0, 0, 1;
    %load/vec4 v000001ec34ce0390_0;
    %dup/vec4;
    %pushi/vec4 0, 0, 3;
    %cmp/u;
    %jmp/1 T_60.0, 6;
    %dup/vec4;
    %pushi/vec4 1, 0, 3;
    %cmp/u;
    %jmp/1 T_60.1, 6;
    %dup/vec4;
    %pushi/vec4 2, 0, 3;
    %cmp/u;
    %jmp/1 T_60.2, 6;
    %dup/vec4;
    %pushi/vec4 3, 0, 3;
    %cmp/u;
    %jmp/1 T_60.3, 6;
    %dup/vec4;
    %pushi/vec4 4, 0, 3;
    %cmp/u;
    %jmp/1 T_60.4, 6;
    %pushi/vec4 0, 0, 3;
    %store/vec4 v000001ec34ce0c50_0, 0, 3;
    %jmp T_60.6;
T_60.0 ;
    %load/vec4 v000001ec34ce0110_0;
    %flag_set/vec4 8;
    %jmp/0xz  T_60.7, 8;
    %pushi/vec4 1, 0, 3;
    %store/vec4 v000001ec34ce0c50_0, 0, 3;
    %jmp T_60.8;
T_60.7 ;
    %load/vec4 v000001ec34ce1330_0;
    %flag_set/vec4 8;
    %jmp/0xz  T_60.9, 8;
    %pushi/vec4 3, 0, 3;
    %store/vec4 v000001ec34ce0c50_0, 0, 3;
T_60.9 ;
T_60.8 ;
    %jmp T_60.6;
T_60.1 ;
    %load/vec4 v000001ec34ce1f10_0;
    %store/vec4 v000001ec34ce02f0_0, 0, 32;
    %pushi/vec4 1, 0, 1;
    %store/vec4 v000001ec34ce0b10_0, 0, 1;
    %load/vec4 v000001ec34ce06b0_0;
    %flag_set/vec4 8;
    %jmp/0xz  T_60.11, 8;
    %pushi/vec4 2, 0, 3;
    %store/vec4 v000001ec34ce0c50_0, 0, 3;
T_60.11 ;
    %jmp T_60.6;
T_60.2 ;
    %pushi/vec4 1, 0, 1;
    %store/vec4 v000001ec34ce13d0_0, 0, 1;
    %load/vec4 v000001ec34ce1470_0;
    %flag_set/vec4 8;
    %jmp/0xz  T_60.13, 8;
    %load/vec4 v000001ec34ce1010_0;
    %cmpi/e 0, 0, 2;
    %jmp/0xz  T_60.15, 4;
    %pushi/vec4 1, 0, 1;
    %store/vec4 v000001ec34ce2190_0, 0, 1;
    %load/vec4 v000001ec34ce0f70_0;
    %store/vec4 v000001ec34ce1790_0, 0, 32;
T_60.15 ;
    %pushi/vec4 0, 0, 3;
    %store/vec4 v000001ec34ce0c50_0, 0, 3;
T_60.13 ;
    %jmp T_60.6;
T_60.3 ;
    %load/vec4 v000001ec34ce1f10_0;
    %store/vec4 v000001ec34ce25f0_0, 0, 32;
    %pushi/vec4 1, 0, 1;
    %store/vec4 v000001ec34ce2410_0, 0, 1;
    %load/vec4 v000001ec34ce2550_0;
    %store/vec4 v000001ec34ce0890_0, 0, 32;
    %load/vec4 v000001ec34ce1fb0_0;
    %store/vec4 v000001ec34ce1e70_0, 0, 4;
    %pushi/vec4 1, 0, 1;
    %store/vec4 v000001ec34ce24b0_0, 0, 1;
    %load/vec4 v000001ec34ce0610_0;
    %flag_set/vec4 9;
    %flag_get/vec4 9;
    %jmp/0 T_60.19, 9;
    %load/vec4 v000001ec34ce1b50_0;
    %and;
T_60.19;
    %flag_set/vec4 8;
    %jmp/0xz  T_60.17, 8;
    %pushi/vec4 4, 0, 3;
    %store/vec4 v000001ec34ce0c50_0, 0, 3;
T_60.17 ;
    %jmp T_60.6;
T_60.4 ;
    %pushi/vec4 1, 0, 1;
    %store/vec4 v000001ec34ce1dd0_0, 0, 1;
    %load/vec4 v000001ec34ce0750_0;
    %flag_set/vec4 8;
    %jmp/0xz  T_60.20, 8;
    %load/vec4 v000001ec34ce0bb0_0;
    %cmpi/e 0, 0, 2;
    %jmp/0xz  T_60.22, 4;
    %pushi/vec4 1, 0, 1;
    %store/vec4 v000001ec34ce1650_0, 0, 1;
T_60.22 ;
    %pushi/vec4 0, 0, 3;
    %store/vec4 v000001ec34ce0c50_0, 0, 3;
T_60.20 ;
    %jmp T_60.6;
T_60.6 ;
    %pop/vec4 1;
    %jmp T_60;
    .thread T_60, $push;
    .scope S_000001ec34908fd0;
T_61 ;
    %wait E_000001ec34bca8e0;
    %load/vec4 v000001ec34c471e0_0;
    %flag_set/vec4 8;
    %jmp/0xz  T_61.0, 8;
    %pushi/vec4 0, 0, 32;
    %assign/vec4 v000001ec34c47320_0, 0;
    %pushi/vec4 0, 0, 1;
    %assign/vec4 v000001ec34c45c00_0, 0;
    %pushi/vec4 0, 0, 1;
    %assign/vec4 v000001ec34c45fc0_0, 0;
    %pushi/vec4 0, 0, 32;
    %assign/vec4 v000001ec34c46f60_0, 0;
    %pushi/vec4 0, 0, 2;
    %assign/vec4 v000001ec34c466a0_0, 0;
    %pushi/vec4 0, 0, 1;
    %assign/vec4 v000001ec34c467e0_0, 0;
    %pushi/vec4 0, 0, 1;
    %assign/vec4 v000001ec34c470a0_0, 0;
    %pushi/vec4 0, 0, 32;
    %assign/vec4 v000001ec34c45ca0_0, 0;
    %pushi/vec4 0, 0, 1;
    %assign/vec4 v000001ec34c46740_0, 0;
    %pushi/vec4 0, 0, 1;
    %assign/vec4 v000001ec34c45b60_0, 0;
    %pushi/vec4 0, 0, 32;
    %assign/vec4 v000001ec34c46920_0, 0;
    %pushi/vec4 0, 0, 4;
    %assign/vec4 v000001ec34c46ec0_0, 0;
    %pushi/vec4 0, 0, 1;
    %assign/vec4 v000001ec34c46b00_0, 0;
    %pushi/vec4 0, 0, 1;
    %assign/vec4 v000001ec34c46060_0, 0;
    %pushi/vec4 0, 0, 2;
    %assign/vec4 v000001ec34c45980_0, 0;
    %pushi/vec4 0, 0, 1;
    %assign/vec4 v000001ec34c461a0_0, 0;
    %pushi/vec4 0, 0, 1;
    %assign/vec4 v000001ec34c46ce0_0, 0;
    %jmp T_61.1;
T_61.0 ;
    %load/vec4 v000001ec34c47140_0;
    %assign/vec4 v000001ec34c47320_0, 0;
    %load/vec4 v000001ec34c46a60_0;
    %assign/vec4 v000001ec34c45c00_0, 0;
    %load/vec4 v000001ec34c47000_0;
    %assign/vec4 v000001ec34c45fc0_0, 0;
    %load/vec4 v000001ec34c464c0_0;
    %assign/vec4 v000001ec34c46f60_0, 0;
    %load/vec4 v000001ec34c46d80_0;
    %assign/vec4 v000001ec34c466a0_0, 0;
    %load/vec4 v000001ec34c46560_0;
    %assign/vec4 v000001ec34c467e0_0, 0;
    %load/vec4 v000001ec34c45660_0;
    %assign/vec4 v000001ec34c470a0_0, 0;
    %load/vec4 v000001ec34c46600_0;
    %assign/vec4 v000001ec34c45ca0_0, 0;
    %load/vec4 v000001ec34c473c0_0;
    %assign/vec4 v000001ec34c46740_0, 0;
    %load/vec4 v000001ec34c45d40_0;
    %assign/vec4 v000001ec34c45b60_0, 0;
    %load/vec4 v000001ec34c457a0_0;
    %assign/vec4 v000001ec34c46920_0, 0;
    %load/vec4 v000001ec34c46420_0;
    %assign/vec4 v000001ec34c46ec0_0, 0;
    %load/vec4 v000001ec34c46100_0;
    %assign/vec4 v000001ec34c46b00_0, 0;
    %load/vec4 v000001ec34c469c0_0;
    %assign/vec4 v000001ec34c46060_0, 0;
    %load/vec4 v000001ec34c46c40_0;
    %assign/vec4 v000001ec34c45980_0, 0;
    %load/vec4 v000001ec34c46e20_0;
    %assign/vec4 v000001ec34c461a0_0, 0;
    %load/vec4 v000001ec34c46380_0;
    %assign/vec4 v000001ec34c46ce0_0, 0;
T_61.1 ;
    %jmp T_61;
    .thread T_61;
    .scope S_000001ec349ae800;
T_62 ;
    %pushi/vec4 0, 0, 32;
    %store/vec4 v000001ec34ce2690_0, 0, 32;
T_62.0 ;
    %load/vec4 v000001ec34ce2690_0;
    %cmpi/s 1024, 0, 32;
    %jmp/0xz T_62.1, 5;
    %pushi/vec4 0, 0, 32;
    %ix/getv/s 4, v000001ec34ce2690_0;
    %store/vec4a v000001ec34ce2050, 4, 0;
    %load/vec4 v000001ec34ce2690_0;
    %addi 1, 0, 32;
    %store/vec4 v000001ec34ce2690_0, 0, 32;
    %jmp T_62.0;
T_62.1 ;
    %pushi/vec4 101, 0, 32;
    %ix/load 4, 25, 0;
    %flag_set/imm 4, 0;
    %store/vec4a v000001ec34ce2050, 4, 0;
    %pushi/vec4 102, 0, 32;
    %ix/load 4, 26, 0;
    %flag_set/imm 4, 0;
    %store/vec4a v000001ec34ce2050, 4, 0;
    %pushi/vec4 103, 0, 32;
    %ix/load 4, 27, 0;
    %flag_set/imm 4, 0;
    %store/vec4a v000001ec34ce2050, 4, 0;
    %pushi/vec4 104, 0, 32;
    %ix/load 4, 28, 0;
    %flag_set/imm 4, 0;
    %store/vec4a v000001ec34ce2050, 4, 0;
    %pushi/vec4 105, 0, 32;
    %ix/load 4, 29, 0;
    %flag_set/imm 4, 0;
    %store/vec4a v000001ec34ce2050, 4, 0;
    %pushi/vec4 106, 0, 32;
    %ix/load 4, 30, 0;
    %flag_set/imm 4, 0;
    %store/vec4a v000001ec34ce2050, 4, 0;
    %pushi/vec4 107, 0, 32;
    %ix/load 4, 31, 0;
    %flag_set/imm 4, 0;
    %store/vec4a v000001ec34ce2050, 4, 0;
    %end;
    .thread T_62;
    .scope S_000001ec349ae800;
T_63 ;
    %wait E_000001ec34bca620;
    %load/vec4 v000001ec34ce0cf0_0;
    %flag_set/vec4 8;
    %jmp/0xz  T_63.0, 8;
    %load/vec4 v000001ec34ce0ed0_0;
    %parti/s 10, 2, 3;
    %pad/u 12;
    %ix/vec4 4;
    %load/vec4a v000001ec34ce2050, 4;
    %store/vec4 v000001ec34ce0e30_0, 0, 32;
    %jmp T_63.1;
T_63.0 ;
    %pushi/vec4 0, 0, 32;
    %store/vec4 v000001ec34ce0e30_0, 0, 32;
T_63.1 ;
    %jmp T_63;
    .thread T_63, $push;
    .scope S_000001ec349ae800;
T_64 ;
    %wait E_000001ec34bcb0a0;
    %load/vec4 v000001ec34ce1150_0;
    %flag_set/vec4 8;
    %jmp/0xz  T_64.0, 8;
    %load/vec4 v000001ec34ce20f0_0;
    %load/vec4 v000001ec34ce0ed0_0;
    %parti/s 10, 2, 3;
    %pad/u 12;
    %ix/vec4 3;
    %ix/load 4, 0, 0; Constant delay
    %assign/vec4/a/d v000001ec34ce2050, 0, 4;
T_64.0 ;
    %jmp T_64;
    .thread T_64;
    .scope S_000001ec349ae670;
T_65 ;
    %wait E_000001ec34bca8e0;
    %load/vec4 v000001ec34ce3810_0;
    %flag_set/vec4 8;
    %jmp/0xz  T_65.0, 8;
    %pushi/vec4 0, 0, 3;
    %assign/vec4 v000001ec34ce3f90_0, 0;
    %pushi/vec4 0, 0, 32;
    %assign/vec4 v000001ec34ce38b0_0, 0;
    %pushi/vec4 0, 0, 32;
    %assign/vec4 v000001ec34ce36d0_0, 0;
    %pushi/vec4 0, 0, 4;
    %assign/vec4 v000001ec34ce2910_0, 0;
    %pushi/vec4 0, 0, 32;
    %assign/vec4 v000001ec34ce2ff0_0, 0;
    %jmp T_65.1;
T_65.0 ;
    %load/vec4 v000001ec34ce2d70_0;
    %assign/vec4 v000001ec34ce3f90_0, 0;
    %load/vec4 v000001ec34ce3f90_0;
    %cmpi/e 0, 0, 3;
    %jmp/0xz  T_65.2, 4;
    %load/vec4 v000001ec34ce10b0_0;
    %flag_set/vec4 8;
    %jmp/0xz  T_65.4, 8;
    %load/vec4 v000001ec34ce0a70_0;
    %assign/vec4 v000001ec34ce38b0_0, 0;
    %jmp T_65.5;
T_65.4 ;
    %load/vec4 v000001ec34ce3310_0;
    %flag_set/vec4 9;
    %flag_get/vec4 9;
    %jmp/0 T_65.8, 9;
    %load/vec4 v000001ec34ce33b0_0;
    %and;
T_65.8;
    %flag_set/vec4 8;
    %jmp/0xz  T_65.6, 8;
    %load/vec4 v000001ec34ce3d10_0;
    %assign/vec4 v000001ec34ce38b0_0, 0;
    %load/vec4 v000001ec34ce2eb0_0;
    %assign/vec4 v000001ec34ce36d0_0, 0;
    %load/vec4 v000001ec34ce3590_0;
    %assign/vec4 v000001ec34ce2910_0, 0;
T_65.6 ;
T_65.5 ;
T_65.2 ;
    %load/vec4 v000001ec34ce3f90_0;
    %cmpi/e 1, 0, 3;
    %flag_get/vec4 4;
    %jmp/0 T_65.11, 4;
    %load/vec4 v000001ec34ce2d70_0;
    %pushi/vec4 2, 0, 3;
    %cmp/e;
    %flag_get/vec4 4;
    %and;
T_65.11;
    %flag_set/vec4 8;
    %jmp/0xz  T_65.9, 8;
    %load/vec4 v000001ec34ce2c30_0;
    %assign/vec4 v000001ec34ce2ff0_0, 0;
T_65.9 ;
T_65.1 ;
    %jmp T_65;
    .thread T_65;
    .scope S_000001ec349ae670;
T_66 ;
    %wait E_000001ec34bca5a0;
    %load/vec4 v000001ec34ce3f90_0;
    %store/vec4 v000001ec34ce2d70_0, 0, 3;
    %pushi/vec4 0, 0, 1;
    %store/vec4 v000001ec34ce1830_0, 0, 1;
    %pushi/vec4 0, 0, 1;
    %store/vec4 v000001ec34ce3270_0, 0, 1;
    %pushi/vec4 0, 0, 32;
    %store/vec4 v000001ec34ce18d0_0, 0, 32;
    %pushi/vec4 0, 0, 2;
    %store/vec4 v000001ec34ce3770_0, 0, 2;
    %pushi/vec4 0, 0, 1;
    %store/vec4 v000001ec34ce3450_0, 0, 1;
    %pushi/vec4 0, 0, 1;
    %store/vec4 v000001ec34ce3e50_0, 0, 1;
    %pushi/vec4 0, 0, 1;
    %store/vec4 v000001ec34ce3090_0, 0, 1;
    %pushi/vec4 0, 0, 2;
    %store/vec4 v000001ec34ce2f50_0, 0, 2;
    %pushi/vec4 0, 0, 1;
    %store/vec4 v000001ec34ce2230_0, 0, 1;
    %pushi/vec4 0, 0, 1;
    %store/vec4 v000001ec34ce0430_0, 0, 1;
    %load/vec4 v000001ec34ce38b0_0;
    %store/vec4 v000001ec34ce11f0_0, 0, 32;
    %load/vec4 v000001ec34ce36d0_0;
    %store/vec4 v000001ec34ce3a90_0, 0, 32;
    %load/vec4 v000001ec34ce3f90_0;
    %dup/vec4;
    %pushi/vec4 0, 0, 3;
    %cmp/u;
    %jmp/1 T_66.0, 6;
    %dup/vec4;
    %pushi/vec4 1, 0, 3;
    %cmp/u;
    %jmp/1 T_66.1, 6;
    %dup/vec4;
    %pushi/vec4 2, 0, 3;
    %cmp/u;
    %jmp/1 T_66.2, 6;
    %dup/vec4;
    %pushi/vec4 3, 0, 3;
    %cmp/u;
    %jmp/1 T_66.3, 6;
    %dup/vec4;
    %pushi/vec4 4, 0, 3;
    %cmp/u;
    %jmp/1 T_66.4, 6;
    %pushi/vec4 0, 0, 3;
    %store/vec4 v000001ec34ce2d70_0, 0, 3;
    %jmp T_66.6;
T_66.0 ;
    %load/vec4 v000001ec34ce10b0_0;
    %flag_set/vec4 8;
    %jmp/0xz  T_66.7, 8;
    %pushi/vec4 1, 0, 1;
    %store/vec4 v000001ec34ce1830_0, 0, 1;
    %pushi/vec4 1, 0, 3;
    %store/vec4 v000001ec34ce2d70_0, 0, 3;
    %jmp T_66.8;
T_66.7 ;
    %load/vec4 v000001ec34ce3310_0;
    %flag_set/vec4 9;
    %flag_get/vec4 9;
    %jmp/0 T_66.11, 9;
    %load/vec4 v000001ec34ce33b0_0;
    %and;
T_66.11;
    %flag_set/vec4 8;
    %jmp/0xz  T_66.9, 8;
    %pushi/vec4 1, 0, 1;
    %store/vec4 v000001ec34ce3450_0, 0, 1;
    %pushi/vec4 1, 0, 1;
    %store/vec4 v000001ec34ce3e50_0, 0, 1;
    %pushi/vec4 3, 0, 3;
    %store/vec4 v000001ec34ce2d70_0, 0, 3;
T_66.9 ;
T_66.8 ;
    %jmp T_66.6;
T_66.1 ;
    %pushi/vec4 1, 0, 1;
    %store/vec4 v000001ec34ce2230_0, 0, 1;
    %pushi/vec4 2, 0, 3;
    %store/vec4 v000001ec34ce2d70_0, 0, 3;
    %jmp T_66.6;
T_66.2 ;
    %load/vec4 v000001ec34ce2ff0_0;
    %store/vec4 v000001ec34ce18d0_0, 0, 32;
    %pushi/vec4 1, 0, 1;
    %store/vec4 v000001ec34ce3270_0, 0, 1;
    %pushi/vec4 0, 0, 2;
    %store/vec4 v000001ec34ce3770_0, 0, 2;
    %load/vec4 v000001ec34ce2b90_0;
    %flag_set/vec4 9;
    %flag_get/vec4 9;
    %jmp/0 T_66.14, 9;
    %load/vec4 v000001ec34ce3270_0;
    %and;
T_66.14;
    %flag_set/vec4 8;
    %jmp/0xz  T_66.12, 8;
    %pushi/vec4 0, 0, 3;
    %store/vec4 v000001ec34ce2d70_0, 0, 3;
T_66.12 ;
    %jmp T_66.6;
T_66.3 ;
    %pushi/vec4 1, 0, 1;
    %store/vec4 v000001ec34ce0430_0, 0, 1;
    %pushi/vec4 4, 0, 3;
    %store/vec4 v000001ec34ce2d70_0, 0, 3;
    %jmp T_66.6;
T_66.4 ;
    %pushi/vec4 1, 0, 1;
    %store/vec4 v000001ec34ce3090_0, 0, 1;
    %pushi/vec4 0, 0, 2;
    %store/vec4 v000001ec34ce2f50_0, 0, 2;
    %load/vec4 v000001ec34ce2cd0_0;
    %flag_set/vec4 9;
    %flag_get/vec4 9;
    %jmp/0 T_66.17, 9;
    %load/vec4 v000001ec34ce3090_0;
    %and;
T_66.17;
    %flag_set/vec4 8;
    %jmp/0xz  T_66.15, 8;
    %pushi/vec4 0, 0, 3;
    %store/vec4 v000001ec34ce2d70_0, 0, 3;
T_66.15 ;
    %jmp T_66.6;
T_66.6 ;
    %pop/vec4 1;
    %jmp T_66;
    .thread T_66, $push;
    .scope S_000001ec34a2ac00;
T_67 ;
    %delay 5000, 0;
    %load/vec4 v000001ec34d1bbf0_0;
    %inv;
    %store/vec4 v000001ec34d1bbf0_0, 0, 1;
    %jmp T_67;
    .thread T_67;
    .scope S_000001ec34a2ac00;
T_68 ;
    %pushi/vec4 0, 0, 1;
    %store/vec4 v000001ec34d1bbf0_0, 0, 1;
    %pushi/vec4 1, 0, 1;
    %store/vec4 v000001ec34d1c370_0, 0, 1;
    %pushi/vec4 0, 0, 32;
    %store/vec4 v000001ec34d1ae30_0, 0, 32;
    %delay 20000, 0;
    %pushi/vec4 0, 0, 1;
    %store/vec4 v000001ec34d1c370_0, 0, 1;
    %end;
    .thread T_68;
    .scope S_000001ec34a2ac00;
T_69 ;
    %delay 2000000, 0;
    %vpi_call/w 3 39 "$display", "\012=================================" {0 0 0};
    %vpi_call/w 3 40 "$display", "TIMEOUT" {0 0 0};
    %vpi_call/w 3 41 "$display", "=================================" {0 0 0};
    %vpi_call/w 3 43 "$finish" {0 0 0};
    %end;
    .thread T_69;
    .scope S_000001ec34a2ac00;
T_70 ;
    %vpi_call/w 3 51 "$dumpfile", "processor_system.vcd" {0 0 0};
    %vpi_call/w 3 52 "$dumpvars", 32'sb00000000000000000000000000000000, S_000001ec34a2ac00 {0 0 0};
    %end;
    .thread T_70;
    .scope S_000001ec34a2ac00;
T_71 ;
    %delay 200000, 0;
    %load/vec4 v000001ec34d1ae30_0;
    %addi 1, 0, 32;
    %store/vec4 v000001ec34d1ae30_0, 0, 32;
    %vpi_call/w 3 108 "$display", "x0=%h x1=%h x2=%h x3=%h", &A<v000001ec34d04a30, 0>, &A<v000001ec34d04a30, 1>, &A<v000001ec34d04a30, 2>, &A<v000001ec34d04a30, 3> {0 0 0};
    %vpi_call/w 3 115 "$display", "x4=%h x5=%h x6=%h x7=%h", &A<v000001ec34d04a30, 4>, &A<v000001ec34d04a30, 5>, &A<v000001ec34d04a30, 6>, &A<v000001ec34d04a30, 7> {0 0 0};
    %vpi_call/w 3 122 "$display", "x8=%h x9=%h x10=%h x11=%h", &A<v000001ec34d04a30, 8>, &A<v000001ec34d04a30, 9>, &A<v000001ec34d04a30, 10>, &A<v000001ec34d04a30, 11> {0 0 0};
    %vpi_call/w 3 129 "$display", "x12=%h x13=%h x14=%h x15=%h", &A<v000001ec34d04a30, 12>, &A<v000001ec34d04a30, 13>, &A<v000001ec34d04a30, 14>, &A<v000001ec34d04a30, 15> {0 0 0};
    %end;
    .thread T_71;
# The file index is used to find the file name in the following table.
:file_names 36;
    "N/A";
    "<interactive>";
    "-";
    "testbench\top_tb.v";
    "Top\top.v";
    "Top\memory_subsystem.v";
    "Interconnects\axi_interconnects.v";
    "Cache\cache_controller.v";
    "Cache\data_cache.v";
    "Cache\lru_memory.v";
    "Prefetcher\prefetch_table.v";
    "Controllers\interconnect_controller.v";
    "Controllers\memory_controller.v";
    "Memory\data_memory.v";
    "Top\processor_pipeline.v";
    "Decode\alu_control.v";
    "Execute\alu.v";
    "Branch_predictor\branch_predictor.v";
    "Decode\control_unit.v";
    "Decode\decode.v";
    "Pipeline\ex_mem.v";
    "Pipeline\forwarding_unit.v";
    "Pipeline\hazard_detection_unit.v";
    "Pipeline\id_ex.v";
    "Pipeline\if_id.v";
    "Decode\immediate_generator.v";
    "Fetch\instruction_memory.v";
    "Pipeline\mem_wb.v";
    "Fetch\PC.v";
    "Decode\register_file.v";
    "systolic_array\systolic_controller.v";
    "systolic_array\matrixA_sram.v";
    "systolic_array\matrixB_sram.v";
    "systolic_array\result_sram.v";
    "systolic_array\systolic_array.v";
    "systolic_array\pe.v";
